{"type":"FeatureCollection","features":[{"type":"Feature","properties":{"geoid":"51041100106","jurisdiction":"Chesterfield","suppressed":false,"rate_bin":4,"rate_bin_label":"2.25% \u2013 3.25%","hot_core":false,"cold_core":false,"zone":1,"zone_label":"Henrico\u2013Chesterfield suburban ring","race_bin":1,"race_bin_label":"Under 20%","pov_bin":1,"pov_bin_label":"Under 10%"},"geometry":{"type":"Polygon","coordinates":[[[-77.56931,37.52295],[-77.56892,37.5232],[-77.56843,37.52326],[-77.56697,37.52283],[-77.5641,37.52293],[-77.56301,37.52311],[-77.56226,37.52314],[-77.56205,37.52329],[-77.56047,37.52327],[-77.55726,37.52363],[-77.55635,37.52403],[-77.55591,37.52437],[-77.55464,37.52555],[-77.55405,37.52591],[-77.55334,37.52606],[-77.54582,37.52787],[-77.54504,37.5281],[-77.53644,37.53012],[-77.53585,37.53023],[-77.53327,37.53085],[-77.53228,37.53113],[-77.52886,37.53187],[-77.52865,37.53193],[-77.52856,37.52983],[-77.52847,37.52623],[-77.52847,37.52548],[-77.53113,37.52331],[-77.53225,37.52229],[-77.53287,37.52161],[-77.53371,37.52024],[-77.53585,37.51531],[-77.53666,37.51385],[-77.53719,37.51312],[-77.53804,37.5122],[-77.53864,37.51165],[-77.53998,37.51065],[-77.54213,37.5093],[-77.54486,37.50748],[-77.54628,37.50673],[-77.54719,37.50637],[-77.54964,37.50556],[-77.55275,37.50453],[-77.55448,37.50459],[-77.55538,37.50473],[-77.5564,37.50502],[-77.55746,37.50691],[-77.55773,37.50796],[-77.55871,37.50834],[-77.55992,37.50956],[-77.56057,37.51014],[-77.56097,37.51125],[-77.56155,37.51341],[-77.56187,37.51383],[-77.56237,37.51423],[-77.56286,37.51478],[-77.56349,37.51619],[-77.56352,37.51646],[-77.56295,37.51801],[-77.56295,37.51853],[-77.56381,37.52094],[-77.56427,37.52174],[-77.56499,37.52223],[-77.56753,37.52243],[-77.56894,37.52278],[-77.56931,37.52295]]]}},{"type":"Feature","properties":{"geoid":"51041100107","jurisdiction":"Chesterfield","suppressed":true,"rate_bin":null,"rate_bin_label":"Fewer than 5 flagged parcels \u2014 rate not shown","hot_core":false,"cold_core":false,"zone":1,"zone_label":"Henrico\u2013Chesterfield suburban ring","race_bin":2,"race_bin_label":"20% \u2013 40%","pov_bin":4,"pov_bin_label":"30% \u2013 40%"},"geometry":{"type":"Polygon","coordinates":[[[-77.54964,37.50556],[-77.54719,37.50637],[-77.54628,37.50673],[-77.54486,37.50748],[-77.54213,37.5093],[-77.53998,37.51065],[-77.53864,37.51165],[-77.53804,37.5122],[-77.53719,37.51312],[-77.53666,37.51385],[-77.53585,37.51531],[-77.53371,37.52024],[-77.53287,37.52161],[-77.53225,37.52229],[-77.53113,37.52331],[-77.52847,37.52548],[-77.52842,37.5249],[-77.52838,37.52167],[-77.52824,37.51823],[-77.52794,37.51706],[-77.52746,37.51636],[-77.5274,37.51608],[-77.52671,37.51599],[-77.52702,37.51521],[-77.52765,37.51481],[-77.52793,37.51377],[-77.52791,37.51231],[-77.52776,37.51094],[-77.52749,37.50939],[-77.52765,37.50937],[-77.52734,37.50808],[-77.5268,37.50617],[-77.52585,37.50385],[-77.52497,37.50296],[-77.52413,37.50238],[-77.52379,37.50192],[-77.52318,37.5019],[-77.52314,37.50171],[-77.53134,37.50021],[-77.53714,37.49916],[-77.53933,37.49871],[-77.54507,37.49743],[-77.54522,37.49788],[-77.54602,37.49963],[-77.54603,37.50004],[-77.54568,37.50119],[-77.54574,37.50164],[-77.54616,37.50237],[-77.54642,37.50261],[-77.54868,37.50427],[-77.54913,37.50473],[-77.54964,37.50556]]]}},{"type":"Feature","properties":{"geoid":"51041100206","jurisdiction":"Chesterfield","suppressed":false,"rate_bin":3,"rate_bin_label":"1.75% \u2013 2.25%","hot_core":false,"cold_core":false,"zone":2,"zone_label":"Southern suburban belt","race_bin":2,"race_bin_label":"20% \u2013 40%","pov_bin":1,"pov_bin_label":"Under 10%"},"geometry":{"type":"Polygon","coordinates":[[[-77.5471,37.45965],[-77.54509,37.46086],[-77.53891,37.46463],[-77.53522,37.46685],[-77.5325,37.46852],[-77.52701,37.47201],[-77.52517,37.47313],[-77.52311,37.46895],[-77.52274,37.46784],[-77.52244,37.46723],[-77.51923,37.46357],[-77.51638,37.46052],[-77.51564,37.45983],[-77.51346,37.45762],[-77.51174,37.4558],[-77.51129,37.455],[-77.51088,37.45274],[-77.51082,37.45222],[-77.5111,37.44993],[-77.51386,37.44905],[-77.51472,37.44668],[-77.51669,37.4484],[-77.51842,37.44483],[-77.51971,37.44535],[-77.52075,37.44247],[-77.52213,37.44349],[-77.52489,37.44438],[-77.52594,37.44106],[-77.52741,37.44296],[-77.52851,37.44345],[-77.53221,37.44315],[-77.53781,37.44545],[-77.53921,37.44495],[-77.54366,37.44671],[-77.54423,37.44683],[-77.54767,37.44684],[-77.55316,37.44434],[-77.55551,37.44575],[-77.56178,37.448],[-77.56449,37.4492],[-77.55482,37.45495],[-77.5471,37.45965]]]}},{"type":"Feature","properties":{"geoid":"51041100208","jurisdiction":"Chesterfield","suppressed":false,"rate_bin":3,"rate_bin_label":"1.75% \u2013 2.25%","hot_core":false,"cold_core":false,"zone":1,"zone_label":"Henrico\u2013Chesterfield suburban ring","race_bin":1,"race_bin_label":"Under 20%","pov_bin":1,"pov_bin_label":"Under 10%"},"geometry":{"type":"Polygon","coordinates":[[[-77.59176,37.46078],[-77.58675,37.46128],[-77.58593,37.4613],[-77.58337,37.46123],[-77.5818,37.46158],[-77.58027,37.46178],[-77.57928,37.46209],[-77.57778,37.46276],[-77.57692,37.46326],[-77.57497,37.46453],[-77.57375,37.46555],[-77.57329,37.46574],[-77.57176,37.46614],[-77.57028,37.46638],[-77.56874,37.46676],[-77.5682,37.46702],[-77.56711,37.46783],[-77.56642,37.46846],[-77.56606,37.46894],[-77.56385,37.47273],[-77.56347,37.47359],[-77.56216,37.47254],[-77.56144,37.47186],[-77.56048,37.47058],[-77.55961,37.46967],[-77.55876,37.46889],[-77.55691,37.46631],[-77.55665,37.46579],[-77.55487,37.46185],[-77.55443,37.46136],[-77.5514,37.46008],[-77.55028,37.45986],[-77.5486,37.46013],[-77.54777,37.46001],[-77.5471,37.45965],[-77.55482,37.45495],[-77.56449,37.4492],[-77.56515,37.45088],[-77.56741,37.45215],[-77.56901,37.45215],[-77.57137,37.45258],[-77.57257,37.45253],[-77.57487,37.45176],[-77.57551,37.45124],[-77.57584,37.45143],[-77.57589,37.45206],[-77.57566,37.45314],[-77.57567,37.4535],[-77.57601,37.45411],[-77.57763,37.45525],[-77.57801,37.45565],[-77.57931,37.45631],[-77.58002,37.45631],[-77.58049,37.45654],[-77.58073,37.45641],[-77.58144,37.45644],[-77.58252,37.4562],[-77.58278,37.4554],[-77.58331,37.45496],[-77.58439,37.45492],[-77.58547,37.45522],[-77.58651,37.45526],[-77.58705,37.45507],[-77.58758,37.45468],[-77.58812,37.45446],[-77.59101,37.45845],[-77.59146,37.4593],[-77.59176,37.46078]]]}},{"type":"Feature","properties":{"geoid":"51041100209","jurisdiction":"Chesterfield","suppressed":false,"rate_bin":4,"rate_bin_label":"2.25% \u2013 3.25%","hot_core":false,"cold_core":false,"zone":1,"zone_label":"Henrico\u2013Chesterfield suburban ring","race_bin":2,"race_bin_label":"20% \u2013 40%","pov_bin":1,"pov_bin_label":"Under 10%"},"geometry":{"type":"Polygon","coordinates":[[[-77.547,37.497],[-77.54507,37.49743],[-77.53933,37.49871],[-77.53714,37.49916],[-77.53633,37.49633],[-77.53569,37.4942],[-77.5351,37.4925],[-77.53503,37.49197],[-77.53476,37.48804],[-77.53455,37.48649],[-77.53426,37.48578],[-77.53364,37.4851],[-77.52998,37.48228],[-77.52936,37.48152],[-77.52735,37.47766],[-77.52517,37.47313],[-77.52701,37.47201],[-77.5325,37.46852],[-77.53522,37.46685],[-77.53891,37.46463],[-77.54509,37.46086],[-77.5471,37.45965],[-77.54777,37.46001],[-77.5486,37.46013],[-77.55028,37.45986],[-77.5514,37.46008],[-77.55443,37.46136],[-77.55487,37.46185],[-77.55665,37.46579],[-77.55691,37.46631],[-77.55876,37.46889],[-77.55961,37.46967],[-77.56048,37.47058],[-77.56144,37.47186],[-77.56216,37.47254],[-77.56347,37.47359],[-77.56254,37.47593],[-77.56223,37.47642],[-77.56142,37.4772],[-77.55936,37.4788],[-77.55833,37.47975],[-77.55767,37.48021],[-77.5567,37.48068],[-77.55601,37.48087],[-77.55522,37.48096],[-77.5536,37.48127],[-77.55328,37.48138],[-77.55143,37.48236],[-77.55056,37.48302],[-77.54992,37.4837],[-77.54957,37.48433],[-77.54913,37.48541],[-77.54826,37.48672],[-77.54762,37.488],[-77.54709,37.48944],[-77.54699,37.49024],[-77.54726,37.49293],[-77.54705,37.4954],[-77.547,37.497]]]}},{"type":"Feature","properties":{"geoid":"51041100210","jurisdiction":"Chesterfield","suppressed":false,"rate_bin":4,"rate_bin_label":"2.25% \u2013 3.25%","hot_core":false,"cold_core":false,"zone":2,"zone_label":"Southern suburban belt","race_bin":3,"race_bin_label":"40% \u2013 60%","pov_bin":2,"pov_bin_label":"10% \u2013 20%"},"geometry":{"type":"Polygon","coordinates":[[[-77.53714,37.49916],[-77.53134,37.50021],[-77.52314,37.50171],[-77.52341,37.50148],[-77.52372,37.50067],[-77.52375,37.49958],[-77.52328,37.49823],[-77.52172,37.49454],[-77.52038,37.49107],[-77.51944,37.48875],[-77.51702,37.48324],[-77.51597,37.48074],[-77.5153,37.48],[-77.5137,37.47925],[-77.51505,37.47888],[-77.51609,37.47851],[-77.51702,37.47805],[-77.52517,37.47313],[-77.52735,37.47766],[-77.52936,37.48152],[-77.52998,37.48228],[-77.53364,37.4851],[-77.53426,37.48578],[-77.53455,37.48649],[-77.53476,37.48804],[-77.53503,37.49197],[-77.5351,37.4925],[-77.53569,37.4942],[-77.53633,37.49633],[-77.53714,37.49916]]]}},{"type":"Feature","properties":{"geoid":"51041100211","jurisdiction":"Chesterfield","suppressed":false,"rate_bin":2,"rate_bin_label":"1.25% \u2013 1.75%","hot_core":false,"cold_core":false,"zone":2,"zone_label":"Southern suburban belt","race_bin":4,"race_bin_label":"60% \u2013 80%","pov_bin":3,"pov_bin_label":"20% \u2013 30%"},"geometry":{"type":"Polygon","coordinates":[[[-77.52517,37.47313],[-77.51702,37.47805],[-77.51609,37.47851],[-77.51505,37.47888],[-77.5137,37.47925],[-77.51365,37.47912],[-77.51431,37.47778],[-77.51432,37.47704],[-77.51407,37.47594],[-77.51355,37.47485],[-77.51225,37.47248],[-77.51081,37.47082],[-77.5093,37.46926],[-77.50743,37.46764],[-77.50717,37.4677],[-77.50569,37.46671],[-77.50392,37.46563],[-77.50074,37.46401],[-77.50074,37.46383],[-77.50017,37.46327],[-77.50122,37.46298],[-77.50203,37.46417],[-77.50386,37.46337],[-77.50528,37.46426],[-77.5072,37.46415],[-77.5074,37.46305],[-77.51638,37.46052],[-77.51923,37.46357],[-77.52244,37.46723],[-77.52274,37.46784],[-77.52311,37.46895],[-77.52517,37.47313]]]}},{"type":"Feature","properties":{"geoid":"51041100212","jurisdiction":"Chesterfield","suppressed":false,"rate_bin":1,"rate_bin_label":"Under 1.25%","hot_core":false,"cold_core":false,"zone":2,"zone_label":"Southern suburban belt","race_bin":3,"race_bin_label":"40% \u2013 60%","pov_bin":3,"pov_bin_label":"20% \u2013 30%"},"geometry":{"type":"Polygon","coordinates":[[[-77.51638,37.46052],[-77.5074,37.46305],[-77.5072,37.46415],[-77.50528,37.46426],[-77.50386,37.46337],[-77.50203,37.46417],[-77.50122,37.46298],[-77.50017,37.46327],[-77.50074,37.46383],[-77.50074,37.46401],[-77.49998,37.46451],[-77.49956,37.4649],[-77.49938,37.46525],[-77.4988,37.46518],[-77.49845,37.46471],[-77.4979,37.46433],[-77.49715,37.46419],[-77.49591,37.46359],[-77.49555,37.46313],[-77.49611,37.46264],[-77.49692,37.4621],[-77.49779,37.46165],[-77.49708,37.46077],[-77.49447,37.45619],[-77.49487,37.45618],[-77.49635,37.45551],[-77.49692,37.45484],[-77.49834,37.45378],[-77.49797,37.4523],[-77.49811,37.45175],[-77.49891,37.44975],[-77.50171,37.45035],[-77.50261,37.45205],[-77.50491,37.45175],[-77.50534,37.45064],[-77.5111,37.44993],[-77.51082,37.45222],[-77.51088,37.45274],[-77.51129,37.455],[-77.51174,37.4558],[-77.51346,37.45762],[-77.51564,37.45983],[-77.51638,37.46052]]]}},{"type":"Feature","properties":{"geoid":"51041100300","jurisdiction":"Chesterfield","suppressed":false,"rate_bin":5,"rate_bin_label":"Over 3.25%","hot_core":false,"cold_core":false,"zone":2,"zone_label":"Southern suburban belt","race_bin":1,"race_bin_label":"Under 20%","pov_bin":3,"pov_bin_label":"20% \u2013 30%"},"geometry":{"type":"Polygon","coordinates":[[[-77.46161,37.46252],[-77.46043,37.46258],[-77.45938,37.46433],[-77.45769,37.46367],[-77.45222,37.46119],[-77.45024,37.4606],[-77.4503,37.46001],[-77.44968,37.45987],[-77.4485,37.45978],[-77.44767,37.45985],[-77.44572,37.46025],[-77.44464,37.46024],[-77.44264,37.46036],[-77.44218,37.46012],[-77.43626,37.45774],[-77.43549,37.45748],[-77.43396,37.4564],[-77.42974,37.45361],[-77.42959,37.45342],[-77.42648,37.45138],[-77.42074,37.44752],[-77.42094,37.4469],[-77.42192,37.44504],[-77.42236,37.44511],[-77.42258,37.44476],[-77.4222,37.44479],[-77.42241,37.44427],[-77.42278,37.44388],[-77.42279,37.44362],[-77.42365,37.44246],[-77.42415,37.44148],[-77.42438,37.44146],[-77.42456,37.44094],[-77.42519,37.44026],[-77.42543,37.43978],[-77.42689,37.43789],[-77.42703,37.43754],[-77.42768,37.43657],[-77.42973,37.43777],[-77.43111,37.43865],[-77.43422,37.43865],[-77.43711,37.43895],[-77.4374,37.44045],[-77.43846,37.43993],[-77.43873,37.43958],[-77.44091,37.43901],[-77.44261,37.43885],[-77.44212,37.44086],[-77.44222,37.44237],[-77.44289,37.44349],[-77.44755,37.44816],[-77.44951,37.44745],[-77.4522,37.44812],[-77.45278,37.44803],[-77.45502,37.44866],[-77.45588,37.44925],[-77.45605,37.44981],[-77.45526,37.45047],[-77.45542,37.45107],[-77.45601,37.45102],[-77.45627,37.45126],[-77.4569,37.45215],[-77.45778,37.45285],[-77.459,37.45326],[-77.46051,37.45765],[-77.45911,37.46005],[-77.4606,37.46237],[-77.46161,37.46232],[-77.46161,37.46252]]]}},{"type":"Feature","properties":{"geoid":"51041100403","jurisdiction":"Chesterfield","suppressed":false,"rate_bin":2,"rate_bin_label":"1.25% \u2013 1.75%","hot_core":false,"cold_core":false,"zone":2,"zone_label":"Southern suburban belt","race_bin":2,"race_bin_label":"20% \u2013 40%","pov_bin":1,"pov_bin_label":"Under 10%"},"geometry":{"type":"Polygon","coordinates":[[[-77.42973,37.43777],[-77.42768,37.43657],[-77.42861,37.43459],[-77.42863,37.43393],[-77.42896,37.43324],[-77.42899,37.43216],[-77.42865,37.4306],[-77.42899,37.43066],[-77.42845,37.42998],[-77.42816,37.42923],[-77.42825,37.42895],[-77.42798,37.42871],[-77.42779,37.428],[-77.4273,37.42688],[-77.42687,37.42615],[-77.42625,37.42542],[-77.4251,37.42437],[-77.42365,37.4235],[-77.4232,37.42332],[-77.42223,37.42273],[-77.42128,37.42232],[-77.42065,37.42182],[-77.41991,37.42153],[-77.41915,37.4215],[-77.41869,37.42128],[-77.41797,37.4214],[-77.41546,37.42147],[-77.41542,37.42122],[-77.41479,37.42085],[-77.41447,37.42043],[-77.41412,37.41973],[-77.41346,37.4199],[-77.41377,37.42101],[-77.41444,37.42161],[-77.41383,37.42169],[-77.41294,37.42162],[-77.41208,37.42175],[-77.41177,37.4219],[-77.41012,37.42228],[-77.40916,37.42259],[-77.40768,37.42283],[-77.4069,37.42306],[-77.4062,37.42306],[-77.40608,37.4228],[-77.40676,37.42242],[-77.40687,37.42169],[-77.40645,37.42077],[-77.40678,37.42007],[-77.40659,37.41982],[-77.40602,37.41962],[-77.40425,37.41841],[-77.40364,37.41788],[-77.40301,37.418],[-77.40234,37.41883],[-77.40221,37.41933],[-77.40171,37.41989],[-77.40157,37.42028],[-77.40171,37.4208],[-77.40257,37.42199],[-77.40312,37.42204],[-77.40362,37.42254],[-77.40409,37.42274],[-77.40461,37.42249],[-77.40526,37.42285],[-77.40561,37.4229],[-77.40572,37.42328],[-77.40448,37.42362],[-77.40428,37.42346],[-77.40307,37.42355],[-77.4029,37.42333],[-77.40165,37.42295],[-77.40059,37.42239],[-77.40029,37.42206],[-77.39908,37.42127],[-77.39875,37.42096],[-77.39831,37.42004],[-77.39801,37.41897],[-77.39762,37.41791],[-77.39722,37.4157],[-77.39697,37.41499],[-77.39671,37.41465],[-77.39668,37.41408],[-77.39638,37.41378],[-77.39656,37.41293],[-77.39626,37.4125],[-77.39611,37.41154],[-77.39605,37.41049],[-77.39578,37.4083],[-77.39593,37.40784],[-77.39566,37.40748],[-77.39707,37.40716],[-77.3968,37.407],[-77.39572,37.40711],[-77.39552,37.40657],[-77.39569,37.40635],[-77.39547,37.40607],[-77.39499,37.40481],[-77.39566,37.40515],[-77.39587,37.4055],[-77.3964,37.40534],[-77.39687,37.40566],[-77.39854,37.40538],[-77.39835,37.40501],[-77.39752,37.40438],[-77.39714,37.40433],[-77.39635,37.40448],[-77.39556,37.40448],[-77.39523,37.40433],[-77.39621,37.40389],[-77.39731,37.40381],[-77.39707,37.4036],[-77.39644,37.40364],[-77.39561,37.40349],[-77.39431,37.40364],[-77.39331,37.40259],[-77.39278,37.4022],[-77.39245,37.4018],[-77.39201,37.40153],[-77.39152,37.40104],[-77.39078,37.40081],[-77.39053,37.4004],[-77.38962,37.40018],[-77.38954,37.39978],[-77.38858,37.39966],[-77.38838,37.3992],[-77.38752,37.39903],[-77.38716,37.39876],[-77.38612,37.39851],[-77.38608,37.39816],[-77.38551,37.39816],[-77.38459,37.39753],[-77.38459,37.39728],[-77.38399,37.39651],[-77.38384,37.39576],[-77.38391,37.39498],[-77.38426,37.39407],[-77.38517,37.39279],[-77.38543,37.39201],[-77.38577,37.39153],[-77.38571,37.39095],[-77.38593,37.39048],[-77.38609,37.38918],[-77.3865,37.38818],[-77.38614,37.38778],[-77.38665,37.38713],[-77.38601,37.38692],[-77.38618,37.38661],[-77.38746,37.38664],[-77.38767,37.38627],[-77.38673,37.38624],[-77.38622,37.38635],[-77.38596,37.38604],[-77.38561,37.38603],[-77.38405,37.38449],[-77.38317,37.38397],[-77.38214,37.38354],[-77.38085,37.38317],[-77.37982,37.38305],[-77.37768,37.38226],[-77.37574,37.3817],[-77.37537,37.3831],[-77.3755,37.38329],[-77.37495,37.38371],[-77.37433,37.38382],[-77.37367,37.3844],[-77.37346,37.38509],[-77.37338,37.38661],[-77.37355,37.38816],[-77.37327,37.3891],[-77.37268,37.3902],[-77.37178,37.39107],[-77.37085,37.39164],[-77.3695,37.39204],[-77.36885,37.39203],[-77.36722,37.39164],[-77.36521,37.39092],[-77.3643,37.39045],[-77.36216,37.38917],[-77.36081,37.38816],[-77.35947,37.38676],[-77.35874,37.38568],[-77.35881,37.38548],[-77.35971,37.38514],[-77.35913,37.38525],[-77.35844,37.38513],[-77.35789,37.38419],[-77.35812,37.38368],[-77.35771,37.38353],[-77.35771,37.38284],[-77.35809,37.38202],[-77.35828,37.38115],[-77.35908,37.38051],[-77.35907,37.37968],[-77.3594,37.37937],[-77.36034,37.37908],[-77.36102,37.37843],[-77.36115,37.3767],[-77.36194,37.37606],[-77.36035,37.37488],[-77.35946,37.37561],[-77.35791,37.37639],[-77.3564,37.37685],[-77.35138,37.37785],[-77.35043,37.37823],[-77.34923,37.37847],[-77.34663,37.37849],[-77.34593,37.37861],[-77.34578,37.37844],[-77.34483,37.37836],[-77.34358,37.37804],[-77.34268,37.3782],[-77.34059,37.37804],[-77.34029,37.37816],[-77.33892,37.37806],[-77.33852,37.37815],[-77.33781,37.37788],[-77.33729,37.37807],[-77.33581,37.37788],[-77.3356,37.37826],[-77.33505,37.37837],[-77.33507,37.37775],[-77.33355,37.37782],[-77.33335,37.37764],[-77.33289,37.37765],[-77.33237,37.37746],[-77.33184,37.37756],[-77.33153,37.37783],[-77.33148,37.37754],[-77.32965,37.37762],[-77.32815,37.3774],[-77.32806,37.37728],[-77.32755,37.37768],[-77.32749,37.37744],[-77.3262,37.3776],[-77.32518,37.37788],[-77.3238,37.37843],[-77.32095,37.37928],[-77.31871,37.38017],[-77.31828,37.38041],[-77.31695,37.38145],[-77.31582,37.38253],[-77.31559,37.38284],[-77.31474,37.38469],[-77.31392,37.38595],[-77.3131,37.38705],[-77.31246,37.3877],[-77.31167,37.38885],[-77.31134,37.38962],[-77.31092,37.39022],[-77.31099,37.39056],[-77.31062,37.39101],[-77.31023,37.39117],[-77.31028,37.39149],[-77.30962,37.39246],[-77.30949,37.39232],[-77.30901,37.39249],[-77.30901,37.3922],[-77.3087,37.39247],[-77.30875,37.39297],[-77.30914,37.39311],[-77.30895,37.39262],[-77.30942,37.39302],[-77.30898,37.39393],[-77.3088,37.39382],[-77.30842,37.39409],[-77.30861,37.39427],[-77.30812,37.39437],[-77.30812,37.39454],[-77.30877,37.39432],[-77.30877,37.39477],[-77.30855,37.39523],[-77.30841,37.39632],[-77.30849,37.39757],[-77.30866,37.39763],[-77.30826,37.39845],[-77.30846,37.39883],[-77.30917,37.39902],[-77.30918,37.39925],[-77.30978,37.4],[-77.30979,37.40022],[-77.30899,37.40025],[-77.30901,37.40059],[-77.30928,37.40047],[-77.30949,37.40127],[-77.30947,37.40244],[-77.30937,37.40294],[-77.30885,37.4036],[-77.30865,37.40402],[-77.30797,37.40467],[-77.30731,37.40508],[-77.30639,37.4055],[-77.30475,37.40594],[-77.30421,37.40594],[-77.30234,37.40575],[-77.30063,37.40524],[-77.29997,37.4051],[-77.29885,37.40439],[-77.29829,37.40378],[-77.29804,37.403],[-77.29808,37.40273],[-77.29847,37.40275],[-77.29797,37.40244],[-77.29786,37.40205],[-77.29766,37.39979],[-77.29744,37.39854],[-77.29732,37.3967],[-77.29763,37.39456],[-77.29794,37.39329],[-77.29817,37.39268],[-77.2982,37.39209],[-77.29848,37.39176],[-77.29884,37.39084],[-77.2988,37.39065],[-77.30004,37.38887],[-77.29989,37.38933],[-77.30024,37.38896],[-77.30117,37.38751],[-77.30168,37.3869],[-77.30264,37.38543],[-77.30331,37.38457],[-77.3053,37.38186],[-77.3048,37.38145],[-77.30522,37.3807],[-77.30542,37.38009],[-77.30636,37.38044],[-77.30628,37.38001],[-77.30574,37.3798],[-77.30612,37.37935],[-77.30607,37.37883],[-77.30634,37.37846],[-77.30713,37.37769],[-77.30773,37.37734],[-77.30796,37.37662],[-77.30848,37.37558],[-77.30884,37.37517],[-77.30999,37.37449],[-77.31153,37.37328],[-77.31132,37.37261],[-77.31139,37.37233],[-77.31117,37.37123],[-77.31128,37.37083],[-77.31099,37.37008],[-77.31114,37.36849],[-77.31081,37.36687],[-77.31075,37.36578],[-77.3103,37.36528],[-77.31006,37.36482],[-77.30979,37.36396],[-77.30919,37.36273],[-77.30844,37.3622],[-77.30802,37.36141],[-77.3074,37.36085],[-77.30668,37.36],[-77.30537,37.35908],[-77.30513,37.3586],[-77.30379,37.35793],[-77.30239,37.3574],[-77.30082,37.35662],[-77.29766,37.35545],[-77.29607,37.35481],[-77.29447,37.35425],[-77.29352,37.35372],[-77.29283,37.35344],[-77.29175,37.35329],[-77.2908,37.35296],[-77.28936,37.35265],[-77.28785,37.35221],[-77.28646,37.35197],[-77.28504,37.35199],[-77.28334,37.35206],[-77.28223,37.35196],[-77.28141,37.35209],[-77.27971,37.35206],[-77.27826,37.35234],[-77.27708,37.35223],[-77.27263,37.35326],[-77.27303,37.35372],[-77.27273,37.35386],[-77.27138,37.35478],[-77.2697,37.3562],[-77.26826,37.35789],[-77.26784,37.35854],[-77.26741,37.35945],[-77.26703,37.36071],[-77.26701,37.36234],[-77.26723,37.36413],[-77.26725,37.36478],[-77.26761,37.36696],[-77.26753,37.36734],[-77.26767,37.36823],[-77.26787,37.3704],[-77.2679,37.37139],[-77.26779,37.37168],[-77.26779,37.37251],[-77.26753,37.37349],[-77.267,37.37468],[-77.26647,37.37548],[-77.26623,37.37555],[-77.26589,37.37604],[-77.26556,37.37591],[-77.2652,37.37648],[-77.26432,37.37647],[-77.26414,37.37678],[-77.26393,37.37667],[-77.26354,37.37719],[-77.26306,37.37743],[-77.26201,37.37756],[-77.26278,37.37782],[-77.26382,37.37829],[-77.26299,37.37862],[-77.2625,37.37866],[-77.26161,37.37892],[-77.26122,37.37921],[-77.25962,37.3795],[-77.25909,37.37944],[-77.25857,37.37964],[-77.2575,37.37965],[-77.25659,37.37977],[-77.25618,37.37965],[-77.25689,37.37952],[-77.25782,37.37915],[-77.25678,37.37924],[-77.25628,37.37941],[-77.25574,37.37919],[-77.25534,37.37872],[-77.25538,37.37839],[-77.25504,37.37801],[-77.2547,37.37789],[-77.25505,37.3785],[-77.255,37.37914],[-77.25368,37.37913],[-77.25157,37.37935],[-77.25072,37.38097],[-77.25035,37.38141],[-77.24966,37.382],[-77.24858,37.3815],[-77.24782,37.38078],[-77.24694,37.3796],[-77.24644,37.37869],[-77.24615,37.37793],[-77.2461,37.377],[-77.24593,37.37589],[-77.24532,37.37438],[-77.24494,37.37319],[-77.24427,37.37056],[-77.24417,37.36927],[-77.24484,37.36707],[-77.24569,37.36505],[-77.24779,37.3609],[-77.24902,37.35926],[-77.2497,37.35888],[-77.26459,37.34405],[-77.26711,37.34005],[-77.2679,37.33695],[-77.27157,37.32656],[-77.27067,37.32076],[-77.27159,37.32101],[-77.27269,37.32109],[-77.27383,37.32101],[-77.28074,37.31946],[-77.28195,37.31901],[-77.28252,37.3186],[-77.28266,37.31808],[-77.28226,37.31506],[-77.28227,37.3142],[-77.28253,37.31375],[-77.28296,37.31343],[-77.28402,37.31301],[-77.28728,37.31685],[-77.28765,37.31575],[-77.28802,37.3154],[-77.28876,37.31492],[-77.28941,37.31468],[-77.28984,37.31388],[-77.29106,37.31325],[-77.29208,37.31294],[-77.29316,37.31275],[-77.29389,37.31267],[-77.29617,37.31262],[-77.2965,37.31266],[-77.29617,37.31141],[-77.29646,37.31135],[-77.29623,37.31022],[-77.29659,37.3108],[-77.29746,37.31411],[-77.29778,37.31484],[-77.29848,37.31565],[-77.29941,37.31626],[-77.30673,37.31954],[-77.30769,37.32003],[-77.31671,37.32543],[-77.31804,37.32637],[-77.31864,37.32689],[-77.32455,37.33254],[-77.33004,37.33781],[-77.33162,37.33941],[-77.33545,37.34306],[-77.33635,37.34386],[-77.33699,37.34432],[-77.33807,37.34492],[-77.33975,37.34556],[-77.34072,37.34581],[-77.35943,37.34932],[-77.36138,37.3495],[-77.36545,37.34958],[-77.37698,37.34986],[-77.37846,37.34991],[-77.37971,37.35001],[-77.38278,37.35042],[-77.38387,37.3506],[-77.38535,37.35091],[-77.39663,37.35372],[-77.39832,37.35413],[-77.39989,37.35438],[-77.40076,37.35446],[-77.4045,37.35462],[-77.40411,37.35804],[-77.4039,37.35948],[-77.4038,37.36061],[-77.40348,37.3632],[-77.40336,37.3649],[-77.40338,37.36593],[-77.40357,37.36787],[-77.40406,37.37],[-77.40447,37.37123],[-77.40508,37.37266],[-77.40605,37.37448],[-77.40682,37.3756],[-77.40777,37.37684],[-77.40859,37.37778],[-77.40998,37.37913],[-77.41159,37.38046],[-77.41632,37.38401],[-77.4172,37.38477],[-77.41869,37.38621],[-77.41951,37.38714],[-77.42083,37.38892],[-77.42198,37.3909],[-77.42279,37.39273],[-77.42314,37.39377],[-77.42359,37.39563],[-77.42405,37.3982],[-77.42583,37.40854],[-77.42742,37.41776],[-77.42825,37.42249],[-77.42874,37.42439],[-77.42901,37.42526],[-77.42999,37.42804],[-77.43139,37.43193],[-77.43163,37.43315],[-77.4316,37.43409],[-77.43138,37.43506],[-77.43096,37.43603],[-77.43042,37.43689],[-77.42973,37.43777]]]}},{"type":"Feature","properties":{"geoid":"51041100404","jurisdiction":"Chesterfield","suppressed":true,"rate_bin":null,"rate_bin_label":"Fewer than 5 flagged parcels \u2014 rate not shown","hot_core":false,"cold_core":false,"zone":2,"zone_label":"Southern suburban belt","race_bin":2,"race_bin_label":"20% \u2013 40%","pov_bin":2,"pov_bin_label":"10% \u2013 20%"},"geometry":{"type":"Polygon","coordinates":[[[-77.43953,37.43186],[-77.4393,37.43358],[-77.43861,37.43799],[-77.43858,37.43865],[-77.43873,37.43958],[-77.43846,37.43993],[-77.4374,37.44045],[-77.43711,37.43895],[-77.43422,37.43865],[-77.43111,37.43865],[-77.42973,37.43777],[-77.43042,37.43689],[-77.43096,37.43603],[-77.43138,37.43506],[-77.4316,37.43409],[-77.43163,37.43315],[-77.43139,37.43193],[-77.42999,37.42804],[-77.42901,37.42526],[-77.42874,37.42439],[-77.42825,37.42249],[-77.42742,37.41776],[-77.42583,37.40854],[-77.43386,37.40772],[-77.43438,37.40979],[-77.43467,37.41071],[-77.43533,37.41329],[-77.43902,37.42684],[-77.4397,37.42942],[-77.43976,37.43001],[-77.43953,37.43186]]]}},{"type":"Feature","properties":{"geoid":"51041100405","jurisdiction":"Chesterfield","suppressed":false,"rate_bin":4,"rate_bin_label":"2.25% \u2013 3.25%","hot_core":false,"cold_core":false,"zone":2,"zone_label":"Southern suburban belt","race_bin":3,"race_bin_label":"40% \u2013 60%","pov_bin":3,"pov_bin_label":"20% \u2013 30%"},"geometry":{"type":"Polygon","coordinates":[[[-77.45335,37.43758],[-77.45323,37.44168],[-77.45289,37.4444],[-77.45264,37.4459],[-77.4522,37.44812],[-77.44951,37.44745],[-77.44755,37.44816],[-77.44289,37.44349],[-77.44222,37.44237],[-77.44212,37.44086],[-77.44261,37.43885],[-77.44091,37.43901],[-77.43873,37.43958],[-77.43858,37.43865],[-77.43861,37.43799],[-77.4393,37.43358],[-77.43953,37.43186],[-77.43975,37.43184],[-77.4426,37.43119],[-77.44755,37.42993],[-77.44818,37.42982],[-77.44837,37.42992],[-77.45176,37.43401],[-77.45294,37.43603],[-77.45314,37.43758],[-77.45335,37.43758]]]}},{"type":"Feature","properties":{"geoid":"51041100406","jurisdiction":"Chesterfield","suppressed":false,"rate_bin":2,"rate_bin_label":"1.25% \u2013 1.75%","hot_core":false,"cold_core":false,"zone":2,"zone_label":"Southern suburban belt","race_bin":3,"race_bin_label":"40% \u2013 60%","pov_bin":3,"pov_bin_label":"20% \u2013 30%"},"geometry":{"type":"Polygon","coordinates":[[[-77.45335,37.43758],[-77.45314,37.43758],[-77.45294,37.43603],[-77.45176,37.43401],[-77.44837,37.42992],[-77.44818,37.42982],[-77.44755,37.42993],[-77.4426,37.43119],[-77.43975,37.43184],[-77.43953,37.43186],[-77.43976,37.43001],[-77.4397,37.42942],[-77.43902,37.42684],[-77.43533,37.41329],[-77.43467,37.41071],[-77.43438,37.40979],[-77.43386,37.40772],[-77.43554,37.40802],[-77.43644,37.40926],[-77.43671,37.40945],[-77.44422,37.41045],[-77.4465,37.40916],[-77.44952,37.40836],[-77.45375,37.40855],[-77.45374,37.41206],[-77.45365,37.41983],[-77.45365,37.42154],[-77.45351,37.42745],[-77.45347,37.43055],[-77.45337,37.43445],[-77.45335,37.43758]]]}},{"type":"Feature","properties":{"geoid":"51041100407","jurisdiction":"Chesterfield","suppressed":false,"rate_bin":5,"rate_bin_label":"Over 3.25%","hot_core":false,"cold_core":false,"zone":2,"zone_label":"Southern suburban belt","race_bin":1,"race_bin_label":"Under 20%","pov_bin":3,"pov_bin_label":"20% \u2013 30%"},"geometry":{"type":"Polygon","coordinates":[[[-77.45375,37.40855],[-77.44952,37.40836],[-77.4465,37.40916],[-77.44422,37.41045],[-77.43671,37.40945],[-77.43644,37.40926],[-77.43554,37.40802],[-77.43386,37.40772],[-77.42583,37.40854],[-77.42405,37.3982],[-77.42359,37.39563],[-77.42314,37.39377],[-77.42279,37.39273],[-77.42198,37.3909],[-77.42083,37.38892],[-77.41951,37.38714],[-77.41869,37.38621],[-77.4172,37.38477],[-77.41632,37.38401],[-77.41159,37.38046],[-77.40998,37.37913],[-77.40859,37.37778],[-77.41066,37.37717],[-77.41202,37.37694],[-77.4137,37.37686],[-77.41712,37.37694],[-77.42525,37.37722],[-77.42674,37.37736],[-77.4281,37.37759],[-77.43012,37.37815],[-77.43183,37.37888],[-77.43662,37.38148],[-77.44918,37.38834],[-77.45197,37.3897],[-77.45405,37.39064],[-77.454,37.39573],[-77.45383,37.40281],[-77.45387,37.40485],[-77.45375,37.40855]]]}},{"type":"Feature","properties":{"geoid":"51041100409","jurisdiction":"Chesterfield","suppressed":false,"rate_bin":4,"rate_bin_label":"2.25% \u2013 3.25%","hot_core":false,"cold_core":false,"zone":2,"zone_label":"Southern suburban belt","race_bin":2,"race_bin_label":"20% \u2013 40%","pov_bin":1,"pov_bin_label":"Under 10%"},"geometry":{"type":"Polygon","coordinates":[[[-77.45429,37.38093],[-77.45425,37.38584],[-77.45405,37.39064],[-77.45197,37.3897],[-77.44918,37.38834],[-77.43662,37.38148],[-77.43183,37.37888],[-77.43012,37.37815],[-77.4281,37.37759],[-77.42674,37.37736],[-77.42525,37.37722],[-77.41712,37.37694],[-77.4137,37.37686],[-77.41202,37.37694],[-77.41066,37.37717],[-77.40859,37.37778],[-77.40777,37.37684],[-77.40682,37.3756],[-77.40605,37.37448],[-77.40508,37.37266],[-77.40447,37.37123],[-77.40406,37.37],[-77.40357,37.36787],[-77.40338,37.36593],[-77.40336,37.3649],[-77.40348,37.3632],[-77.4038,37.36061],[-77.4039,37.35948],[-77.40411,37.35804],[-77.4045,37.35462],[-77.41048,37.35489],[-77.41299,37.35503],[-77.41325,37.35497],[-77.41488,37.35519],[-77.41897,37.35604],[-77.4207,37.35637],[-77.4246,37.35718],[-77.42688,37.35787],[-77.42893,37.35829],[-77.43011,37.3587],[-77.43124,37.35922],[-77.43183,37.3594],[-77.43298,37.3595],[-77.43467,37.35981],[-77.43569,37.35984],[-77.43653,37.35973],[-77.4385,37.35931],[-77.43955,37.3588],[-77.44067,37.35792],[-77.44121,37.35769],[-77.44343,37.35722],[-77.44411,37.35816],[-77.44557,37.36036],[-77.44717,37.36265],[-77.44839,37.36426],[-77.45085,37.36771],[-77.45256,37.37036],[-77.45343,37.37222],[-77.45386,37.37353],[-77.45422,37.37525],[-77.45429,37.37687],[-77.45429,37.38093]]]}},{"type":"Feature","properties":{"geoid":"51041100410","jurisdiction":"Chesterfield","suppressed":false,"rate_bin":1,"rate_bin_label":"Under 1.25%","hot_core":false,"cold_core":false,"zone":2,"zone_label":"Southern suburban belt","race_bin":3,"race_bin_label":"40% \u2013 60%","pov_bin":2,"pov_bin_label":"10% \u2013 20%"},"geometry":{"type":"Polygon","coordinates":[[[-77.45256,37.37036],[-77.45085,37.36771],[-77.44839,37.36426],[-77.44717,37.36265],[-77.44557,37.36036],[-77.44411,37.35816],[-77.44343,37.35722],[-77.44452,37.35683],[-77.44719,37.35564],[-77.44872,37.35477],[-77.45248,37.35227],[-77.45322,37.35192],[-77.45507,37.35159],[-77.46449,37.35016],[-77.46391,37.35175],[-77.4619,37.35236],[-77.45849,37.35809],[-77.4576,37.36097],[-77.46001,37.36375],[-77.45891,37.36675],[-77.45256,37.37036]]]}},{"type":"Feature","properties":{"geoid":"51041100505","jurisdiction":"Chesterfield","suppressed":false,"rate_bin":4,"rate_bin_label":"2.25% \u2013 3.25%","hot_core":false,"cold_core":false,"zone":2,"zone_label":"Southern suburban belt","race_bin":1,"race_bin_label":"Under 20%","pov_bin":1,"pov_bin_label":"Under 10%"},"geometry":{"type":"Polygon","coordinates":[[[-77.47145,37.34964],[-77.46977,37.34954],[-77.46811,37.34963],[-77.46449,37.35016],[-77.45507,37.35159],[-77.45322,37.35192],[-77.45248,37.35227],[-77.44872,37.35477],[-77.44719,37.35564],[-77.44452,37.35683],[-77.44343,37.35722],[-77.44121,37.35769],[-77.44067,37.35792],[-77.43955,37.3588],[-77.4385,37.35931],[-77.43653,37.35973],[-77.43569,37.35984],[-77.43467,37.35981],[-77.43298,37.3595],[-77.43183,37.3594],[-77.43124,37.35922],[-77.43011,37.3587],[-77.42893,37.35829],[-77.42688,37.35787],[-77.4246,37.35718],[-77.4207,37.35637],[-77.41897,37.35604],[-77.41488,37.35519],[-77.41325,37.35497],[-77.41299,37.35503],[-77.41048,37.35489],[-77.4045,37.35462],[-77.40491,37.35146],[-77.40567,37.3451],[-77.40572,37.34421],[-77.40566,37.34273],[-77.40724,37.34257],[-77.40904,37.34217],[-77.4086,37.34052],[-77.4082,37.33758],[-77.41037,37.3371],[-77.41251,37.33646],[-77.41328,37.33619],[-77.41442,37.33568],[-77.41548,37.33502],[-77.41586,37.3346],[-77.41704,37.33544],[-77.41835,37.33628],[-77.41951,37.33772],[-77.42021,37.33914],[-77.42029,37.3395],[-77.4209,37.34034],[-77.42216,37.34182],[-77.422,37.34205],[-77.42235,37.34267],[-77.42293,37.34274],[-77.42398,37.34331],[-77.42494,37.34283],[-77.42568,37.3427],[-77.42685,37.34281],[-77.42802,37.34276],[-77.42936,37.34252],[-77.43018,37.34254],[-77.43161,37.34247],[-77.43255,37.34264],[-77.43403,37.3427],[-77.43502,37.34235],[-77.43641,37.34219],[-77.43743,37.3418],[-77.43866,37.34178],[-77.4395,37.34188],[-77.44086,37.34179],[-77.44236,37.3416],[-77.44362,37.34156],[-77.44523,37.34161],[-77.44566,37.3417],[-77.44609,37.337],[-77.44616,37.33566],[-77.44603,37.3351],[-77.44551,37.33433],[-77.44286,37.3317],[-77.4446,37.33174],[-77.44642,37.3319],[-77.44702,37.33173],[-77.44797,37.33134],[-77.4493,37.33114],[-77.44948,37.33161],[-77.45026,37.33207],[-77.453,37.33339],[-77.45351,37.3336],[-77.45444,37.33383],[-77.45503,37.33385],[-77.4598,37.33357],[-77.46038,37.33511],[-77.46067,37.33536],[-77.46165,37.33581],[-77.46224,37.33638],[-77.46364,37.33802],[-77.46518,37.3393],[-77.46603,37.33978],[-77.4669,37.34001],[-77.46743,37.34044],[-77.46768,37.34185],[-77.46857,37.3447],[-77.46898,37.34588],[-77.46936,37.34669],[-77.46966,37.347],[-77.47106,37.34797],[-77.4714,37.34834],[-77.47155,37.34905],[-77.47145,37.34964]]]}},{"type":"Feature","properties":{"geoid":"51041100506","jurisdiction":"Chesterfield","suppressed":false,"rate_bin":2,"rate_bin_label":"1.25% \u2013 1.75%","hot_core":false,"cold_core":false,"zone":2,"zone_label":"Southern suburban belt","race_bin":1,"race_bin_label":"Under 20%","pov_bin":1,"pov_bin_label":"Under 10%"},"geometry":{"type":"Polygon","coordinates":[[[-77.40566,37.34273],[-77.4055,37.34166],[-77.4051,37.34008],[-77.40443,37.33841],[-77.40371,37.33708],[-77.40071,37.33195],[-77.40014,37.33079],[-77.39978,37.32968],[-77.39951,37.32796],[-77.39955,37.32669],[-77.39967,37.32588],[-77.40043,37.32276],[-77.40066,37.32158],[-77.40078,37.32057],[-77.40079,37.31912],[-77.40069,37.31805],[-77.40046,37.31683],[-77.40017,37.31576],[-77.39948,37.31407],[-77.39869,37.31265],[-77.39326,37.30453],[-77.39234,37.30302],[-77.3917,37.30168],[-77.39133,37.30067],[-77.39104,37.29962],[-77.39079,37.2981],[-77.39072,37.2967],[-77.39078,37.29433],[-77.39074,37.29347],[-77.3904,37.29136],[-77.38915,37.28736],[-77.38938,37.28737],[-77.39033,37.2872],[-77.39099,37.28655],[-77.39132,37.28651],[-77.39184,37.28616],[-77.39249,37.28602],[-77.39241,37.2867],[-77.39265,37.28695],[-77.39325,37.28676],[-77.39513,37.28697],[-77.39622,37.28742],[-77.39668,37.28812],[-77.39704,37.28831],[-77.3976,37.2889],[-77.39787,37.28956],[-77.39809,37.29047],[-77.39788,37.29075],[-77.39804,37.29116],[-77.39793,37.29148],[-77.39911,37.29183],[-77.39937,37.29222],[-77.40051,37.29214],[-77.40078,37.29224],[-77.40094,37.29302],[-77.4005,37.29366],[-77.40075,37.29416],[-77.40197,37.29407],[-77.40221,37.29415],[-77.40237,37.29462],[-77.402,37.29536],[-77.40219,37.29673],[-77.40245,37.29698],[-77.40246,37.29804],[-77.40269,37.29805],[-77.40316,37.29876],[-77.40398,37.29907],[-77.40421,37.29948],[-77.40501,37.29968],[-77.40478,37.30067],[-77.40426,37.30143],[-77.40375,37.30198],[-77.40378,37.30217],[-77.40622,37.30427],[-77.40726,37.30542],[-77.40803,37.30641],[-77.40969,37.30839],[-77.41167,37.31055],[-77.41268,37.312],[-77.41325,37.3131],[-77.41452,37.3153],[-77.41568,37.31696],[-77.41626,37.31835],[-77.41662,37.31876],[-77.41743,37.31946],[-77.41869,37.32072],[-77.41979,37.32164],[-77.42052,37.32209],[-77.42137,37.32229],[-77.42463,37.32256],[-77.42516,37.32273],[-77.42632,37.32344],[-77.42759,37.32401],[-77.42913,37.32499],[-77.43059,37.32612],[-77.43148,37.3266],[-77.43211,37.32675],[-77.4335,37.32665],[-77.43481,37.32666],[-77.43591,37.32659],[-77.4366,37.32683],[-77.43691,37.32715],[-77.4395,37.33031],[-77.43978,37.33057],[-77.4409,37.33126],[-77.44201,37.33162],[-77.44286,37.3317],[-77.44551,37.33433],[-77.44603,37.3351],[-77.44616,37.33566],[-77.44609,37.337],[-77.44566,37.3417],[-77.44523,37.34161],[-77.44362,37.34156],[-77.44236,37.3416],[-77.44086,37.34179],[-77.4395,37.34188],[-77.43866,37.34178],[-77.43743,37.3418],[-77.43641,37.34219],[-77.43502,37.34235],[-77.43403,37.3427],[-77.43255,37.34264],[-77.43161,37.34247],[-77.43018,37.34254],[-77.42936,37.34252],[-77.42802,37.34276],[-77.42685,37.34281],[-77.42568,37.3427],[-77.42494,37.34283],[-77.42398,37.34331],[-77.42293,37.34274],[-77.42235,37.34267],[-77.422,37.34205],[-77.42216,37.34182],[-77.4209,37.34034],[-77.42029,37.3395],[-77.42021,37.33914],[-77.41951,37.33772],[-77.41835,37.33628],[-77.41704,37.33544],[-77.41586,37.3346],[-77.41548,37.33502],[-77.41442,37.33568],[-77.41328,37.33619],[-77.41251,37.33646],[-77.41037,37.3371],[-77.4082,37.33758],[-77.4086,37.34052],[-77.40904,37.34217],[-77.40724,37.34257],[-77.40566,37.34273]]]}},{"type":"Feature","properties":{"geoid":"51041100507","jurisdiction":"Chesterfield","suppressed":false,"rate_bin":3,"rate_bin_label":"1.75% \u2013 2.25%","hot_core":false,"cold_core":false,"zone":2,"zone_label":"Southern suburban belt","race_bin":2,"race_bin_label":"20% \u2013 40%","pov_bin":1,"pov_bin_label":"Under 10%"},"geometry":{"type":"Polygon","coordinates":[[[-77.4598,37.33357],[-77.45503,37.33385],[-77.45444,37.33383],[-77.45351,37.3336],[-77.453,37.33339],[-77.45026,37.33207],[-77.44948,37.33161],[-77.4493,37.33114],[-77.44797,37.33134],[-77.44702,37.33173],[-77.44642,37.3319],[-77.4446,37.33174],[-77.44286,37.3317],[-77.44048,37.32942],[-77.43896,37.32788],[-77.43857,37.32734],[-77.43741,37.32551],[-77.43517,37.32189],[-77.43257,37.31777],[-77.43213,37.31697],[-77.43101,37.31448],[-77.42901,37.30982],[-77.42828,37.30816],[-77.42529,37.30119],[-77.42352,37.29716],[-77.42285,37.29612],[-77.42222,37.29551],[-77.41846,37.29296],[-77.4173,37.29186],[-77.41661,37.29097],[-77.4145,37.28838],[-77.41407,37.28799],[-77.41255,37.28692],[-77.41169,37.28641],[-77.41191,37.28503],[-77.41241,37.28313],[-77.41232,37.28303],[-77.413,37.28319],[-77.41355,37.28294],[-77.41445,37.28224],[-77.41481,37.28255],[-77.41536,37.28226],[-77.4246,37.28365],[-77.4265,37.28305],[-77.42601,37.28055],[-77.4268,37.27844],[-77.42311,37.27446],[-77.42755,37.27547],[-77.4309,37.27625],[-77.4317,37.27634],[-77.43179,37.27591],[-77.43227,37.27599],[-77.43221,37.27661],[-77.43235,37.27789],[-77.43219,37.27905],[-77.43186,37.27976],[-77.43107,37.28082],[-77.42976,37.28238],[-77.42954,37.28287],[-77.4293,37.2839],[-77.42929,37.28435],[-77.42952,37.28496],[-77.43095,37.28713],[-77.43133,37.28782],[-77.43156,37.2886],[-77.43153,37.29002],[-77.43193,37.29052],[-77.43323,37.29129],[-77.43374,37.29182],[-77.4339,37.29279],[-77.43456,37.29351],[-77.43511,37.29384],[-77.43644,37.29449],[-77.43721,37.29514],[-77.43829,37.29627],[-77.43912,37.29664],[-77.4401,37.2968],[-77.44317,37.29851],[-77.44447,37.29945],[-77.4458,37.30095],[-77.44668,37.30237],[-77.44728,37.30344],[-77.44773,37.30392],[-77.449,37.30489],[-77.44987,37.30567],[-77.4504,37.30632],[-77.45071,37.30688],[-77.45168,37.30817],[-77.45264,37.30915],[-77.45317,37.30998],[-77.45413,37.31118],[-77.45499,37.31262],[-77.45593,37.31406],[-77.45676,37.3155],[-77.45766,37.31685],[-77.45819,37.31754],[-77.45873,37.31848],[-77.45904,37.31939],[-77.4592,37.32093],[-77.45915,37.32375],[-77.45939,37.32457],[-77.45993,37.32555],[-77.46007,37.32619],[-77.45993,37.32775],[-77.45968,37.32887],[-77.4595,37.33027],[-77.45931,37.33114],[-77.4593,37.3318],[-77.4598,37.33357]]]}},{"type":"Feature","properties":{"geoid":"51041100508","jurisdiction":"Chesterfield","suppressed":false,"rate_bin":4,"rate_bin_label":"2.25% \u2013 3.25%","hot_core":false,"cold_core":false,"zone":2,"zone_label":"Southern suburban belt","race_bin":2,"race_bin_label":"20% \u2013 40%","pov_bin":1,"pov_bin_label":"Under 10%"},"geometry":{"type":"Polygon","coordinates":[[[-77.39099,37.28655],[-77.39124,37.28544],[-77.39194,37.2844],[-77.39161,37.28361],[-77.39156,37.28321],[-77.39172,37.28269],[-77.39205,37.28262],[-77.3932,37.28272],[-77.39451,37.28307],[-77.39581,37.28378],[-77.39744,37.28391],[-77.39866,37.28369],[-77.40016,37.28326],[-77.40109,37.28284],[-77.40189,37.28203],[-77.40302,37.28009],[-77.40281,37.27938],[-77.40246,37.27905],[-77.4019,37.27883],[-77.4017,37.27792],[-77.40233,37.27754],[-77.40246,37.27716],[-77.40195,37.27666],[-77.40133,37.27638],[-77.3998,37.27621],[-77.39841,37.27572],[-77.39808,37.27551],[-77.398,37.27518],[-77.39831,37.27448],[-77.39822,37.27327],[-77.39838,37.27283],[-77.39876,37.27233],[-77.39965,37.2719],[-77.40076,37.27169],[-77.40159,37.27162],[-77.403,37.27163],[-77.40367,37.27191],[-77.404,37.27241],[-77.40477,37.27277],[-77.4056,37.27341],[-77.40597,37.27398],[-77.40667,37.27446],[-77.40709,37.27531],[-77.40757,37.27763],[-77.40762,37.27901],[-77.40803,37.27991],[-77.40877,37.28089],[-77.40971,37.28171],[-77.41087,37.28243],[-77.41159,37.28272],[-77.41185,37.28262],[-77.41232,37.28303],[-77.41241,37.28313],[-77.41191,37.28503],[-77.41169,37.28641],[-77.41255,37.28692],[-77.41407,37.28799],[-77.4145,37.28838],[-77.41661,37.29097],[-77.4173,37.29186],[-77.41846,37.29296],[-77.42222,37.29551],[-77.42285,37.29612],[-77.42352,37.29716],[-77.42529,37.30119],[-77.42828,37.30816],[-77.42901,37.30982],[-77.43101,37.31448],[-77.43213,37.31697],[-77.43257,37.31777],[-77.43517,37.32189],[-77.43741,37.32551],[-77.43857,37.32734],[-77.43896,37.32788],[-77.44048,37.32942],[-77.44286,37.3317],[-77.44201,37.33162],[-77.4409,37.33126],[-77.43978,37.33057],[-77.4395,37.33031],[-77.43691,37.32715],[-77.4366,37.32683],[-77.43591,37.32659],[-77.43481,37.32666],[-77.4335,37.32665],[-77.43211,37.32675],[-77.43148,37.3266],[-77.43059,37.32612],[-77.42913,37.32499],[-77.42759,37.32401],[-77.42632,37.32344],[-77.42516,37.32273],[-77.42463,37.32256],[-77.42137,37.32229],[-77.42052,37.32209],[-77.41979,37.32164],[-77.41869,37.32072],[-77.41743,37.31946],[-77.41662,37.31876],[-77.41626,37.31835],[-77.41568,37.31696],[-77.41452,37.3153],[-77.41325,37.3131],[-77.41268,37.312],[-77.41167,37.31055],[-77.40969,37.30839],[-77.40803,37.30641],[-77.40726,37.30542],[-77.40622,37.30427],[-77.40378,37.30217],[-77.40375,37.30198],[-77.40426,37.30143],[-77.40478,37.30067],[-77.40501,37.29968],[-77.40421,37.29948],[-77.40398,37.29907],[-77.40316,37.29876],[-77.40269,37.29805],[-77.40246,37.29804],[-77.40245,37.29698],[-77.40219,37.29673],[-77.402,37.29536],[-77.40237,37.29462],[-77.40221,37.29415],[-77.40197,37.29407],[-77.40075,37.29416],[-77.4005,37.29366],[-77.40094,37.29302],[-77.40078,37.29224],[-77.40051,37.29214],[-77.39937,37.29222],[-77.39911,37.29183],[-77.39793,37.29148],[-77.39804,37.29116],[-77.39788,37.29075],[-77.39809,37.29047],[-77.39787,37.28956],[-77.3976,37.2889],[-77.39704,37.28831],[-77.39668,37.28812],[-77.39622,37.28742],[-77.39513,37.28697],[-77.39325,37.28676],[-77.39265,37.28695],[-77.39241,37.2867],[-77.39249,37.28602],[-77.39184,37.28616],[-77.39132,37.28651],[-77.39099,37.28655]]]}},{"type":"Feature","properties":{"geoid":"51041100509","jurisdiction":"Chesterfield","suppressed":false,"rate_bin":1,"rate_bin_label":"Under 1.25%","hot_core":false,"cold_core":false,"zone":2,"zone_label":"Southern suburban belt","race_bin":2,"race_bin_label":"20% \u2013 40%","pov_bin":1,"pov_bin_label":"Under 10%"},"geometry":{"type":"Polygon","coordinates":[[[-77.4045,37.35462],[-77.40076,37.35446],[-77.39989,37.35438],[-77.39832,37.35413],[-77.39663,37.35372],[-77.38535,37.35091],[-77.38387,37.3506],[-77.38278,37.35042],[-77.37971,37.35001],[-77.37846,37.34991],[-77.37698,37.34986],[-77.36545,37.34958],[-77.36138,37.3495],[-77.35943,37.34932],[-77.34072,37.34581],[-77.33975,37.34556],[-77.33807,37.34492],[-77.33699,37.34432],[-77.33635,37.34386],[-77.33545,37.34306],[-77.33943,37.33452],[-77.34067,37.33181],[-77.34093,37.33102],[-77.34105,37.3297],[-77.34087,37.32855],[-77.34055,37.32767],[-77.33985,37.32652],[-77.33938,37.32599],[-77.33841,37.32516],[-77.33672,37.32404],[-77.33573,37.32329],[-77.33523,37.3228],[-77.3343,37.32158],[-77.33385,37.32065],[-77.33361,37.31987],[-77.33347,37.31856],[-77.33355,37.31769],[-77.33382,37.31665],[-77.33471,37.3144],[-77.33501,37.31456],[-77.33567,37.31304],[-77.3369,37.31375],[-77.33781,37.31436],[-77.33821,37.31477],[-77.3386,37.31496],[-77.33967,37.31509],[-77.34097,37.3149],[-77.34441,37.31423],[-77.34682,37.31359],[-77.34769,37.31327],[-77.34973,37.31228],[-77.35033,37.31193],[-77.35252,37.31016],[-77.35285,37.30962],[-77.353,37.30879],[-77.35316,37.30562],[-77.35353,37.30396],[-77.35353,37.3037],[-77.35298,37.30277],[-77.3529,37.30223],[-77.35268,37.29914],[-77.35271,37.29796],[-77.3533,37.29605],[-77.35373,37.29501],[-77.35423,37.29404],[-77.35445,37.29319],[-77.35484,37.29212],[-77.35538,37.28977],[-77.35577,37.28856],[-77.35598,37.28727],[-77.35604,37.28578],[-77.35658,37.28312],[-77.35708,37.28166],[-77.35757,37.2805],[-77.35825,37.27945],[-77.35878,37.2789],[-77.36046,37.27733],[-77.36194,37.27638],[-77.36465,37.2749],[-77.36705,37.2737],[-77.36882,37.27261],[-77.37005,37.27141],[-77.37132,37.27007],[-77.37218,37.26927],[-77.37297,37.26825],[-77.37373,37.26695],[-77.37433,37.26501],[-77.37517,37.26297],[-77.37582,37.26163],[-77.37645,37.2593],[-77.37738,37.25554],[-77.37751,37.25295],[-77.37746,37.25156],[-77.37704,37.24965],[-77.37689,37.24849],[-77.37687,37.24632],[-77.37673,37.24499],[-77.37678,37.24485],[-77.37702,37.24426],[-77.37841,37.24285],[-77.38129,37.24057],[-77.3829,37.23958],[-77.38386,37.23891],[-77.38577,37.23819],[-77.38707,37.23813],[-77.38921,37.23812],[-77.38961,37.23805],[-77.38978,37.23847],[-77.38959,37.23867],[-77.38996,37.23967],[-77.39535,37.23809],[-77.39604,37.23789],[-77.40174,37.23905],[-77.40278,37.23709],[-77.40273,37.23607],[-77.40341,37.23657],[-77.40239,37.23819],[-77.40367,37.23735],[-77.40333,37.23772],[-77.40324,37.23833],[-77.4021,37.23952],[-77.40055,37.24015],[-77.39942,37.24023],[-77.39862,37.23971],[-77.39601,37.23938],[-77.39544,37.23938],[-77.39421,37.23952],[-77.39386,37.23989],[-77.39206,37.24085],[-77.39136,37.24095],[-77.3857,37.24116],[-77.38495,37.24133],[-77.38369,37.24199],[-77.38252,37.24284],[-77.38161,37.24378],[-77.38091,37.24462],[-77.38029,37.24554],[-77.37982,37.24687],[-77.37948,37.24848],[-77.37951,37.25],[-77.37963,37.25032],[-77.37973,37.25266],[-77.37959,37.25341],[-77.37944,37.25562],[-77.37945,37.25717],[-77.3796,37.25767],[-77.3796,37.25858],[-77.37951,37.2593],[-77.37927,37.25997],[-77.37917,37.26109],[-77.37933,37.2622],[-77.37935,37.26321],[-77.37946,37.26449],[-77.37939,37.26506],[-77.37942,37.26628],[-77.37919,37.26758],[-77.37886,37.26819],[-77.37795,37.26949],[-77.3776,37.27036],[-77.37749,37.27101],[-77.3778,37.27057],[-77.37808,37.27046],[-77.37729,37.27157],[-77.37649,37.27291],[-77.37579,37.2739],[-77.37548,37.27456],[-77.37456,37.27534],[-77.37375,37.27552],[-77.37348,37.27568],[-77.37324,37.27615],[-77.37294,37.27634],[-77.37238,37.27642],[-77.36959,37.27752],[-77.36866,37.27806],[-77.36804,37.27811],[-77.36696,37.27842],[-77.36647,37.27884],[-77.36428,37.28029],[-77.36397,37.28032],[-77.36332,37.28094],[-77.36232,37.28216],[-77.36213,37.28358],[-77.36237,37.28386],[-77.36228,37.28409],[-77.36256,37.28455],[-77.36252,37.28502],[-77.36334,37.2857],[-77.36389,37.28651],[-77.36498,37.28733],[-77.36528,37.2884],[-77.3651,37.28939],[-77.36436,37.29034],[-77.36442,37.29073],[-77.36509,37.29201],[-77.36566,37.2926],[-77.36803,37.29464],[-77.36839,37.2955],[-77.36816,37.29675],[-77.36811,37.29778],[-77.3682,37.29855],[-77.3728,37.29695],[-77.3736,37.29575],[-77.37504,37.2927],[-77.37552,37.29127],[-77.37649,37.2897],[-77.37696,37.28747],[-77.37754,37.28586],[-77.37829,37.28451],[-77.37911,37.28406],[-77.3817,37.28474],[-77.38249,37.28512],[-77.38359,37.28525],[-77.386,37.28661],[-77.38658,37.28672],[-77.38892,37.28735],[-77.38915,37.28736],[-77.3904,37.29136],[-77.39074,37.29347],[-77.39078,37.29433],[-77.39072,37.2967],[-77.39079,37.2981],[-77.39104,37.29962],[-77.39133,37.30067],[-77.3917,37.30168],[-77.39234,37.30302],[-77.39326,37.30453],[-77.39869,37.31265],[-77.39948,37.31407],[-77.40017,37.31576],[-77.40046,37.31683],[-77.40069,37.31805],[-77.40079,37.31912],[-77.40078,37.32057],[-77.40066,37.32158],[-77.40043,37.32276],[-77.39967,37.32588],[-77.39955,37.32669],[-77.39951,37.32796],[-77.39978,37.32968],[-77.40014,37.33079],[-77.40071,37.33195],[-77.40371,37.33708],[-77.40443,37.33841],[-77.4051,37.34008],[-77.4055,37.34166],[-77.40566,37.34273],[-77.40572,37.34421],[-77.40567,37.3451],[-77.40491,37.35146],[-77.4045,37.35462]]]}},{"type":"Feature","properties":{"geoid":"51041100510","jurisdiction":"Chesterfield","suppressed":false,"rate_bin":5,"rate_bin_label":"Over 3.25%","hot_core":false,"cold_core":false,"zone":2,"zone_label":"Southern suburban belt","race_bin":2,"race_bin_label":"20% \u2013 40%","pov_bin":1,"pov_bin_label":"Under 10%"},"geometry":{"type":"Polygon","coordinates":[[[-77.33545,37.34306],[-77.33162,37.33941],[-77.33004,37.33781],[-77.32455,37.33254],[-77.31864,37.32689],[-77.31804,37.32637],[-77.31671,37.32543],[-77.30769,37.32003],[-77.30673,37.31954],[-77.29941,37.31626],[-77.29848,37.31565],[-77.29778,37.31484],[-77.29746,37.31411],[-77.29659,37.3108],[-77.29623,37.31022],[-77.29552,37.31001],[-77.29525,37.30958],[-77.29566,37.30946],[-77.29623,37.30958],[-77.29695,37.31016],[-77.29708,37.31047],[-77.29761,37.31254],[-77.30054,37.31235],[-77.30224,37.31212],[-77.30471,37.31173],[-77.30738,37.31119],[-77.3094,37.31074],[-77.31075,37.31039],[-77.31309,37.30964],[-77.31462,37.30904],[-77.31671,37.30856],[-77.31771,37.30841],[-77.31908,37.30833],[-77.32081,37.30842],[-77.32195,37.30855],[-77.32309,37.30844],[-77.32365,37.30851],[-77.32436,37.30877],[-77.32652,37.30999],[-77.32853,37.31084],[-77.33011,37.31135],[-77.33194,37.31232],[-77.33311,37.31314],[-77.33471,37.3144],[-77.33382,37.31665],[-77.33355,37.31769],[-77.33347,37.31856],[-77.33361,37.31987],[-77.33385,37.32065],[-77.3343,37.32158],[-77.33523,37.3228],[-77.33573,37.32329],[-77.33672,37.32404],[-77.33841,37.32516],[-77.33938,37.32599],[-77.33985,37.32652],[-77.34055,37.32767],[-77.34087,37.32855],[-77.34105,37.3297],[-77.34093,37.33102],[-77.34067,37.33181],[-77.33943,37.33452],[-77.33545,37.34306]]]}},{"type":"Feature","properties":{"geoid":"51041100600","jurisdiction":"Chesterfield","suppressed":false,"rate_bin":5,"rate_bin_label":"Over 3.25%","hot_core":false,"cold_core":false,"zone":4,"zone_label":"Petersburg\u2013Colonial Heights corridor","race_bin":4,"race_bin_label":"60% \u2013 80%","pov_bin":1,"pov_bin_label":"Under 10%"},"geometry":{"type":"Polygon","coordinates":[[[-77.41559,37.26395],[-77.41531,37.26375],[-77.4148,37.26275],[-77.41441,37.26095],[-77.41532,37.25648],[-77.41611,37.25364],[-77.41631,37.25254],[-77.41671,37.25095],[-77.41701,37.25025],[-77.4177,37.24715],[-77.4173,37.24595],[-77.41701,37.24475],[-77.4165,37.24335],[-77.4155,37.24134],[-77.41541,37.24015],[-77.41609,37.23573],[-77.4165,37.23321],[-77.41729,37.23268],[-77.41837,37.23235],[-77.41848,37.23215],[-77.4192,37.2323],[-77.41928,37.23249],[-77.42022,37.23201],[-77.42053,37.23204],[-77.42102,37.23182],[-77.42124,37.23124],[-77.42155,37.23111],[-77.42251,37.23115],[-77.42355,37.23079],[-77.42379,37.23051],[-77.42467,37.23012],[-77.42653,37.2295],[-77.42779,37.22947],[-77.42832,37.22965],[-77.4291,37.22933],[-77.42911,37.22862],[-77.43058,37.22795],[-77.43017,37.22754],[-77.43128,37.2271],[-77.43201,37.22659],[-77.43265,37.22587],[-77.43416,37.22886],[-77.43459,37.23043],[-77.43459,37.23137],[-77.43442,37.23248],[-77.4341,37.23326],[-77.43318,37.23502],[-77.43195,37.23686],[-77.43066,37.23923],[-77.42711,37.24526],[-77.4253,37.24837],[-77.42081,37.25568],[-77.41894,37.25884],[-77.41648,37.26293],[-77.41559,37.26395]]]}},{"type":"Feature","properties":{"geoid":"51041100701","jurisdiction":"Chesterfield","suppressed":false,"rate_bin":4,"rate_bin_label":"2.25% \u2013 3.25%","hot_core":true,"cold_core":false,"zone":2,"zone_label":"Southern suburban belt","race_bin":3,"race_bin_label":"40% \u2013 60%","pov_bin":2,"pov_bin_label":"10% \u2013 20%"},"geometry":{"type":"Polygon","coordinates":[[[-77.49827,37.23436],[-77.49759,37.23418],[-77.49678,37.23421],[-77.49557,37.23474],[-77.49494,37.23443],[-77.49443,37.23434],[-77.49411,37.2341],[-77.49366,37.23407],[-77.49297,37.23374],[-77.49257,37.23374],[-77.49214,37.23405],[-77.49074,37.23393],[-77.49007,37.23402],[-77.48985,37.23421],[-77.48926,37.2351],[-77.48862,37.23566],[-77.48858,37.23602],[-77.48753,37.23658],[-77.48627,37.23678],[-77.48593,37.23698],[-77.48502,37.23782],[-77.48402,37.23794],[-77.48197,37.23785],[-77.48111,37.23828],[-77.48078,37.23872],[-77.47993,37.23899],[-77.47946,37.23893],[-77.47885,37.23853],[-77.47827,37.23772],[-77.47786,37.23758],[-77.47629,37.23759],[-77.47545,37.23773],[-77.47473,37.23796],[-77.4743,37.23866],[-77.47424,37.23896],[-77.4737,37.23914],[-77.47376,37.2396],[-77.47334,37.23956],[-77.47249,37.24035],[-77.47202,37.24104],[-77.47102,37.24136],[-77.46976,37.24192],[-77.46952,37.24222],[-77.46901,37.24234],[-77.46831,37.2423],[-77.46644,37.24243],[-77.46464,37.24205],[-77.46452,37.24173],[-77.46463,37.2412],[-77.46461,37.24033],[-77.46444,37.23975],[-77.46392,37.23898],[-77.46326,37.23844],[-77.46293,37.23831],[-77.46066,37.23819],[-77.46017,37.23796],[-77.45923,37.23699],[-77.45909,37.23659],[-77.45875,37.23633],[-77.45805,37.23533],[-77.45732,37.23497],[-77.45646,37.23469],[-77.45554,37.23461],[-77.4546,37.23417],[-77.45298,37.23429],[-77.45224,37.2345],[-77.45191,37.23481],[-77.45054,37.23465],[-77.44967,37.235],[-77.44791,37.23659],[-77.44785,37.2371],[-77.44793,37.2385],[-77.44778,37.239],[-77.4451,37.24138],[-77.4443,37.24188],[-77.44341,37.24229],[-77.44193,37.24314],[-77.44162,37.24367],[-77.44137,37.24572],[-77.44077,37.24633],[-77.43906,37.24711],[-77.4385,37.24777],[-77.43818,37.2486],[-77.43811,37.24927],[-77.43828,37.24999],[-77.43777,37.25087],[-77.43698,37.25288],[-77.43682,37.25339],[-77.43643,37.25386],[-77.43494,37.25523],[-77.43436,37.25545],[-77.43397,37.25575],[-77.43706,37.25786],[-77.43738,37.2582],[-77.4379,37.25938],[-77.43802,37.25985],[-77.43793,37.26114],[-77.438,37.26177],[-77.43817,37.26214],[-77.43975,37.26462],[-77.43981,37.26478],[-77.43719,37.26467],[-77.43586,37.26478],[-77.43433,37.26535],[-77.43377,37.26566],[-77.43092,37.26748],[-77.42993,37.26806],[-77.42729,37.26907],[-77.42677,37.26914],[-77.42659,37.26892],[-77.42261,37.26242],[-77.42174,37.26266],[-77.42189,37.263],[-77.42269,37.26322],[-77.42296,37.2639],[-77.42258,37.26417],[-77.42203,37.26388],[-77.42133,37.26375],[-77.42121,37.2641],[-77.42154,37.26478],[-77.4213,37.26516],[-77.42105,37.26516],[-77.42064,37.26456],[-77.42023,37.26458],[-77.41994,37.26501],[-77.41912,37.26554],[-77.41889,37.26587],[-77.41854,37.2659],[-77.41826,37.26561],[-77.41733,37.265],[-77.41699,37.26466],[-77.41651,37.26457],[-77.41559,37.26395],[-77.41648,37.26293],[-77.41894,37.25884],[-77.42081,37.25568],[-77.4253,37.24837],[-77.42711,37.24526],[-77.43066,37.23923],[-77.43195,37.23686],[-77.43318,37.23502],[-77.4341,37.23326],[-77.43442,37.23248],[-77.43459,37.23137],[-77.43459,37.23043],[-77.43416,37.22886],[-77.43265,37.22587],[-77.43296,37.22525],[-77.43336,37.22503],[-77.43486,37.22491],[-77.4367,37.22466],[-77.43841,37.22432],[-77.43974,37.2238],[-77.44056,37.22356],[-77.44206,37.22342],[-77.44283,37.22348],[-77.44416,37.22344],[-77.44567,37.22316],[-77.44741,37.22307],[-77.45161,37.22266],[-77.45358,37.22271],[-77.4554,37.22319],[-77.45642,37.22308],[-77.45978,37.22353],[-77.46118,37.22388],[-77.46319,37.22455],[-77.4648,37.22483],[-77.46507,37.22499],[-77.46649,37.22527],[-77.46848,37.22518],[-77.46971,37.22522],[-77.47072,37.22544],[-77.47198,37.22561],[-77.47428,37.22526],[-77.47469,37.22527],[-77.47579,37.22507],[-77.4796,37.22453],[-77.48211,37.22476],[-77.48411,37.225],[-77.48577,37.22505],[-77.4861,37.22535],[-77.48608,37.22606],[-77.48588,37.22816],[-77.4856,37.23016],[-77.48443,37.23113],[-77.4858,37.23155],[-77.48831,37.23223],[-77.4894,37.2324],[-77.49032,37.2324],[-77.49147,37.23229],[-77.49306,37.23223],[-77.49516,37.23223],[-77.49806,37.23252],[-77.49827,37.23436]]]}},{"type":"Feature","properties":{"geoid":"51041100702","jurisdiction":"Chesterfield","suppressed":false,"rate_bin":5,"rate_bin_label":"Over 3.25%","hot_core":false,"cold_core":false,"zone":2,"zone_label":"Southern suburban belt","race_bin":2,"race_bin_label":"20% \u2013 40%","pov_bin":1,"pov_bin_label":"Under 10%"},"geometry":{"type":"Polygon","coordinates":[[[-77.49793,37.26459],[-77.49732,37.26447],[-77.4971,37.26497],[-77.49667,37.26552],[-77.49634,37.26633],[-77.49557,37.26671],[-77.4938,37.26895],[-77.49369,37.26957],[-77.49379,37.27022],[-77.49309,37.2709],[-77.49301,37.27148],[-77.49257,37.27242],[-77.49273,37.27292],[-77.49251,37.27318],[-77.49279,37.27484],[-77.49254,37.27512],[-77.49233,37.27626],[-77.49166,37.27638],[-77.49106,37.27678],[-77.4909,37.27709],[-77.48912,37.27694],[-77.48848,37.27676],[-77.48817,37.27654],[-77.48765,37.27659],[-77.48711,37.27641],[-77.48604,37.27625],[-77.48475,37.27622],[-77.48378,37.27667],[-77.48286,37.27752],[-77.48219,37.27756],[-77.48163,37.27791],[-77.48042,37.27744],[-77.47989,37.27757],[-77.47784,37.27777],[-77.47725,37.27793],[-77.47612,37.27843],[-77.47533,37.27859],[-77.47563,37.27989],[-77.47539,37.28079],[-77.47495,37.28205],[-77.47463,37.28204],[-77.47429,37.28153],[-77.47335,37.28158],[-77.47297,37.282],[-77.47183,37.28211],[-77.47168,37.28231],[-77.47124,37.28223],[-77.47107,37.28239],[-77.47028,37.28259],[-77.47037,37.28297],[-77.47016,37.28348],[-77.47046,37.28426],[-77.47026,37.28463],[-77.47053,37.28473],[-77.47039,37.28509],[-77.47069,37.28541],[-77.47053,37.28578],[-77.47058,37.28626],[-77.47022,37.28636],[-77.4695,37.28615],[-77.46929,37.2862],[-77.46918,37.28662],[-77.46928,37.28734],[-77.46886,37.2878],[-77.46807,37.2879],[-77.46751,37.28824],[-77.4669,37.28801],[-77.46619,37.2879],[-77.4653,37.28791],[-77.46421,37.28803],[-77.46253,37.28766],[-77.4609,37.2877],[-77.45932,37.28807],[-77.45785,37.28785],[-77.45576,37.288],[-77.45493,37.28852],[-77.45388,37.28902],[-77.45191,37.28966],[-77.45127,37.28978],[-77.45073,37.29009],[-77.45027,37.29064],[-77.4498,37.29082],[-77.44841,37.29046],[-77.4476,37.28982],[-77.44724,37.28941],[-77.44648,37.28798],[-77.44639,37.28742],[-77.44647,37.28637],[-77.44634,37.28596],[-77.44589,37.28556],[-77.4452,37.28534],[-77.44471,37.28505],[-77.44432,37.28459],[-77.44393,37.28358],[-77.44345,37.28307],[-77.44294,37.28288],[-77.44147,37.28265],[-77.43997,37.28253],[-77.43891,37.28211],[-77.43837,37.2817],[-77.43708,37.28015],[-77.43636,37.27971],[-77.43573,37.27962],[-77.43521,37.2791],[-77.43507,37.2784],[-77.43474,37.27768],[-77.43435,37.27718],[-77.43302,37.27621],[-77.43227,37.27599],[-77.43179,37.27591],[-77.4317,37.27454],[-77.42969,37.27232],[-77.42677,37.26914],[-77.42729,37.26907],[-77.42993,37.26806],[-77.43092,37.26748],[-77.43377,37.26566],[-77.43433,37.26535],[-77.43586,37.26478],[-77.43719,37.26467],[-77.43981,37.26478],[-77.43975,37.26462],[-77.43817,37.26214],[-77.438,37.26177],[-77.43793,37.26114],[-77.43802,37.25985],[-77.4379,37.25938],[-77.43738,37.2582],[-77.43706,37.25786],[-77.43397,37.25575],[-77.43436,37.25545],[-77.43494,37.25523],[-77.43643,37.25386],[-77.43682,37.25339],[-77.43698,37.25288],[-77.43777,37.25087],[-77.43828,37.24999],[-77.43811,37.24927],[-77.43818,37.2486],[-77.4385,37.24777],[-77.43906,37.24711],[-77.44077,37.24633],[-77.44137,37.24572],[-77.44162,37.24367],[-77.44193,37.24314],[-77.44341,37.24229],[-77.4443,37.24188],[-77.4451,37.24138],[-77.44778,37.239],[-77.44793,37.2385],[-77.44785,37.2371],[-77.44791,37.23659],[-77.44967,37.235],[-77.45054,37.23465],[-77.45191,37.23481],[-77.45224,37.2345],[-77.45298,37.23429],[-77.4546,37.23417],[-77.45554,37.23461],[-77.45646,37.23469],[-77.45732,37.23497],[-77.45805,37.23533],[-77.45875,37.23633],[-77.45909,37.23659],[-77.45923,37.23699],[-77.46017,37.23796],[-77.46066,37.23819],[-77.46293,37.23831],[-77.46326,37.23844],[-77.46392,37.23898],[-77.46444,37.23975],[-77.46461,37.24033],[-77.46463,37.2412],[-77.46452,37.24173],[-77.46464,37.24205],[-77.46644,37.24243],[-77.46831,37.2423],[-77.46901,37.24234],[-77.46952,37.24222],[-77.46976,37.24192],[-77.47102,37.24136],[-77.47202,37.24104],[-77.47249,37.24035],[-77.47334,37.23956],[-77.47376,37.2396],[-77.4737,37.23914],[-77.47424,37.23896],[-77.4743,37.23866],[-77.47473,37.23796],[-77.47545,37.23773],[-77.47629,37.23759],[-77.47786,37.23758],[-77.47827,37.23772],[-77.47885,37.23853],[-77.47946,37.23893],[-77.47993,37.23899],[-77.48078,37.23872],[-77.48111,37.23828],[-77.48197,37.23785],[-77.48402,37.23794],[-77.48502,37.23782],[-77.48593,37.23698],[-77.48627,37.23678],[-77.48753,37.23658],[-77.48858,37.23602],[-77.48862,37.23566],[-77.48926,37.2351],[-77.48985,37.23421],[-77.49007,37.23402],[-77.49074,37.23393],[-77.49214,37.23405],[-77.49257,37.23374],[-77.49297,37.23374],[-77.49366,37.23407],[-77.49411,37.2341],[-77.49443,37.23434],[-77.49494,37.23443],[-77.49557,37.23474],[-77.49678,37.23421],[-77.49759,37.23418],[-77.49827,37.23436],[-77.49887,37.24028],[-77.50014,37.2502],[-77.50045,37.25082],[-77.50102,37.25131],[-77.50235,37.2523],[-77.50273,37.25245],[-77.50501,37.253],[-77.50393,37.25392],[-77.50276,37.25522],[-77.50206,37.25652],[-77.50083,37.25844],[-77.49972,37.25963],[-77.49913,37.26064],[-77.4984,37.26292],[-77.49793,37.26459]]]}},{"type":"Feature","properties":{"geoid":"51041100704","jurisdiction":"Chesterfield","suppressed":false,"rate_bin":4,"rate_bin_label":"2.25% \u2013 3.25%","hot_core":false,"cold_core":false,"zone":2,"zone_label":"Southern suburban belt","race_bin":2,"race_bin_label":"20% \u2013 40%","pov_bin":1,"pov_bin_label":"Under 10%"},"geometry":{"type":"Polygon","coordinates":[[[-77.64604,37.32477],[-77.64465,37.32442],[-77.64278,37.32415],[-77.64141,37.32409],[-77.63864,37.32404],[-77.63747,37.32383],[-77.63653,37.32331],[-77.63439,37.32139],[-77.63101,37.3187],[-77.62999,37.31738],[-77.62866,37.31514],[-77.62812,37.31449],[-77.62729,37.31386],[-77.62503,37.31235],[-77.62451,37.31218],[-77.62314,37.31196],[-77.62255,37.31193],[-77.61876,37.31205],[-77.61809,37.31199],[-77.61722,37.31175],[-77.61466,37.31067],[-77.61425,37.31043],[-77.61276,37.30929],[-77.61133,37.30832],[-77.60993,37.30725],[-77.60921,37.3068],[-77.60751,37.30591],[-77.60633,37.30512],[-77.60497,37.30379],[-77.6035,37.30262],[-77.6029,37.30189],[-77.60253,37.30119],[-77.60189,37.29961],[-77.60137,37.29726],[-77.60129,37.29632],[-77.60112,37.29584],[-77.59973,37.2942],[-77.59859,37.29252],[-77.59753,37.29136],[-77.59684,37.29003],[-77.59637,37.2894],[-77.59587,37.28905],[-77.59451,37.28854],[-77.59391,37.28818],[-77.59225,37.28695],[-77.59049,37.28608],[-77.58987,37.28587],[-77.58831,37.28557],[-77.58642,37.28536],[-77.58445,37.28525],[-77.57935,37.28566],[-77.57709,37.28565],[-77.57582,37.28559],[-77.57458,37.28535],[-77.57299,37.28487],[-77.57156,37.28431],[-77.57105,37.28406],[-77.57033,37.28345],[-77.56989,37.28281],[-77.56893,37.28086],[-77.56837,37.27956],[-77.56731,37.2775],[-77.56618,37.275],[-77.56526,37.27271],[-77.56295,37.27192],[-77.5609,37.27138],[-77.55972,37.27123],[-77.5578,37.27133],[-77.55686,37.27147],[-77.55473,37.27195],[-77.55086,37.27307],[-77.54904,37.27374],[-77.54807,37.27401],[-77.54728,37.2741],[-77.54462,37.2743],[-77.54385,37.2744],[-77.54294,37.27464],[-77.54086,37.27547],[-77.53884,37.27578],[-77.53318,37.27575],[-77.53244,37.27569],[-77.53169,37.27551],[-77.52948,37.27476],[-77.52693,37.2744],[-77.52571,37.27437],[-77.52461,37.27444],[-77.5236,37.27419],[-77.52279,37.27361],[-77.52148,37.27289],[-77.51937,37.27146],[-77.51708,37.27027],[-77.51538,37.26958],[-77.51408,37.2693],[-77.51047,37.26868],[-77.50859,37.26839],[-77.5075,37.26815],[-77.50531,37.2676],[-77.50397,37.26718],[-77.50319,37.26684],[-77.50145,37.26634],[-77.49975,37.26559],[-77.49882,37.26503],[-77.49793,37.26459],[-77.4984,37.26292],[-77.49913,37.26064],[-77.49972,37.25963],[-77.50083,37.25844],[-77.50206,37.25652],[-77.50276,37.25522],[-77.50393,37.25392],[-77.50501,37.253],[-77.50273,37.25245],[-77.50235,37.2523],[-77.50102,37.25131],[-77.50045,37.25082],[-77.50014,37.2502],[-77.49887,37.24028],[-77.49827,37.23436],[-77.49806,37.23252],[-77.49516,37.23223],[-77.49306,37.23223],[-77.49147,37.23229],[-77.49032,37.2324],[-77.4894,37.2324],[-77.48831,37.23223],[-77.4858,37.23155],[-77.48443,37.23113],[-77.4856,37.23016],[-77.48588,37.22816],[-77.48608,37.22606],[-77.4861,37.22535],[-77.48776,37.22519],[-77.49256,37.22492],[-77.49313,37.22482],[-77.49471,37.22417],[-77.4954,37.22372],[-77.49647,37.22334],[-77.49801,37.22343],[-77.4992,37.22423],[-77.49971,37.22427],[-77.50062,37.22409],[-77.5012,37.22381],[-77.5017,37.22331],[-77.50199,37.22233],[-77.503,37.22198],[-77.50349,37.22173],[-77.5041,37.22171],[-77.5048,37.22149],[-77.50562,37.22158],[-77.50697,37.22118],[-77.50839,37.22125],[-77.50918,37.22105],[-77.51044,37.2203],[-77.51113,37.21979],[-77.51198,37.21934],[-77.51494,37.21808],[-77.51649,37.21788],[-77.51736,37.21753],[-77.51854,37.21731],[-77.51964,37.21734],[-77.5212,37.217],[-77.52256,37.21714],[-77.5232,37.21753],[-77.52358,37.21803],[-77.5239,37.21895],[-77.52474,37.22003],[-77.52498,37.22045],[-77.52548,37.22097],[-77.52596,37.22247],[-77.52623,37.22276],[-77.53243,37.22501],[-77.53449,37.22578],[-77.53611,37.22633],[-77.53657,37.22637],[-77.53785,37.22617],[-77.5393,37.22615],[-77.54032,37.22632],[-77.54205,37.22638],[-77.54371,37.2262],[-77.54418,37.22626],[-77.54722,37.22693],[-77.54841,37.22666],[-77.54994,37.22648],[-77.55199,37.22645],[-77.55403,37.22635],[-77.5558,37.22607],[-77.5567,37.22572],[-77.55745,37.22496],[-77.55793,37.22461],[-77.55881,37.22464],[-77.55964,37.22501],[-77.5604,37.22566],[-77.56083,37.22653],[-77.56154,37.22866],[-77.56188,37.22915],[-77.56273,37.23075],[-77.56324,37.23127],[-77.56401,37.23153],[-77.56591,37.23129],[-77.56679,37.23141],[-77.56727,37.2317],[-77.56739,37.23201],[-77.56729,37.23324],[-77.56719,37.23599],[-77.56732,37.23696],[-77.56732,37.2379],[-77.56761,37.23863],[-77.5682,37.23934],[-77.56868,37.23965],[-77.56939,37.2399],[-77.57006,37.23962],[-77.57085,37.23891],[-77.57163,37.23756],[-77.5725,37.23678],[-77.57372,37.23637],[-77.57547,37.23643],[-77.57671,37.23677],[-77.57794,37.23733],[-77.57891,37.23793],[-77.57952,37.23877],[-77.57995,37.24035],[-77.58014,37.24195],[-77.58044,37.24294],[-77.58223,37.24444],[-77.58315,37.2455],[-77.58398,37.2461],[-77.58515,37.24625],[-77.5872,37.24601],[-77.58898,37.24622],[-77.58973,37.24649],[-77.59044,37.24719],[-77.59113,37.24881],[-77.59144,37.2494],[-77.59268,37.25015],[-77.59522,37.25099],[-77.59691,37.25195],[-77.59804,37.25251],[-77.59956,37.25294],[-77.60049,37.25368],[-77.601,37.25478],[-77.60223,37.25761],[-77.60277,37.2592],[-77.60301,37.26089],[-77.60301,37.26205],[-77.60283,37.26304],[-77.60328,37.26391],[-77.6042,37.26466],[-77.60525,37.26563],[-77.60638,37.26677],[-77.60771,37.26779],[-77.60805,37.26787],[-77.60978,37.26857],[-77.61075,37.26909],[-77.61193,37.27017],[-77.61255,37.27061],[-77.61335,37.27088],[-77.61416,37.27097],[-77.6152,37.27084],[-77.61646,37.27042],[-77.61734,37.26996],[-77.61803,37.26918],[-77.61895,37.26779],[-77.61964,37.26714],[-77.6203,37.26678],[-77.62123,37.26667],[-77.62471,37.26687],[-77.62674,37.2675],[-77.62761,37.26798],[-77.6294,37.26955],[-77.62992,37.26981],[-77.63058,37.26988],[-77.63261,37.26966],[-77.6336,37.26939],[-77.6348,37.2688],[-77.63639,37.26776],[-77.63797,37.26714],[-77.6391,37.26625],[-77.64237,37.26398],[-77.64287,37.26373],[-77.64351,37.26369],[-77.64426,37.26394],[-77.6453,37.2644],[-77.64638,37.2647],[-77.64751,37.26482],[-77.64908,37.26492],[-77.65024,37.26504],[-77.65132,37.26525],[-77.65276,37.26619],[-77.65427,37.26728],[-77.65536,37.2687],[-77.65629,37.27051],[-77.65712,37.27235],[-77.65806,37.27334],[-77.65959,37.27454],[-77.66081,37.27565],[-77.6619,37.27708],[-77.66254,37.27871],[-77.66355,37.28312],[-77.66477,37.28778],[-77.66674,37.29167],[-77.66747,37.29247],[-77.66822,37.29281],[-77.66916,37.29285],[-77.66984,37.29277],[-77.67026,37.2952],[-77.67051,37.29606],[-77.67041,37.29734],[-77.67042,37.29814],[-77.67014,37.29931],[-77.66967,37.29996],[-77.66913,37.30022],[-77.66834,37.3002],[-77.66752,37.30071],[-77.66665,37.30169],[-77.66556,37.30227],[-77.66469,37.30258],[-77.66418,37.30313],[-77.66418,37.30338],[-77.66359,37.30372],[-77.6628,37.30451],[-77.66248,37.30457],[-77.66167,37.30436],[-77.66104,37.30447],[-77.66064,37.30468],[-77.65992,37.30544],[-77.65881,37.30611],[-77.6566,37.30735],[-77.65594,37.30779],[-77.65549,37.30794],[-77.65362,37.30898],[-77.65293,37.30932],[-77.65221,37.31094],[-77.65225,37.31179],[-77.65202,37.31236],[-77.65134,37.31253],[-77.65078,37.31305],[-77.65002,37.31433],[-77.64923,37.31549],[-77.64786,37.31704],[-77.64756,37.31759],[-77.64718,37.31891],[-77.64637,37.32035],[-77.64617,37.32089],[-77.6461,37.32273],[-77.64633,37.3239],[-77.64604,37.32477]]]}},{"type":"Feature","properties":{"geoid":"51041100705","jurisdiction":"Chesterfield","suppressed":false,"rate_bin":3,"rate_bin_label":"1.75% \u2013 2.25%","hot_core":false,"cold_core":false,"zone":2,"zone_label":"Southern suburban belt","race_bin":1,"race_bin_label":"Under 20%","pov_bin":1,"pov_bin_label":"Under 10%"},"geometry":{"type":"Polygon","coordinates":[[[-77.63167,37.33957],[-77.63148,37.33941],[-77.63104,37.33857],[-77.63076,37.33751],[-77.63053,37.33711],[-77.62939,37.33696],[-77.62915,37.33704],[-77.62662,37.33692],[-77.62628,37.33726],[-77.6258,37.33742],[-77.62435,37.3367],[-77.62369,37.33649],[-77.62341,37.33655],[-77.62308,37.33617],[-77.62222,37.33585],[-77.62152,37.33586],[-77.61984,37.33607],[-77.61957,37.33618],[-77.61424,37.33604],[-77.61416,37.33596],[-77.61251,37.33603],[-77.61025,37.33588],[-77.60938,37.33575],[-77.60883,37.33557],[-77.60846,37.33518],[-77.60745,37.33514],[-77.60718,37.33528],[-77.60622,37.33502],[-77.60479,37.33489],[-77.60431,37.33396],[-77.60285,37.33349],[-77.60243,37.33369],[-77.60203,37.33366],[-77.60206,37.3334],[-77.60168,37.33314],[-77.60142,37.33217],[-77.60142,37.33186],[-77.60082,37.33103],[-77.60019,37.33033],[-77.59973,37.33019],[-77.59851,37.33028],[-77.59855,37.32978],[-77.59813,37.3296],[-77.59739,37.32899],[-77.59729,37.32878],[-77.59729,37.32756],[-77.59692,37.32745],[-77.59676,37.32699],[-77.5965,37.32708],[-77.59593,37.32767],[-77.5951,37.328],[-77.59463,37.32799],[-77.59422,37.32734],[-77.59404,37.32737],[-77.59296,37.32595],[-77.59263,37.32577],[-77.59263,37.32515],[-77.59232,37.32481],[-77.5917,37.32463],[-77.59089,37.32414],[-77.59056,37.32368],[-77.59056,37.32323],[-77.59008,37.32299],[-77.58876,37.32126],[-77.5885,37.32072],[-77.58696,37.32081],[-77.58645,37.3206],[-77.58599,37.32012],[-77.58549,37.32001],[-77.58494,37.32018],[-77.58469,37.32079],[-77.5843,37.32058],[-77.58421,37.31992],[-77.58348,37.31956],[-77.58328,37.31918],[-77.58262,37.3188],[-77.58227,37.31884],[-77.58208,37.31952],[-77.58146,37.3201],[-77.58036,37.32001],[-77.5804,37.31887],[-77.5796,37.3184],[-77.57952,37.31809],[-77.57912,37.31822],[-77.57887,37.31791],[-77.57796,37.31752],[-77.57798,37.31716],[-77.5777,37.31693],[-77.577,37.31678],[-77.57679,37.31617],[-77.57621,37.31593],[-77.57593,37.31641],[-77.57501,37.31648],[-77.57447,37.3164],[-77.5738,37.31655],[-77.5731,37.31639],[-77.57097,37.31656],[-77.57086,37.3169],[-77.5702,37.31727],[-77.56969,37.31741],[-77.5696,37.31787],[-77.56651,37.31928],[-77.56594,37.31968],[-77.56538,37.31982],[-77.56457,37.3196],[-77.56299,37.32006],[-77.56231,37.32037],[-77.5628,37.32173],[-77.56277,37.32201],[-77.56207,37.32206],[-77.56148,37.32189],[-77.56069,37.32188],[-77.56015,37.32207],[-77.55997,37.3226],[-77.5596,37.32274],[-77.55898,37.32248],[-77.55875,37.3219],[-77.55834,37.32133],[-77.55808,37.32126],[-77.55762,37.32158],[-77.55743,37.32199],[-77.55675,37.32247],[-77.55596,37.32286],[-77.55554,37.32286],[-77.55465,37.32324],[-77.55433,37.32359],[-77.5542,37.3243],[-77.55363,37.32452],[-77.553,37.32457],[-77.55333,37.32572],[-77.55323,37.32787],[-77.55277,37.32958],[-77.55195,37.33091],[-77.55176,37.33222],[-77.55124,37.33343],[-77.55028,37.3336],[-77.54927,37.3335],[-77.54829,37.33321],[-77.54784,37.33296],[-77.54249,37.32955],[-77.54022,37.3282],[-77.53918,37.32765],[-77.53638,37.32632],[-77.53302,37.32507],[-77.53113,37.3244],[-77.52859,37.32361],[-77.5252,37.32208],[-77.52454,37.32282],[-77.52399,37.32297],[-77.52328,37.32346],[-77.52316,37.32402],[-77.52376,37.32421],[-77.52456,37.32426],[-77.52475,37.32443],[-77.52465,37.32481],[-77.5242,37.32511],[-77.52348,37.32494],[-77.52284,37.32447],[-77.52239,37.32431],[-77.52159,37.32434],[-77.5214,37.32514],[-77.52143,37.32546],[-77.52181,37.32608],[-77.52166,37.32632],[-77.52048,37.32744],[-77.52011,37.32757],[-77.51959,37.32738],[-77.51975,37.32701],[-77.5197,37.32654],[-77.51928,37.32612],[-77.51839,37.32683],[-77.51818,37.32768],[-77.51782,37.32776],[-77.51773,37.32851],[-77.51795,37.32885],[-77.51723,37.3292],[-77.51663,37.32897],[-77.51559,37.32841],[-77.51512,37.328],[-77.51435,37.3278],[-77.51398,37.32747],[-77.51331,37.32714],[-77.51262,37.3274],[-77.51187,37.32695],[-77.51176,37.32655],[-77.51072,37.32656],[-77.50987,37.32626],[-77.50987,37.3259],[-77.50921,37.32518],[-77.50971,37.32468],[-77.50958,37.32407],[-77.50919,37.32343],[-77.50825,37.32234],[-77.50811,37.32149],[-77.50761,37.321],[-77.50701,37.32099],[-77.50601,37.32165],[-77.50538,37.32193],[-77.5045,37.32212],[-77.50415,37.32203],[-77.50395,37.32171],[-77.50382,37.32057],[-77.50358,37.31951],[-77.50329,37.31899],[-77.50222,37.31843],[-77.50152,37.31752],[-77.50055,37.31679],[-77.5,37.3165],[-77.49926,37.31681],[-77.49854,37.31728],[-77.49758,37.31721],[-77.49681,37.31676],[-77.49651,37.31628],[-77.49677,37.31562],[-77.4974,37.31496],[-77.49771,37.3141],[-77.49718,37.31343],[-77.49665,37.31313],[-77.49623,37.31305],[-77.49569,37.31346],[-77.4952,37.31465],[-77.495,37.31491],[-77.49436,37.31525],[-77.49342,37.31547],[-77.49274,37.3154],[-77.49167,37.31484],[-77.49096,37.314],[-77.4903,37.3131],[-77.48973,37.31297],[-77.48917,37.31318],[-77.48874,37.31376],[-77.48807,37.31439],[-77.48741,37.31443],[-77.48659,37.31347],[-77.48637,37.31303],[-77.48546,37.31184],[-77.48538,37.31106],[-77.48516,37.31045],[-77.48451,37.30991],[-77.48415,37.30949],[-77.48303,37.30932],[-77.48227,37.30902],[-77.48147,37.30889],[-77.48075,37.3086],[-77.47972,37.30735],[-77.47861,37.3066],[-77.47721,37.30627],[-77.47664,37.30651],[-77.47653,37.30729],[-77.47596,37.30771],[-77.47565,37.30767],[-77.47525,37.3072],[-77.47548,37.30629],[-77.4753,37.30608],[-77.47435,37.30561],[-77.47374,37.30472],[-77.47344,37.30372],[-77.47314,37.30324],[-77.47287,37.30211],[-77.47221,37.30102],[-77.47149,37.30022],[-77.4708,37.29964],[-77.47035,37.29939],[-77.46875,37.29874],[-77.46772,37.29822],[-77.46708,37.29761],[-77.46684,37.2971],[-77.46746,37.29501],[-77.47016,37.29314],[-77.47103,37.29247],[-77.47175,37.29164],[-77.47182,37.29077],[-77.47152,37.29033],[-77.46944,37.28917],[-77.46823,37.28865],[-77.46751,37.28824],[-77.46807,37.2879],[-77.46886,37.2878],[-77.46928,37.28734],[-77.46918,37.28662],[-77.46929,37.2862],[-77.4695,37.28615],[-77.47022,37.28636],[-77.47058,37.28626],[-77.47053,37.28578],[-77.47069,37.28541],[-77.47039,37.28509],[-77.47053,37.28473],[-77.47026,37.28463],[-77.47046,37.28426],[-77.47016,37.28348],[-77.47037,37.28297],[-77.47028,37.28259],[-77.47107,37.28239],[-77.47124,37.28223],[-77.47168,37.28231],[-77.47183,37.28211],[-77.47297,37.282],[-77.47335,37.28158],[-77.47429,37.28153],[-77.47463,37.28204],[-77.47495,37.28205],[-77.47539,37.28079],[-77.47563,37.27989],[-77.47533,37.27859],[-77.47612,37.27843],[-77.47725,37.27793],[-77.47784,37.27777],[-77.47989,37.27757],[-77.48042,37.27744],[-77.48163,37.27791],[-77.48219,37.27756],[-77.48286,37.27752],[-77.48378,37.27667],[-77.48475,37.27622],[-77.48604,37.27625],[-77.48711,37.27641],[-77.48765,37.27659],[-77.48817,37.27654],[-77.48848,37.27676],[-77.48912,37.27694],[-77.4909,37.27709],[-77.49106,37.27678],[-77.49166,37.27638],[-77.49233,37.27626],[-77.49254,37.27512],[-77.49279,37.27484],[-77.49251,37.27318],[-77.49273,37.27292],[-77.49257,37.27242],[-77.49301,37.27148],[-77.49309,37.2709],[-77.49379,37.27022],[-77.49369,37.26957],[-77.4938,37.26895],[-77.49557,37.26671],[-77.49634,37.26633],[-77.49667,37.26552],[-77.4971,37.26497],[-77.49732,37.26447],[-77.49793,37.26459],[-77.49882,37.26503],[-77.49975,37.26559],[-77.50145,37.26634],[-77.50319,37.26684],[-77.50397,37.26718],[-77.50531,37.2676],[-77.5075,37.26815],[-77.50859,37.26839],[-77.51047,37.26868],[-77.51408,37.2693],[-77.51538,37.26958],[-77.51708,37.27027],[-77.51937,37.27146],[-77.52148,37.27289],[-77.52279,37.27361],[-77.5236,37.27419],[-77.52461,37.27444],[-77.52571,37.27437],[-77.52693,37.2744],[-77.52948,37.27476],[-77.53169,37.27551],[-77.53244,37.27569],[-77.53318,37.27575],[-77.53884,37.27578],[-77.54086,37.27547],[-77.54294,37.27464],[-77.54385,37.2744],[-77.54462,37.2743],[-77.54728,37.2741],[-77.54807,37.27401],[-77.54904,37.27374],[-77.55086,37.27307],[-77.55473,37.27195],[-77.55686,37.27147],[-77.5578,37.27133],[-77.55972,37.27123],[-77.5609,37.27138],[-77.56295,37.27192],[-77.56526,37.27271],[-77.56618,37.275],[-77.56731,37.2775],[-77.56837,37.27956],[-77.56893,37.28086],[-77.56989,37.28281],[-77.57033,37.28345],[-77.57105,37.28406],[-77.57156,37.28431],[-77.57299,37.28487],[-77.57458,37.28535],[-77.57582,37.28559],[-77.57709,37.28565],[-77.57935,37.28566],[-77.58445,37.28525],[-77.58642,37.28536],[-77.58831,37.28557],[-77.58987,37.28587],[-77.59049,37.28608],[-77.59225,37.28695],[-77.59391,37.28818],[-77.59451,37.28854],[-77.59587,37.28905],[-77.59637,37.2894],[-77.59684,37.29003],[-77.59753,37.29136],[-77.59859,37.29252],[-77.59973,37.2942],[-77.60112,37.29584],[-77.60129,37.29632],[-77.60137,37.29726],[-77.60189,37.29961],[-77.60253,37.30119],[-77.6029,37.30189],[-77.6035,37.30262],[-77.60497,37.30379],[-77.60633,37.30512],[-77.60751,37.30591],[-77.60921,37.3068],[-77.60993,37.30725],[-77.61133,37.30832],[-77.61276,37.30929],[-77.61425,37.31043],[-77.61466,37.31067],[-77.61722,37.31175],[-77.61809,37.31199],[-77.61876,37.31205],[-77.62255,37.31193],[-77.62314,37.31196],[-77.62451,37.31218],[-77.62503,37.31235],[-77.62729,37.31386],[-77.62812,37.31449],[-77.62866,37.31514],[-77.62999,37.31738],[-77.63101,37.3187],[-77.63439,37.32139],[-77.63653,37.32331],[-77.63747,37.32383],[-77.63864,37.32404],[-77.64141,37.32409],[-77.64278,37.32415],[-77.64465,37.32442],[-77.64604,37.32477],[-77.64529,37.32549],[-77.64291,37.3274],[-77.64192,37.32802],[-77.6403,37.32885],[-77.63726,37.33096],[-77.63639,37.33189],[-77.63535,37.33281],[-77.63442,37.33405],[-77.6339,37.3349],[-77.63372,37.33559],[-77.63371,37.3363],[-77.63272,37.33847],[-77.63247,37.33885],[-77.63167,37.33957]]]}},{"type":"Feature","properties":{"geoid":"51041100804","jurisdiction":"Chesterfield","suppressed":false,"rate_bin":3,"rate_bin_label":"1.75% \u2013 2.25%","hot_core":false,"cold_core":false,"zone":2,"zone_label":"Southern suburban belt","race_bin":2,"race_bin_label":"20% \u2013 40%","pov_bin":2,"pov_bin_label":"10% \u2013 20%"},"geometry":{"type":"Polygon","coordinates":[[[-77.48616,37.4591],[-77.4848,37.45908],[-77.48361,37.45988],[-77.48365,37.4602],[-77.48331,37.46022],[-77.48255,37.46115],[-77.48076,37.46155],[-77.48036,37.46031],[-77.47996,37.45979],[-77.47969,37.45888],[-77.47902,37.45903],[-77.4783,37.45968],[-77.47733,37.46035],[-77.47719,37.46061],[-77.47679,37.4607],[-77.47656,37.46099],[-77.47562,37.46086],[-77.47516,37.46097],[-77.47442,37.46081],[-77.4736,37.46017],[-77.47312,37.46045],[-77.47308,37.46076],[-77.47269,37.46162],[-77.47145,37.46243],[-77.46936,37.46304],[-77.46859,37.46332],[-77.46732,37.46394],[-77.46683,37.46392],[-77.46562,37.46342],[-77.46528,37.46309],[-77.46511,37.46247],[-77.46262,37.46216],[-77.46223,37.46216],[-77.46206,37.4624],[-77.46161,37.46252],[-77.46161,37.46232],[-77.4606,37.46237],[-77.45911,37.46005],[-77.46051,37.45765],[-77.459,37.45326],[-77.45778,37.45285],[-77.4569,37.45215],[-77.45627,37.45126],[-77.45601,37.45102],[-77.45542,37.45107],[-77.45526,37.45047],[-77.45605,37.44981],[-77.45588,37.44925],[-77.45502,37.44866],[-77.45278,37.44803],[-77.4522,37.44812],[-77.45264,37.4459],[-77.45289,37.4444],[-77.45323,37.44168],[-77.45987,37.4399],[-77.46155,37.43956],[-77.46396,37.43933],[-77.46581,37.43938],[-77.46756,37.43956],[-77.46951,37.43996],[-77.4711,37.44045],[-77.47263,37.44108],[-77.4739,37.44175],[-77.47478,37.44229],[-77.47594,37.44315],[-77.47665,37.44377],[-77.48002,37.44726],[-77.48089,37.44804],[-77.48183,37.44872],[-77.4834,37.44961],[-77.48407,37.44991],[-77.48541,37.45039],[-77.4865,37.45072],[-77.48658,37.4533],[-77.48649,37.45417],[-77.48605,37.4555],[-77.48547,37.45699],[-77.48545,37.45769],[-77.48616,37.4591]]]}},{"type":"Feature","properties":{"geoid":"51041100805","jurisdiction":"Chesterfield","suppressed":false,"rate_bin":2,"rate_bin_label":"1.25% \u2013 1.75%","hot_core":false,"cold_core":false,"zone":2,"zone_label":"Southern suburban belt","race_bin":3,"race_bin_label":"40% \u2013 60%","pov_bin":2,"pov_bin_label":"10% \u2013 20%"},"geometry":{"type":"Polygon","coordinates":[[[-77.4905,37.4337],[-77.48948,37.43803],[-77.48912,37.43995],[-77.48897,37.44307],[-77.48863,37.44408],[-77.48684,37.44663],[-77.48661,37.44716],[-77.48641,37.44814],[-77.4865,37.45072],[-77.48541,37.45039],[-77.48407,37.44991],[-77.4834,37.44961],[-77.48183,37.44872],[-77.48089,37.44804],[-77.48002,37.44726],[-77.47665,37.44377],[-77.47594,37.44315],[-77.47478,37.44229],[-77.4739,37.44175],[-77.47263,37.44108],[-77.47268,37.4399],[-77.47326,37.43658],[-77.47331,37.43578],[-77.47322,37.43516],[-77.47242,37.43177],[-77.4709,37.42637],[-77.47086,37.42566],[-77.4711,37.42469],[-77.47113,37.424],[-77.47156,37.42385],[-77.47208,37.42324],[-77.47291,37.42282],[-77.47407,37.42247],[-77.47468,37.42221],[-77.47509,37.42189],[-77.47577,37.42111],[-77.47635,37.42026],[-77.4774,37.41924],[-77.47804,37.41886],[-77.47897,37.41881],[-77.4797,37.41904],[-77.48076,37.41907],[-77.48163,37.41898],[-77.48236,37.41875],[-77.49451,37.4179],[-77.50174,37.41469],[-77.50203,37.41708],[-77.50214,37.41909],[-77.50211,37.41994],[-77.50199,37.42049],[-77.50159,37.42144],[-77.50104,37.42227],[-77.49977,37.4239],[-77.49902,37.42472],[-77.49818,37.42534],[-77.49621,37.42641],[-77.49497,37.42729],[-77.49272,37.42874],[-77.49227,37.4291],[-77.49175,37.42974],[-77.49137,37.43071],[-77.49076,37.43268],[-77.4905,37.4337]]]}},{"type":"Feature","properties":{"geoid":"51041100806","jurisdiction":"Chesterfield","suppressed":false,"rate_bin":5,"rate_bin_label":"Over 3.25%","hot_core":false,"cold_core":false,"zone":2,"zone_label":"Southern suburban belt","race_bin":3,"race_bin_label":"40% \u2013 60%","pov_bin":3,"pov_bin_label":"20% \u2013 30%"},"geometry":{"type":"Polygon","coordinates":[[[-77.47263,37.44108],[-77.4711,37.44045],[-77.46951,37.43996],[-77.46756,37.43956],[-77.46581,37.43938],[-77.46396,37.43933],[-77.46155,37.43956],[-77.45987,37.4399],[-77.45323,37.44168],[-77.45335,37.43758],[-77.45444,37.43751],[-77.4549,37.43727],[-77.45529,37.4368],[-77.458,37.43006],[-77.45843,37.42943],[-77.45882,37.42912],[-77.46105,37.42805],[-77.46218,37.42712],[-77.46272,37.42683],[-77.46409,37.42586],[-77.46528,37.42531],[-77.46594,37.42513],[-77.46872,37.42487],[-77.46937,37.42478],[-77.47014,37.4245],[-77.4708,37.42404],[-77.47113,37.424],[-77.4711,37.42469],[-77.47086,37.42566],[-77.4709,37.42637],[-77.47242,37.43177],[-77.47322,37.43516],[-77.47331,37.43578],[-77.47326,37.43658],[-77.47268,37.4399],[-77.47263,37.44108]]]}},{"type":"Feature","properties":{"geoid":"51041100807","jurisdiction":"Chesterfield","suppressed":false,"rate_bin":3,"rate_bin_label":"1.75% \u2013 2.25%","hot_core":false,"cold_core":false,"zone":2,"zone_label":"Southern suburban belt","race_bin":2,"race_bin_label":"20% \u2013 40%","pov_bin":1,"pov_bin_label":"Under 10%"},"geometry":{"type":"Polygon","coordinates":[[[-77.47113,37.424],[-77.4708,37.42404],[-77.47014,37.4245],[-77.46937,37.42478],[-77.46872,37.42487],[-77.46594,37.42513],[-77.46528,37.42531],[-77.46409,37.42586],[-77.46272,37.42683],[-77.46218,37.42712],[-77.46105,37.42805],[-77.45882,37.42912],[-77.45843,37.42943],[-77.458,37.43006],[-77.45529,37.4368],[-77.4549,37.43727],[-77.45444,37.43751],[-77.45335,37.43758],[-77.45337,37.43445],[-77.45347,37.43055],[-77.45351,37.42745],[-77.45365,37.42154],[-77.45365,37.41983],[-77.45374,37.41206],[-77.45375,37.40855],[-77.46391,37.41155],[-77.46981,37.41245],[-77.47711,37.41772],[-77.47911,37.41765],[-77.4811,37.41815],[-77.48236,37.41875],[-77.48163,37.41898],[-77.48076,37.41907],[-77.4797,37.41904],[-77.47897,37.41881],[-77.47804,37.41886],[-77.4774,37.41924],[-77.47635,37.42026],[-77.47577,37.42111],[-77.47509,37.42189],[-77.47468,37.42221],[-77.47407,37.42247],[-77.47291,37.42282],[-77.47208,37.42324],[-77.47156,37.42385],[-77.47113,37.424]]]}},{"type":"Feature","properties":{"geoid":"51041100812","jurisdiction":"Chesterfield","suppressed":false,"rate_bin":3,"rate_bin_label":"1.75% \u2013 2.25%","hot_core":false,"cold_core":false,"zone":2,"zone_label":"Southern suburban belt","race_bin":2,"race_bin_label":"20% \u2013 40%","pov_bin":1,"pov_bin_label":"Under 10%"},"geometry":{"type":"Polygon","coordinates":[[[-77.59128,37.41144],[-77.59007,37.41369],[-77.58962,37.41492],[-77.58902,37.41575],[-77.58778,37.41684],[-77.5867,37.41763],[-77.58633,37.41801],[-77.58566,37.41904],[-77.58504,37.42041],[-77.58456,37.4222],[-77.58422,37.42266],[-77.58355,37.42309],[-77.58181,37.42374],[-77.58175,37.42389],[-77.58292,37.42593],[-77.58322,37.42666],[-77.5834,37.42776],[-77.58334,37.42875],[-77.58265,37.43406],[-77.58231,37.43511],[-77.58143,37.43678],[-77.58119,37.43748],[-77.58115,37.43804],[-77.58135,37.44017],[-77.58136,37.44092],[-77.58113,37.44248],[-77.58115,37.44299],[-77.5814,37.44364],[-77.58157,37.44359],[-77.58212,37.44454],[-77.58417,37.44868],[-77.58477,37.44969],[-77.58667,37.45246],[-77.58812,37.45446],[-77.58758,37.45468],[-77.58705,37.45507],[-77.58651,37.45526],[-77.58547,37.45522],[-77.58439,37.45492],[-77.58331,37.45496],[-77.58278,37.4554],[-77.58252,37.4562],[-77.58144,37.45644],[-77.58073,37.45641],[-77.58049,37.45654],[-77.58002,37.45631],[-77.57931,37.45631],[-77.57801,37.45565],[-77.57763,37.45525],[-77.57601,37.45411],[-77.57567,37.4535],[-77.57566,37.45314],[-77.57589,37.45206],[-77.57584,37.45143],[-77.57551,37.45124],[-77.57487,37.45176],[-77.57257,37.45253],[-77.57137,37.45258],[-77.56901,37.45215],[-77.56741,37.45215],[-77.56515,37.45088],[-77.56449,37.4492],[-77.56178,37.448],[-77.55551,37.44575],[-77.55316,37.44434],[-77.54767,37.44684],[-77.54423,37.44683],[-77.54429,37.44635],[-77.54411,37.44504],[-77.54407,37.44412],[-77.54405,37.44081],[-77.54399,37.4381],[-77.54413,37.4378],[-77.54648,37.4355],[-77.54684,37.43522],[-77.54922,37.4338],[-77.54975,37.4333],[-77.55045,37.43021],[-77.5509,37.42958],[-77.55161,37.42908],[-77.55195,37.42869],[-77.55255,37.42758],[-77.55301,37.42725],[-77.55551,37.42612],[-77.55572,37.42583],[-77.55549,37.42379],[-77.55566,37.42247],[-77.55633,37.42078],[-77.55712,37.41908],[-77.558,37.41761],[-77.5587,37.41657],[-77.55956,37.41513],[-77.55995,37.41418],[-77.56037,37.41361],[-77.56276,37.41145],[-77.56307,37.41086],[-77.56462,37.41155],[-77.56536,37.41176],[-77.56672,37.41179],[-77.56569,37.4094],[-77.56444,37.40654],[-77.56457,37.4064],[-77.56529,37.40635],[-77.56582,37.40649],[-77.5672,37.40734],[-77.56784,37.40748],[-77.56829,37.40743],[-77.56909,37.40713],[-77.57002,37.4065],[-77.57125,37.40584],[-77.57331,37.40436],[-77.57376,37.40413],[-77.57686,37.40312],[-77.57798,37.40302],[-77.58084,37.40319],[-77.58175,37.40317],[-77.58365,37.40298],[-77.58473,37.40262],[-77.58643,37.40247],[-77.58755,37.40216],[-77.58857,37.40174],[-77.58915,37.4016],[-77.59048,37.40159],[-77.59071,37.40113],[-77.59098,37.40158],[-77.59221,37.40132],[-77.59327,37.40126],[-77.59453,37.40165],[-77.59406,37.40349],[-77.59382,37.40407],[-77.59299,37.40564],[-77.59287,37.40599],[-77.59271,37.40745],[-77.59272,37.40852],[-77.5926,37.40894],[-77.59128,37.41144]]]}},{"type":"Feature","properties":{"geoid":"51041100814","jurisdiction":"Chesterfield","suppressed":false,"rate_bin":3,"rate_bin_label":"1.75% \u2013 2.25%","hot_core":false,"cold_core":false,"zone":2,"zone_label":"Southern suburban belt","race_bin":3,"race_bin_label":"40% \u2013 60%","pov_bin":1,"pov_bin_label":"Under 10%"},"geometry":{"type":"Polygon","coordinates":[[[-77.50174,37.41469],[-77.49451,37.4179],[-77.48236,37.41875],[-77.48299,37.4184],[-77.48379,37.41742],[-77.48449,37.41457],[-77.4849,37.41384],[-77.48478,37.41325],[-77.48452,37.4127],[-77.48377,37.41219],[-77.48291,37.41106],[-77.48242,37.41087],[-77.48147,37.4108],[-77.48091,37.41023],[-77.48048,37.40942],[-77.48031,37.4086],[-77.48052,37.40812],[-77.481,37.40763],[-77.48109,37.40737],[-77.481,37.40551],[-77.48112,37.40474],[-77.48238,37.40194],[-77.48274,37.40098],[-77.48306,37.3998],[-77.48328,37.39858],[-77.48371,37.39431],[-77.48373,37.39343],[-77.50306,37.39263],[-77.50477,37.3926],[-77.50917,37.3928],[-77.51099,37.39299],[-77.5132,37.39331],[-77.51514,37.39372],[-77.51485,37.39434],[-77.51299,37.39711],[-77.51169,37.39879],[-77.51045,37.40013],[-77.50934,37.40147],[-77.50547,37.40664],[-77.50477,37.40742],[-77.50309,37.40894],[-77.50218,37.40996],[-77.50181,37.41066],[-77.50166,37.41128],[-77.50162,37.41201],[-77.50169,37.41422],[-77.50174,37.41469]]]}},{"type":"Feature","properties":{"geoid":"51041100815","jurisdiction":"Chesterfield","suppressed":false,"rate_bin":2,"rate_bin_label":"1.25% \u2013 1.75%","hot_core":false,"cold_core":false,"zone":2,"zone_label":"Southern suburban belt","race_bin":2,"race_bin_label":"20% \u2013 40%","pov_bin":1,"pov_bin_label":"Under 10%"},"geometry":{"type":"Polygon","coordinates":[[[-77.48236,37.41875],[-77.4811,37.41815],[-77.47911,37.41765],[-77.47711,37.41772],[-77.46981,37.41245],[-77.46391,37.41155],[-77.45375,37.40855],[-77.45387,37.40485],[-77.45383,37.40281],[-77.454,37.39573],[-77.45405,37.39064],[-77.4566,37.39169],[-77.4585,37.39232],[-77.45999,37.39275],[-77.46232,37.39327],[-77.46491,37.39368],[-77.46633,37.39383],[-77.46793,37.39393],[-77.47041,37.39395],[-77.47733,37.3937],[-77.48373,37.39343],[-77.48371,37.39431],[-77.48328,37.39858],[-77.48306,37.3998],[-77.48274,37.40098],[-77.48238,37.40194],[-77.48112,37.40474],[-77.481,37.40551],[-77.48109,37.40737],[-77.481,37.40763],[-77.48052,37.40812],[-77.48031,37.4086],[-77.48048,37.40942],[-77.48091,37.41023],[-77.48147,37.4108],[-77.48242,37.41087],[-77.48291,37.41106],[-77.48377,37.41219],[-77.48452,37.4127],[-77.48478,37.41325],[-77.4849,37.41384],[-77.48449,37.41457],[-77.48379,37.41742],[-77.48299,37.4184],[-77.48236,37.41875]]]}},{"type":"Feature","properties":{"geoid":"51041100816","jurisdiction":"Chesterfield","suppressed":false,"rate_bin":3,"rate_bin_label":"1.75% \u2013 2.25%","hot_core":false,"cold_core":false,"zone":2,"zone_label":"Southern suburban belt","race_bin":1,"race_bin_label":"Under 20%","pov_bin":1,"pov_bin_label":"Under 10%"},"geometry":{"type":"Polygon","coordinates":[[[-77.48373,37.39343],[-77.47733,37.3937],[-77.47041,37.39395],[-77.46793,37.39393],[-77.46633,37.39383],[-77.46491,37.39368],[-77.46232,37.39327],[-77.45999,37.39275],[-77.4585,37.39232],[-77.4566,37.39169],[-77.45405,37.39064],[-77.45425,37.38584],[-77.45429,37.38093],[-77.45819,37.38109],[-77.46001,37.38113],[-77.46062,37.38099],[-77.46221,37.38019],[-77.4629,37.38],[-77.4643,37.37996],[-77.46487,37.37984],[-77.46599,37.37944],[-77.46739,37.37903],[-77.46818,37.3789],[-77.47238,37.37881],[-77.47298,37.37875],[-77.47711,37.37806],[-77.48064,37.37713],[-77.48377,37.37597],[-77.48489,37.37589],[-77.48704,37.37624],[-77.48881,37.37631],[-77.48982,37.37618],[-77.48976,37.37655],[-77.48886,37.38061],[-77.48845,37.38124],[-77.48817,37.38145],[-77.48587,37.38266],[-77.48527,37.38303],[-77.48257,37.38517],[-77.48215,37.38562],[-77.48197,37.3861],[-77.48197,37.38658],[-77.48247,37.38957],[-77.4827,37.39033],[-77.48348,37.39201],[-77.48371,37.39295],[-77.48373,37.39343]]]}},{"type":"Feature","properties":{"geoid":"51041100817","jurisdiction":"Chesterfield","suppressed":false,"rate_bin":3,"rate_bin_label":"1.75% \u2013 2.25%","hot_core":false,"cold_core":false,"zone":2,"zone_label":"Southern suburban belt","race_bin":2,"race_bin_label":"20% \u2013 40%","pov_bin":2,"pov_bin_label":"10% \u2013 20%"},"geometry":{"type":"Polygon","coordinates":[[[-77.51514,37.39372],[-77.5132,37.39331],[-77.51099,37.39299],[-77.50917,37.3928],[-77.50477,37.3926],[-77.50306,37.39263],[-77.48373,37.39343],[-77.48371,37.39295],[-77.48348,37.39201],[-77.4827,37.39033],[-77.48247,37.38957],[-77.48197,37.38658],[-77.48197,37.3861],[-77.48215,37.38562],[-77.48257,37.38517],[-77.48527,37.38303],[-77.48587,37.38266],[-77.48817,37.38145],[-77.48845,37.38124],[-77.48886,37.38061],[-77.48976,37.37655],[-77.48982,37.37618],[-77.49051,37.37594],[-77.49349,37.37465],[-77.4954,37.3741],[-77.49623,37.37397],[-77.49938,37.3737],[-77.50208,37.3736],[-77.50312,37.37453],[-77.50433,37.3752],[-77.50545,37.37559],[-77.50636,37.37578],[-77.50839,37.37595],[-77.50977,37.37604],[-77.51122,37.37629],[-77.51216,37.37668],[-77.51291,37.37717],[-77.51376,37.37805],[-77.5142,37.37893],[-77.51435,37.37944],[-77.51575,37.38859],[-77.51583,37.39015],[-77.51576,37.39094],[-77.51541,37.39293],[-77.51514,37.39372]]]}},{"type":"Feature","properties":{"geoid":"51041100818","jurisdiction":"Chesterfield","suppressed":false,"rate_bin":1,"rate_bin_label":"Under 1.25%","hot_core":false,"cold_core":false,"zone":2,"zone_label":"Southern suburban belt","race_bin":2,"race_bin_label":"20% \u2013 40%","pov_bin":1,"pov_bin_label":"Under 10%"},"geometry":{"type":"Polygon","coordinates":[[[-77.54423,37.44683],[-77.54366,37.44671],[-77.53921,37.44495],[-77.53781,37.44545],[-77.53221,37.44315],[-77.52851,37.44345],[-77.52741,37.44296],[-77.52594,37.44106],[-77.52489,37.44438],[-77.52213,37.44349],[-77.52308,37.44293],[-77.52375,37.4424],[-77.524,37.44203],[-77.52425,37.44116],[-77.52485,37.43672],[-77.52551,37.43519],[-77.52578,37.4348],[-77.52624,37.43448],[-77.52778,37.43401],[-77.52919,37.43336],[-77.53034,37.43272],[-77.53083,37.43199],[-77.53103,37.43121],[-77.53165,37.4304],[-77.53274,37.42936],[-77.53311,37.42839],[-77.53345,37.42689],[-77.53372,37.42615],[-77.53509,37.42153],[-77.53569,37.42015],[-77.53587,37.41828],[-77.5362,37.41776],[-77.53649,37.41757],[-77.53802,37.41687],[-77.53979,37.41678],[-77.54173,37.41679],[-77.54283,37.4171],[-77.54356,37.41701],[-77.54468,37.41665],[-77.54636,37.41633],[-77.54716,37.4161],[-77.54832,37.41528],[-77.54954,37.41425],[-77.5502,37.41344],[-77.55089,37.41291],[-77.55189,37.41246],[-77.55326,37.41145],[-77.55408,37.41076],[-77.55487,37.4111],[-77.55582,37.41118],[-77.5562,37.41109],[-77.55797,37.41045],[-77.55981,37.40986],[-77.56058,37.40984],[-77.56112,37.40999],[-77.56307,37.41086],[-77.56276,37.41145],[-77.56037,37.41361],[-77.55995,37.41418],[-77.55956,37.41513],[-77.5587,37.41657],[-77.558,37.41761],[-77.55712,37.41908],[-77.55633,37.42078],[-77.55566,37.42247],[-77.55549,37.42379],[-77.55572,37.42583],[-77.55551,37.42612],[-77.55301,37.42725],[-77.55255,37.42758],[-77.55195,37.42869],[-77.55161,37.42908],[-77.5509,37.42958],[-77.55045,37.43021],[-77.54975,37.4333],[-77.54922,37.4338],[-77.54684,37.43522],[-77.54648,37.4355],[-77.54413,37.4378],[-77.54399,37.4381],[-77.54405,37.44081],[-77.54407,37.44412],[-77.54411,37.44504],[-77.54429,37.44635],[-77.54423,37.44683]]]}},{"type":"Feature","properties":{"geoid":"51041100819","jurisdiction":"Chesterfield","suppressed":false,"rate_bin":2,"rate_bin_label":"1.25% \u2013 1.75%","hot_core":false,"cold_core":false,"zone":2,"zone_label":"Southern suburban belt","race_bin":3,"race_bin_label":"40% \u2013 60%","pov_bin":1,"pov_bin_label":"Under 10%"},"geometry":{"type":"Polygon","coordinates":[[[-77.52213,37.44349],[-77.52075,37.44247],[-77.51971,37.44535],[-77.51842,37.44483],[-77.51669,37.4484],[-77.51472,37.44668],[-77.51386,37.44905],[-77.5111,37.44993],[-77.50534,37.45064],[-77.50491,37.45175],[-77.50261,37.45205],[-77.50171,37.45035],[-77.49891,37.44975],[-77.49811,37.45175],[-77.49797,37.4523],[-77.49834,37.45378],[-77.49692,37.45484],[-77.49635,37.45551],[-77.49487,37.45618],[-77.49447,37.45619],[-77.49708,37.46077],[-77.49779,37.46165],[-77.49692,37.4621],[-77.49611,37.46264],[-77.49555,37.46313],[-77.49484,37.46295],[-77.49485,37.46263],[-77.49459,37.46198],[-77.49543,37.46091],[-77.49563,37.46009],[-77.49558,37.4597],[-77.4937,37.46019],[-77.49304,37.45875],[-77.49223,37.45825],[-77.49201,37.45719],[-77.49129,37.45643],[-77.49044,37.45629],[-77.48972,37.45575],[-77.4888,37.45572],[-77.4879,37.45661],[-77.48756,37.45707],[-77.48698,37.45723],[-77.48714,37.4576],[-77.48705,37.45793],[-77.48658,37.45841],[-77.48639,37.45902],[-77.48616,37.4591],[-77.48545,37.45769],[-77.48547,37.45699],[-77.48605,37.4555],[-77.48649,37.45417],[-77.48658,37.4533],[-77.4865,37.45072],[-77.48641,37.44814],[-77.48661,37.44716],[-77.48684,37.44663],[-77.48863,37.44408],[-77.48897,37.44307],[-77.48912,37.43995],[-77.48948,37.43803],[-77.4905,37.4337],[-77.4924,37.43279],[-77.49406,37.4322],[-77.49562,37.432],[-77.49778,37.4316],[-77.50327,37.43048],[-77.50379,37.43033],[-77.5061,37.42942],[-77.50902,37.42835],[-77.50978,37.42823],[-77.51152,37.42827],[-77.51275,37.42817],[-77.51341,37.428],[-77.51462,37.42756],[-77.51539,37.42718],[-77.51722,37.426],[-77.51797,37.42537],[-77.51867,37.42439],[-77.51883,37.42388],[-77.51881,37.42317],[-77.51853,37.42228],[-77.51847,37.42141],[-77.51869,37.42085],[-77.51915,37.42035],[-77.52064,37.41933],[-77.52163,37.41895],[-77.52421,37.41837],[-77.52466,37.41818],[-77.52586,37.4173],[-77.52688,37.41622],[-77.5275,37.41593],[-77.52804,37.41584],[-77.52926,37.41602],[-77.53558,37.41759],[-77.5362,37.41776],[-77.53587,37.41828],[-77.53569,37.42015],[-77.53509,37.42153],[-77.53372,37.42615],[-77.53345,37.42689],[-77.53311,37.42839],[-77.53274,37.42936],[-77.53165,37.4304],[-77.53103,37.43121],[-77.53083,37.43199],[-77.53034,37.43272],[-77.52919,37.43336],[-77.52778,37.43401],[-77.52624,37.43448],[-77.52578,37.4348],[-77.52551,37.43519],[-77.52485,37.43672],[-77.52425,37.44116],[-77.524,37.44203],[-77.52375,37.4424],[-77.52308,37.44293],[-77.52213,37.44349]]]}},{"type":"Feature","properties":{"geoid":"51041100820","jurisdiction":"Chesterfield","suppressed":false,"rate_bin":2,"rate_bin_label":"1.25% \u2013 1.75%","hot_core":false,"cold_core":false,"zone":2,"zone_label":"Southern suburban belt","race_bin":3,"race_bin_label":"40% \u2013 60%","pov_bin":1,"pov_bin_label":"Under 10%"},"geometry":{"type":"Polygon","coordinates":[[[-77.56307,37.41086],[-77.56112,37.40999],[-77.56058,37.40984],[-77.55981,37.40986],[-77.55797,37.41045],[-77.5562,37.41109],[-77.55582,37.41118],[-77.55487,37.4111],[-77.55408,37.41076],[-77.55326,37.41145],[-77.55189,37.41246],[-77.55089,37.41291],[-77.5502,37.41344],[-77.54954,37.41425],[-77.54832,37.41528],[-77.54716,37.4161],[-77.54636,37.41633],[-77.54468,37.41665],[-77.54356,37.41701],[-77.54283,37.4171],[-77.54173,37.41679],[-77.53979,37.41678],[-77.53802,37.41687],[-77.53649,37.41757],[-77.5362,37.41776],[-77.53558,37.41759],[-77.52926,37.41602],[-77.52804,37.41584],[-77.5275,37.41593],[-77.52688,37.41622],[-77.52586,37.4173],[-77.52466,37.41818],[-77.52421,37.41837],[-77.52163,37.41895],[-77.52064,37.41933],[-77.51915,37.42035],[-77.51869,37.42085],[-77.51847,37.42141],[-77.51853,37.42228],[-77.51881,37.42317],[-77.51883,37.42388],[-77.51867,37.42439],[-77.51797,37.42537],[-77.51722,37.426],[-77.51539,37.42718],[-77.51462,37.42756],[-77.51341,37.428],[-77.51275,37.42817],[-77.51152,37.42827],[-77.50978,37.42823],[-77.50902,37.42835],[-77.5061,37.42942],[-77.50379,37.43033],[-77.50327,37.43048],[-77.49778,37.4316],[-77.49562,37.432],[-77.49406,37.4322],[-77.4924,37.43279],[-77.4905,37.4337],[-77.49076,37.43268],[-77.49137,37.43071],[-77.49175,37.42974],[-77.49227,37.4291],[-77.49272,37.42874],[-77.49497,37.42729],[-77.49621,37.42641],[-77.49818,37.42534],[-77.49902,37.42472],[-77.49977,37.4239],[-77.50104,37.42227],[-77.50159,37.42144],[-77.50199,37.42049],[-77.50211,37.41994],[-77.50214,37.41909],[-77.50203,37.41708],[-77.50174,37.41469],[-77.50169,37.41422],[-77.50162,37.41201],[-77.50166,37.41128],[-77.50181,37.41066],[-77.50218,37.40996],[-77.50309,37.40894],[-77.50477,37.40742],[-77.50547,37.40664],[-77.50934,37.40147],[-77.51045,37.40013],[-77.51169,37.39879],[-77.51299,37.39711],[-77.51485,37.39434],[-77.51514,37.39372],[-77.51738,37.39424],[-77.51967,37.39491],[-77.52106,37.3954],[-77.52274,37.39607],[-77.52398,37.39664],[-77.52593,37.39774],[-77.53051,37.4006],[-77.53485,37.40327],[-77.53591,37.40385],[-77.53809,37.40493],[-77.54051,37.40593],[-77.54324,37.40682],[-77.54502,37.40729],[-77.54765,37.40782],[-77.55046,37.40819],[-77.55527,37.40859],[-77.55831,37.40882],[-77.56259,37.40917],[-77.56569,37.4094],[-77.56672,37.41179],[-77.56536,37.41176],[-77.56462,37.41155],[-77.56307,37.41086]]]}},{"type":"Feature","properties":{"geoid":"51041100821","jurisdiction":"Chesterfield","suppressed":false,"rate_bin":4,"rate_bin_label":"2.25% \u2013 3.25%","hot_core":false,"cold_core":false,"zone":2,"zone_label":"Southern suburban belt","race_bin":1,"race_bin_label":"Under 20%","pov_bin":1,"pov_bin_label":"Under 10%"},"geometry":{"type":"Polygon","coordinates":[[[-77.62404,37.35004],[-77.62114,37.35012],[-77.61863,37.35008],[-77.61858,37.35214],[-77.61833,37.35297],[-77.61816,37.35407],[-77.61779,37.35577],[-77.61702,37.35749],[-77.61651,37.3583],[-77.61542,37.36041],[-77.61419,37.36253],[-77.61401,37.3637],[-77.61342,37.36466],[-77.61342,37.36543],[-77.61359,37.36598],[-77.61394,37.36631],[-77.6147,37.36667],[-77.61534,37.36713],[-77.61618,37.36827],[-77.61675,37.36947],[-77.61685,37.37012],[-77.61642,37.37136],[-77.61606,37.37214],[-77.61559,37.37291],[-77.61457,37.37425],[-77.6141,37.37513],[-77.6132,37.37748],[-77.61292,37.37778],[-77.61009,37.3798],[-77.60842,37.3811],[-77.60671,37.38277],[-77.60559,37.38297],[-77.60497,37.38323],[-77.60149,37.38613],[-77.59947,37.38775],[-77.59887,37.38835],[-77.59869,37.38887],[-77.59828,37.39153],[-77.59771,37.3939],[-77.59753,37.39448],[-77.59714,37.39525],[-77.59582,37.3972],[-77.59539,37.3981],[-77.59479,37.40046],[-77.59453,37.40165],[-77.59327,37.40126],[-77.59221,37.40132],[-77.59098,37.40158],[-77.59071,37.40113],[-77.59048,37.40159],[-77.58915,37.4016],[-77.58857,37.40174],[-77.58755,37.40216],[-77.58643,37.40247],[-77.58473,37.40262],[-77.58365,37.40298],[-77.58175,37.40317],[-77.58084,37.40319],[-77.57798,37.40302],[-77.57686,37.40312],[-77.57376,37.40413],[-77.57331,37.40436],[-77.57125,37.40584],[-77.57002,37.4065],[-77.56909,37.40713],[-77.56829,37.40743],[-77.56784,37.40748],[-77.5672,37.40734],[-77.56582,37.40649],[-77.56529,37.40635],[-77.56457,37.4064],[-77.56444,37.40654],[-77.56569,37.4094],[-77.56259,37.40917],[-77.55831,37.40882],[-77.55527,37.40859],[-77.55046,37.40819],[-77.54765,37.40782],[-77.54502,37.40729],[-77.54324,37.40682],[-77.54051,37.40593],[-77.53809,37.40493],[-77.53591,37.40385],[-77.53485,37.40327],[-77.53051,37.4006],[-77.52593,37.39774],[-77.52398,37.39664],[-77.52274,37.39607],[-77.52106,37.3954],[-77.51967,37.39491],[-77.51738,37.39424],[-77.51514,37.39372],[-77.51541,37.39293],[-77.51576,37.39094],[-77.51583,37.39015],[-77.51575,37.38859],[-77.51435,37.37944],[-77.5142,37.37893],[-77.51376,37.37805],[-77.51291,37.37717],[-77.51216,37.37668],[-77.51122,37.37629],[-77.50977,37.37604],[-77.50839,37.37595],[-77.50849,37.37513],[-77.50878,37.37454],[-77.50947,37.37364],[-77.50992,37.37279],[-77.51028,37.37167],[-77.51082,37.37096],[-77.5118,37.37032],[-77.51398,37.36936],[-77.5169,37.36834],[-77.51833,37.36768],[-77.51942,37.36757],[-77.52004,37.36773],[-77.5206,37.36809],[-77.52133,37.36773],[-77.52117,37.36759],[-77.52227,37.36701],[-77.52282,37.36664],[-77.52373,37.36587],[-77.52428,37.36489],[-77.52478,37.36444],[-77.52463,37.36311],[-77.52501,37.36089],[-77.52515,37.36051],[-77.52597,37.3592],[-77.52642,37.3587],[-77.52717,37.35829],[-77.53006,37.35739],[-77.53142,37.35682],[-77.53244,37.35626],[-77.53383,37.35536],[-77.53632,37.35412],[-77.53765,37.35327],[-77.53844,37.35294],[-77.53996,37.35247],[-77.54048,37.35209],[-77.54077,37.35167],[-77.54159,37.35109],[-77.5423,37.35047],[-77.54279,37.34974],[-77.54352,37.34903],[-77.54373,37.34871],[-77.54453,37.34692],[-77.54501,37.34628],[-77.54558,37.34588],[-77.54705,37.34525],[-77.5481,37.34474],[-77.54844,37.34444],[-77.54853,37.34345],[-77.54827,37.33931],[-77.54804,37.33694],[-77.54808,37.33661],[-77.54851,37.3357],[-77.54892,37.33509],[-77.55028,37.3336],[-77.55124,37.33343],[-77.55176,37.33222],[-77.55195,37.33091],[-77.55277,37.32958],[-77.55323,37.32787],[-77.55333,37.32572],[-77.553,37.32457],[-77.55363,37.32452],[-77.5542,37.3243],[-77.55433,37.32359],[-77.55465,37.32324],[-77.55554,37.32286],[-77.55596,37.32286],[-77.55675,37.32247],[-77.55743,37.32199],[-77.55762,37.32158],[-77.55808,37.32126],[-77.55834,37.32133],[-77.55875,37.3219],[-77.55898,37.32248],[-77.5596,37.32274],[-77.55997,37.3226],[-77.56015,37.32207],[-77.56069,37.32188],[-77.56148,37.32189],[-77.56207,37.32206],[-77.56277,37.32201],[-77.5628,37.32173],[-77.56231,37.32037],[-77.56299,37.32006],[-77.56457,37.3196],[-77.56538,37.31982],[-77.56594,37.31968],[-77.56651,37.31928],[-77.5696,37.31787],[-77.56969,37.31741],[-77.5702,37.31727],[-77.57086,37.3169],[-77.57097,37.31656],[-77.5731,37.31639],[-77.5738,37.31655],[-77.57447,37.3164],[-77.57501,37.31648],[-77.57593,37.31641],[-77.57621,37.31593],[-77.57679,37.31617],[-77.577,37.31678],[-77.5777,37.31693],[-77.57798,37.31716],[-77.57796,37.31752],[-77.57887,37.31791],[-77.57912,37.31822],[-77.57952,37.31809],[-77.5796,37.3184],[-77.5804,37.31887],[-77.58036,37.32001],[-77.58146,37.3201],[-77.58208,37.31952],[-77.58227,37.31884],[-77.58262,37.3188],[-77.58328,37.31918],[-77.58348,37.31956],[-77.58421,37.31992],[-77.5843,37.32058],[-77.58469,37.32079],[-77.58494,37.32018],[-77.58549,37.32001],[-77.58599,37.32012],[-77.58645,37.3206],[-77.58696,37.32081],[-77.5885,37.32072],[-77.58876,37.32126],[-77.59008,37.32299],[-77.59056,37.32323],[-77.59056,37.32368],[-77.59089,37.32414],[-77.5917,37.32463],[-77.59232,37.32481],[-77.59263,37.32515],[-77.59263,37.32577],[-77.59296,37.32595],[-77.59404,37.32737],[-77.59422,37.32734],[-77.59463,37.32799],[-77.5951,37.328],[-77.59593,37.32767],[-77.5965,37.32708],[-77.59676,37.32699],[-77.59692,37.32745],[-77.59729,37.32756],[-77.59729,37.32878],[-77.59739,37.32899],[-77.59813,37.3296],[-77.59855,37.32978],[-77.59851,37.33028],[-77.59973,37.33019],[-77.60019,37.33033],[-77.60082,37.33103],[-77.60142,37.33186],[-77.60142,37.33217],[-77.60168,37.33314],[-77.60206,37.3334],[-77.60203,37.33366],[-77.60243,37.33369],[-77.60285,37.33349],[-77.60431,37.33396],[-77.60479,37.33489],[-77.60622,37.33502],[-77.60718,37.33528],[-77.60745,37.33514],[-77.60846,37.33518],[-77.60883,37.33557],[-77.60938,37.33575],[-77.61025,37.33588],[-77.61251,37.33603],[-77.61416,37.33596],[-77.61424,37.33604],[-77.61957,37.33618],[-77.61984,37.33607],[-77.62152,37.33586],[-77.62222,37.33585],[-77.62308,37.33617],[-77.62341,37.33655],[-77.62369,37.33649],[-77.62435,37.3367],[-77.6258,37.33742],[-77.62628,37.33726],[-77.62662,37.33692],[-77.62915,37.33704],[-77.62939,37.33696],[-77.63053,37.33711],[-77.63076,37.33751],[-77.63104,37.33857],[-77.63148,37.33941],[-77.63167,37.33957],[-77.63007,37.34093],[-77.62961,37.34144],[-77.62916,37.34253],[-77.62901,37.34382],[-77.62869,37.3444],[-77.62776,37.34566],[-77.62683,37.34681],[-77.62457,37.34874],[-77.62433,37.349],[-77.62404,37.35004]]]}},{"type":"Feature","properties":{"geoid":"51041100822","jurisdiction":"Chesterfield","suppressed":false,"rate_bin":2,"rate_bin_label":"1.25% \u2013 1.75%","hot_core":false,"cold_core":false,"zone":2,"zone_label":"Southern suburban belt","race_bin":2,"race_bin_label":"20% \u2013 40%","pov_bin":1,"pov_bin_label":"Under 10%"},"geometry":{"type":"Polygon","coordinates":[[[-77.50839,37.37595],[-77.50636,37.37578],[-77.50545,37.37559],[-77.50433,37.3752],[-77.50312,37.37453],[-77.50208,37.3736],[-77.50159,37.37285],[-77.50088,37.37124],[-77.49867,37.36559],[-77.49839,37.36444],[-77.49801,37.36012],[-77.49768,37.3587],[-77.49721,37.35754],[-77.49656,37.35642],[-77.49573,37.35534],[-77.49479,37.35437],[-77.49396,37.35383],[-77.49301,37.35343],[-77.49156,37.35312],[-77.49089,37.35309],[-77.48573,37.35329],[-77.48464,37.35326],[-77.48315,37.35312],[-77.48173,37.35284],[-77.48,37.35232],[-77.47477,37.35036],[-77.47276,37.34983],[-77.47145,37.34964],[-77.47155,37.34905],[-77.4714,37.34834],[-77.47106,37.34797],[-77.46966,37.347],[-77.46936,37.34669],[-77.46898,37.34588],[-77.46857,37.3447],[-77.46768,37.34185],[-77.46743,37.34044],[-77.4669,37.34001],[-77.46603,37.33978],[-77.46518,37.3393],[-77.46364,37.33802],[-77.46224,37.33638],[-77.46165,37.33581],[-77.46067,37.33536],[-77.46038,37.33511],[-77.4598,37.33357],[-77.4593,37.3318],[-77.45931,37.33114],[-77.4595,37.33027],[-77.45968,37.32887],[-77.45993,37.32775],[-77.46007,37.32619],[-77.45993,37.32555],[-77.45939,37.32457],[-77.45915,37.32375],[-77.4592,37.32093],[-77.45904,37.31939],[-77.45873,37.31848],[-77.45819,37.31754],[-77.45766,37.31685],[-77.45676,37.3155],[-77.45593,37.31406],[-77.45499,37.31262],[-77.45413,37.31118],[-77.45317,37.30998],[-77.45264,37.30915],[-77.45168,37.30817],[-77.45071,37.30688],[-77.4504,37.30632],[-77.44987,37.30567],[-77.449,37.30489],[-77.44773,37.30392],[-77.44728,37.30344],[-77.44668,37.30237],[-77.4458,37.30095],[-77.44447,37.29945],[-77.44317,37.29851],[-77.4401,37.2968],[-77.43912,37.29664],[-77.43829,37.29627],[-77.43721,37.29514],[-77.43644,37.29449],[-77.43511,37.29384],[-77.43456,37.29351],[-77.4339,37.29279],[-77.43374,37.29182],[-77.43323,37.29129],[-77.43193,37.29052],[-77.43153,37.29002],[-77.43156,37.2886],[-77.43133,37.28782],[-77.43095,37.28713],[-77.42952,37.28496],[-77.42929,37.28435],[-77.4293,37.2839],[-77.42954,37.28287],[-77.42976,37.28238],[-77.43107,37.28082],[-77.43186,37.27976],[-77.43219,37.27905],[-77.43235,37.27789],[-77.43221,37.27661],[-77.43227,37.27599],[-77.43302,37.27621],[-77.43435,37.27718],[-77.43474,37.27768],[-77.43507,37.2784],[-77.43521,37.2791],[-77.43573,37.27962],[-77.43636,37.27971],[-77.43708,37.28015],[-77.43837,37.2817],[-77.43891,37.28211],[-77.43997,37.28253],[-77.44147,37.28265],[-77.44294,37.28288],[-77.44345,37.28307],[-77.44393,37.28358],[-77.44432,37.28459],[-77.44471,37.28505],[-77.4452,37.28534],[-77.44589,37.28556],[-77.44634,37.28596],[-77.44647,37.28637],[-77.44639,37.28742],[-77.44648,37.28798],[-77.44724,37.28941],[-77.4476,37.28982],[-77.44841,37.29046],[-77.4498,37.29082],[-77.45027,37.29064],[-77.45073,37.29009],[-77.45127,37.28978],[-77.45191,37.28966],[-77.45388,37.28902],[-77.45493,37.28852],[-77.45576,37.288],[-77.45785,37.28785],[-77.45932,37.28807],[-77.4609,37.2877],[-77.46253,37.28766],[-77.46421,37.28803],[-77.4653,37.28791],[-77.46619,37.2879],[-77.4669,37.28801],[-77.46751,37.28824],[-77.46823,37.28865],[-77.46944,37.28917],[-77.47152,37.29033],[-77.47182,37.29077],[-77.47175,37.29164],[-77.47103,37.29247],[-77.47016,37.29314],[-77.46746,37.29501],[-77.46684,37.2971],[-77.46708,37.29761],[-77.46772,37.29822],[-77.46875,37.29874],[-77.47035,37.29939],[-77.4708,37.29964],[-77.47149,37.30022],[-77.47221,37.30102],[-77.47287,37.30211],[-77.47314,37.30324],[-77.47344,37.30372],[-77.47374,37.30472],[-77.47435,37.30561],[-77.4753,37.30608],[-77.47548,37.30629],[-77.47525,37.3072],[-77.47565,37.30767],[-77.47596,37.30771],[-77.47653,37.30729],[-77.47664,37.30651],[-77.47721,37.30627],[-77.47861,37.3066],[-77.47972,37.30735],[-77.48075,37.3086],[-77.48147,37.30889],[-77.48227,37.30902],[-77.48303,37.30932],[-77.48415,37.30949],[-77.48451,37.30991],[-77.48516,37.31045],[-77.48538,37.31106],[-77.48546,37.31184],[-77.48637,37.31303],[-77.48659,37.31347],[-77.48741,37.31443],[-77.48807,37.31439],[-77.48874,37.31376],[-77.48917,37.31318],[-77.48973,37.31297],[-77.4903,37.3131],[-77.49096,37.314],[-77.49167,37.31484],[-77.49274,37.3154],[-77.49342,37.31547],[-77.49436,37.31525],[-77.495,37.31491],[-77.4952,37.31465],[-77.49569,37.31346],[-77.49623,37.31305],[-77.49665,37.31313],[-77.49718,37.31343],[-77.49771,37.3141],[-77.4974,37.31496],[-77.49677,37.31562],[-77.49651,37.31628],[-77.49681,37.31676],[-77.49758,37.31721],[-77.49854,37.31728],[-77.49926,37.31681],[-77.5,37.3165],[-77.50055,37.31679],[-77.50152,37.31752],[-77.50222,37.31843],[-77.50329,37.31899],[-77.50358,37.31951],[-77.50382,37.32057],[-77.50395,37.32171],[-77.50415,37.32203],[-77.5045,37.32212],[-77.50538,37.32193],[-77.50601,37.32165],[-77.50701,37.32099],[-77.50761,37.321],[-77.50811,37.32149],[-77.50825,37.32234],[-77.50919,37.32343],[-77.50958,37.32407],[-77.50971,37.32468],[-77.50921,37.32518],[-77.50987,37.3259],[-77.50987,37.32626],[-77.51072,37.32656],[-77.51176,37.32655],[-77.51187,37.32695],[-77.51262,37.3274],[-77.51331,37.32714],[-77.51398,37.32747],[-77.51435,37.3278],[-77.51512,37.328],[-77.51559,37.32841],[-77.51663,37.32897],[-77.51723,37.3292],[-77.51795,37.32885],[-77.51773,37.32851],[-77.51782,37.32776],[-77.51818,37.32768],[-77.51839,37.32683],[-77.51928,37.32612],[-77.5197,37.32654],[-77.51975,37.32701],[-77.51959,37.32738],[-77.52011,37.32757],[-77.52048,37.32744],[-77.52166,37.32632],[-77.52181,37.32608],[-77.52143,37.32546],[-77.5214,37.32514],[-77.52159,37.32434],[-77.52239,37.32431],[-77.52284,37.32447],[-77.52348,37.32494],[-77.5242,37.32511],[-77.52465,37.32481],[-77.52475,37.32443],[-77.52456,37.32426],[-77.52376,37.32421],[-77.52316,37.32402],[-77.52328,37.32346],[-77.52399,37.32297],[-77.52454,37.32282],[-77.5252,37.32208],[-77.52859,37.32361],[-77.53113,37.3244],[-77.53302,37.32507],[-77.53638,37.32632],[-77.53918,37.32765],[-77.54022,37.3282],[-77.54249,37.32955],[-77.54784,37.33296],[-77.54829,37.33321],[-77.54927,37.3335],[-77.55028,37.3336],[-77.54892,37.33509],[-77.54851,37.3357],[-77.54808,37.33661],[-77.54804,37.33694],[-77.54827,37.33931],[-77.54853,37.34345],[-77.54844,37.34444],[-77.5481,37.34474],[-77.54705,37.34525],[-77.54558,37.34588],[-77.54501,37.34628],[-77.54453,37.34692],[-77.54373,37.34871],[-77.54352,37.34903],[-77.54279,37.34974],[-77.5423,37.35047],[-77.54159,37.35109],[-77.54077,37.35167],[-77.54048,37.35209],[-77.53996,37.35247],[-77.53844,37.35294],[-77.53765,37.35327],[-77.53632,37.35412],[-77.53383,37.35536],[-77.53244,37.35626],[-77.53142,37.35682],[-77.53006,37.35739],[-77.52717,37.35829],[-77.52642,37.3587],[-77.52597,37.3592],[-77.52515,37.36051],[-77.52501,37.36089],[-77.52463,37.36311],[-77.52478,37.36444],[-77.52428,37.36489],[-77.52373,37.36587],[-77.52282,37.36664],[-77.52227,37.36701],[-77.52117,37.36759],[-77.52133,37.36773],[-77.5206,37.36809],[-77.52004,37.36773],[-77.51942,37.36757],[-77.51833,37.36768],[-77.5169,37.36834],[-77.51398,37.36936],[-77.5118,37.37032],[-77.51082,37.37096],[-77.51028,37.37167],[-77.50992,37.37279],[-77.50947,37.37364],[-77.50878,37.37454],[-77.50849,37.37513],[-77.50839,37.37595]]]}},{"type":"Feature","properties":{"geoid":"51041100823","jurisdiction":"Chesterfield","suppressed":false,"rate_bin":3,"rate_bin_label":"1.75% \u2013 2.25%","hot_core":false,"cold_core":false,"zone":2,"zone_label":"Southern suburban belt","race_bin":2,"race_bin_label":"20% \u2013 40%","pov_bin":1,"pov_bin_label":"Under 10%"},"geometry":{"type":"Polygon","coordinates":[[[-77.48982,37.37618],[-77.48881,37.37631],[-77.48704,37.37624],[-77.48489,37.37589],[-77.48377,37.37597],[-77.48064,37.37713],[-77.47711,37.37806],[-77.47298,37.37875],[-77.47238,37.37881],[-77.46818,37.3789],[-77.46739,37.37903],[-77.46599,37.37944],[-77.46487,37.37984],[-77.4643,37.37996],[-77.4629,37.38],[-77.46221,37.38019],[-77.46062,37.38099],[-77.46001,37.38113],[-77.45819,37.38109],[-77.45429,37.38093],[-77.45429,37.37687],[-77.45422,37.37525],[-77.45386,37.37353],[-77.45343,37.37222],[-77.45256,37.37036],[-77.45891,37.36675],[-77.46001,37.36375],[-77.4576,37.36097],[-77.45849,37.35809],[-77.4619,37.35236],[-77.46391,37.35175],[-77.46449,37.35016],[-77.46811,37.34963],[-77.46977,37.34954],[-77.47145,37.34964],[-77.47276,37.34983],[-77.47477,37.35036],[-77.48,37.35232],[-77.48173,37.35284],[-77.48315,37.35312],[-77.48464,37.35326],[-77.48573,37.35329],[-77.49089,37.35309],[-77.49156,37.35312],[-77.49301,37.35343],[-77.49396,37.35383],[-77.49479,37.35437],[-77.49573,37.35534],[-77.49656,37.35642],[-77.49721,37.35754],[-77.49768,37.3587],[-77.49801,37.36012],[-77.49839,37.36444],[-77.49867,37.36559],[-77.50088,37.37124],[-77.50159,37.37285],[-77.50208,37.3736],[-77.49938,37.3737],[-77.49623,37.37397],[-77.4954,37.3741],[-77.49349,37.37465],[-77.49051,37.37594],[-77.48982,37.37618]]]}},{"type":"Feature","properties":{"geoid":"51041100902","jurisdiction":"Chesterfield","suppressed":false,"rate_bin":2,"rate_bin_label":"1.25% \u2013 1.75%","hot_core":false,"cold_core":false,"zone":1,"zone_label":"Henrico\u2013Chesterfield suburban ring","race_bin":1,"race_bin_label":"Under 20%","pov_bin":1,"pov_bin_label":"Under 10%"},"geometry":{"type":"Polygon","coordinates":[[[-77.59245,37.53295],[-77.59171,37.53321],[-77.59044,37.53344],[-77.5892,37.53348],[-77.58836,37.53341],[-77.58102,37.53232],[-77.57955,37.53218],[-77.57793,37.53233],[-77.57144,37.53395],[-77.56925,37.53451],[-77.56776,37.53484],[-77.56638,37.53531],[-77.56558,37.53567],[-77.5637,37.53668],[-77.55861,37.53951],[-77.55694,37.54065],[-77.5559,37.54155],[-77.55452,37.54303],[-77.55251,37.54183],[-77.54914,37.53559],[-77.54504,37.5281],[-77.54582,37.52787],[-77.55334,37.52606],[-77.55405,37.52591],[-77.55464,37.52555],[-77.55591,37.52437],[-77.55635,37.52403],[-77.55726,37.52363],[-77.56047,37.52327],[-77.56205,37.52329],[-77.56273,37.52342],[-77.56353,37.52381],[-77.56399,37.52415],[-77.56487,37.52462],[-77.56561,37.5249],[-77.56814,37.52526],[-77.56978,37.52541],[-77.57241,37.52573],[-77.57346,37.52575],[-77.57579,37.52513],[-77.57678,37.52471],[-77.57882,37.52453],[-77.58131,37.52446],[-77.58423,37.5245],[-77.58767,37.52472],[-77.5891,37.52475],[-77.59254,37.52497],[-77.59761,37.52525],[-77.59996,37.52518],[-77.60138,37.52502],[-77.60331,37.52462],[-77.6034,37.52499],[-77.60182,37.52553],[-77.60052,37.52622],[-77.59924,37.52722],[-77.59561,37.53068],[-77.59449,37.53173],[-77.59353,37.53241],[-77.59245,37.53295]]]}},{"type":"Feature","properties":{"geoid":"51041100907","jurisdiction":"Chesterfield","suppressed":false,"rate_bin":3,"rate_bin_label":"1.75% \u2013 2.25%","hot_core":false,"cold_core":false,"zone":1,"zone_label":"Henrico\u2013Chesterfield suburban ring","race_bin":1,"race_bin_label":"Under 20%","pov_bin":1,"pov_bin_label":"Under 10%"},"geometry":{"type":"Polygon","coordinates":[[[-77.56931,37.52295],[-77.56894,37.52278],[-77.56753,37.52243],[-77.56499,37.52223],[-77.56427,37.52174],[-77.56381,37.52094],[-77.56295,37.51853],[-77.56295,37.51801],[-77.56352,37.51646],[-77.56349,37.51619],[-77.56286,37.51478],[-77.56237,37.51423],[-77.56187,37.51383],[-77.56155,37.51341],[-77.56097,37.51125],[-77.56057,37.51014],[-77.55992,37.50956],[-77.55871,37.50834],[-77.55773,37.50796],[-77.55746,37.50691],[-77.5564,37.50502],[-77.55538,37.50473],[-77.55448,37.50459],[-77.55275,37.50453],[-77.54964,37.50556],[-77.54913,37.50473],[-77.54868,37.50427],[-77.54642,37.50261],[-77.54616,37.50237],[-77.54574,37.50164],[-77.54568,37.50119],[-77.54603,37.50004],[-77.54602,37.49963],[-77.54522,37.49788],[-77.54507,37.49743],[-77.547,37.497],[-77.5524,37.49575],[-77.55511,37.49515],[-77.55581,37.49505],[-77.55757,37.49507],[-77.56118,37.49541],[-77.56229,37.49551],[-77.56358,37.49574],[-77.5649,37.49613],[-77.56783,37.49739],[-77.56867,37.49787],[-77.57268,37.50088],[-77.57618,37.50347],[-77.57765,37.50438],[-77.57847,37.5048],[-77.57982,37.50537],[-77.57952,37.50624],[-77.57989,37.50655],[-77.58174,37.50729],[-77.57863,37.51174],[-77.57624,37.51511],[-77.57193,37.52127],[-77.5716,37.52153],[-77.57055,37.52198],[-77.57007,37.52246],[-77.56931,37.52295]]]}},{"type":"Feature","properties":{"geoid":"51041100910","jurisdiction":"Chesterfield","suppressed":false,"rate_bin":3,"rate_bin_label":"1.75% \u2013 2.25%","hot_core":false,"cold_core":false,"zone":1,"zone_label":"Henrico\u2013Chesterfield suburban ring","race_bin":1,"race_bin_label":"Under 20%","pov_bin":1,"pov_bin_label":"Under 10%"},"geometry":{"type":"Polygon","coordinates":[[[-77.59651,37.49036],[-77.59567,37.49057],[-77.5931,37.49063],[-77.59256,37.49058],[-77.59067,37.49022],[-77.59004,37.49003],[-77.58869,37.48945],[-77.58681,37.48876],[-77.58607,37.4884],[-77.58514,37.48743],[-77.58465,37.48719],[-77.58328,37.48689],[-77.58046,37.48646],[-77.57991,37.48631],[-77.57764,37.4854],[-77.5769,37.48503],[-77.57579,37.48422],[-77.57451,37.48311],[-77.57306,37.48178],[-77.5714,37.48024],[-77.57021,37.47885],[-77.56906,37.47725],[-77.5687,37.47694],[-77.56478,37.47454],[-77.56347,37.47359],[-77.56385,37.47273],[-77.56606,37.46894],[-77.56642,37.46846],[-77.56711,37.46783],[-77.5682,37.46702],[-77.56874,37.46676],[-77.57028,37.46638],[-77.57176,37.46614],[-77.57329,37.46574],[-77.57375,37.46555],[-77.57497,37.46453],[-77.57692,37.46326],[-77.57778,37.46276],[-77.57928,37.46209],[-77.58027,37.46178],[-77.5818,37.46158],[-77.58337,37.46123],[-77.58593,37.4613],[-77.58675,37.46128],[-77.59176,37.46078],[-77.59222,37.46181],[-77.59295,37.463],[-77.5935,37.46415],[-77.59378,37.46549],[-77.5936,37.46551],[-77.59397,37.4674],[-77.59421,37.46831],[-77.59453,37.46921],[-77.59567,37.47136],[-77.59625,37.47256],[-77.59649,37.47376],[-77.59661,37.47494],[-77.59638,37.47806],[-77.59665,37.47922],[-77.5978,37.48159],[-77.59795,37.48215],[-77.59801,37.48302],[-77.59769,37.48482],[-77.59723,37.48644],[-77.59635,37.4888],[-77.59629,37.48969],[-77.59651,37.49036]]]}},{"type":"Feature","properties":{"geoid":"51041100912","jurisdiction":"Chesterfield","suppressed":false,"rate_bin":1,"rate_bin_label":"Under 1.25%","hot_core":false,"cold_core":true,"zone":1,"zone_label":"Henrico\u2013Chesterfield suburban ring","race_bin":1,"race_bin_label":"Under 20%","pov_bin":1,"pov_bin_label":"Under 10%"},"geometry":{"type":"Polygon","coordinates":[[[-77.6916,37.44216],[-77.68791,37.44258],[-77.68654,37.4427],[-77.68132,37.44302],[-77.67512,37.44341],[-77.67294,37.44348],[-77.67242,37.44354],[-77.67055,37.44403],[-77.66995,37.44431],[-77.66906,37.44496],[-77.66772,37.44608],[-77.66311,37.44851],[-77.66115,37.44934],[-77.65972,37.45026],[-77.65869,37.45064],[-77.65776,37.45084],[-77.65698,37.45085],[-77.65412,37.45049],[-77.65144,37.45008],[-77.64896,37.44977],[-77.64747,37.4497],[-77.64619,37.44976],[-77.64488,37.45013],[-77.644,37.45026],[-77.64291,37.45027],[-77.64184,37.4502],[-77.64065,37.45021],[-77.63706,37.45031],[-77.63669,37.44672],[-77.63652,37.4453],[-77.63608,37.44269],[-77.63576,37.44114],[-77.63535,37.43944],[-77.63251,37.4287],[-77.63212,37.42732],[-77.63147,37.42574],[-77.63085,37.4246],[-77.63033,37.42378],[-77.63424,37.42252],[-77.63526,37.42207],[-77.63646,37.42128],[-77.63723,37.42062],[-77.6439,37.41453],[-77.64428,37.41452],[-77.64509,37.41427],[-77.64608,37.4142],[-77.64622,37.41491],[-77.64858,37.41777],[-77.65286,37.41835],[-77.65605,37.42367],[-77.65763,37.42613],[-77.67029,37.43463],[-77.68555,37.43844],[-77.68864,37.44035],[-77.68942,37.44063],[-77.68989,37.44105],[-77.6912,37.44159],[-77.6916,37.44216]]]}},{"type":"Feature","properties":{"geoid":"51041100915","jurisdiction":"Chesterfield","suppressed":false,"rate_bin":2,"rate_bin_label":"1.25% \u2013 1.75%","hot_core":false,"cold_core":true,"zone":1,"zone_label":"Henrico\u2013Chesterfield suburban ring","race_bin":1,"race_bin_label":"Under 20%","pov_bin":1,"pov_bin_label":"Under 10%"},"geometry":{"type":"Polygon","coordinates":[[[-77.67268,37.50715],[-77.66621,37.50908],[-77.66318,37.50994],[-77.659,37.51114],[-77.65775,37.51132],[-77.65688,37.51133],[-77.65574,37.51119],[-77.65423,37.51075],[-77.65201,37.50979],[-77.64801,37.50814],[-77.64687,37.50782],[-77.64544,37.50769],[-77.64408,37.50779],[-77.64262,37.50809],[-77.64189,37.50831],[-77.64081,37.50877],[-77.63942,37.50971],[-77.63884,37.51026],[-77.63774,37.51225],[-77.63702,37.51344],[-77.63525,37.51471],[-77.63347,37.5159],[-77.6292,37.51812],[-77.6268,37.51915],[-77.62567,37.51936],[-77.62367,37.51931],[-77.62162,37.51941],[-77.61744,37.52052],[-77.61454,37.52142],[-77.61191,37.52215],[-77.61255,37.52177],[-77.61406,37.52122],[-77.61463,37.52095],[-77.61559,37.52008],[-77.6161,37.51901],[-77.61615,37.51826],[-77.61602,37.51763],[-77.61525,37.51514],[-77.61492,37.5137],[-77.61479,37.51268],[-77.61449,37.51174],[-77.61294,37.50814],[-77.61168,37.50506],[-77.61974,37.50435],[-77.62163,37.5042],[-77.6292,37.503],[-77.63192,37.50282],[-77.63915,37.50251],[-77.64037,37.50236],[-77.64054,37.50245],[-77.64242,37.50238],[-77.64518,37.50242],[-77.64745,37.50261],[-77.64816,37.50272],[-77.65173,37.50357],[-77.65167,37.50368],[-77.6555,37.50453],[-77.65901,37.50542],[-77.66112,37.5059],[-77.66231,37.50609],[-77.66418,37.50625],[-77.66585,37.50628],[-77.66901,37.50625],[-77.67034,37.50646],[-77.67268,37.50715]]]}},{"type":"Feature","properties":{"geoid":"51041100919","jurisdiction":"Chesterfield","suppressed":false,"rate_bin":3,"rate_bin_label":"1.75% \u2013 2.25%","hot_core":false,"cold_core":false,"zone":1,"zone_label":"Henrico\u2013Chesterfield suburban ring","race_bin":2,"race_bin_label":"20% \u2013 40%","pov_bin":1,"pov_bin_label":"Under 10%"},"geometry":{"type":"Polygon","coordinates":[[[-77.63798,37.46133],[-77.6352,37.46145],[-77.63163,37.46167],[-77.62972,37.46188],[-77.62188,37.46261],[-77.61479,37.46334],[-77.60125,37.46472],[-77.5994,37.46493],[-77.59378,37.46549],[-77.5935,37.46415],[-77.59295,37.463],[-77.59222,37.46181],[-77.59176,37.46078],[-77.59146,37.4593],[-77.59101,37.45845],[-77.58812,37.45446],[-77.58667,37.45246],[-77.58477,37.44969],[-77.58417,37.44868],[-77.58212,37.44454],[-77.58157,37.44359],[-77.58781,37.44162],[-77.5902,37.44089],[-77.59237,37.44018],[-77.59497,37.43926],[-77.59963,37.43767],[-77.60573,37.4355],[-77.60983,37.43407],[-77.61286,37.43299],[-77.62115,37.42963],[-77.62276,37.42896],[-77.62437,37.42805],[-77.62505,37.42752],[-77.62707,37.42554],[-77.62806,37.4248],[-77.6296,37.42403],[-77.63033,37.42378],[-77.63085,37.4246],[-77.63147,37.42574],[-77.63212,37.42732],[-77.63251,37.4287],[-77.63535,37.43944],[-77.63576,37.44114],[-77.63608,37.44269],[-77.63652,37.4453],[-77.63669,37.44672],[-77.63706,37.45031],[-77.63725,37.45237],[-77.63736,37.45507],[-77.63779,37.45929],[-77.63798,37.46133]]]}},{"type":"Feature","properties":{"geoid":"51041100920","jurisdiction":"Chesterfield","suppressed":false,"rate_bin":1,"rate_bin_label":"Under 1.25%","hot_core":false,"cold_core":false,"zone":1,"zone_label":"Henrico\u2013Chesterfield suburban ring","race_bin":2,"race_bin_label":"20% \u2013 40%","pov_bin":1,"pov_bin_label":"Under 10%"},"geometry":{"type":"Polygon","coordinates":[[[-77.61191,37.52215],[-77.60897,37.52112],[-77.60515,37.51983],[-77.60438,37.51952],[-77.60291,37.51879],[-77.60191,37.51845],[-77.6005,37.51813],[-77.59791,37.51729],[-77.59625,37.51669],[-77.59375,37.51586],[-77.59276,37.51541],[-77.58949,37.51309],[-77.58839,37.51213],[-77.58692,37.51051],[-77.58641,37.51007],[-77.58439,37.5085],[-77.58335,37.50792],[-77.58174,37.50729],[-77.57989,37.50655],[-77.57952,37.50624],[-77.57982,37.50537],[-77.58203,37.50607],[-77.58381,37.50643],[-77.58537,37.5066],[-77.59092,37.507],[-77.59189,37.50702],[-77.59338,37.50694],[-77.60659,37.50561],[-77.6089,37.50533],[-77.61168,37.50506],[-77.61294,37.50814],[-77.61449,37.51174],[-77.61479,37.51268],[-77.61492,37.5137],[-77.61525,37.51514],[-77.61602,37.51763],[-77.61615,37.51826],[-77.6161,37.51901],[-77.61559,37.52008],[-77.61463,37.52095],[-77.61406,37.52122],[-77.61255,37.52177],[-77.61191,37.52215]]]}},{"type":"Feature","properties":{"geoid":"51041100921","jurisdiction":"Chesterfield","suppressed":false,"rate_bin":2,"rate_bin_label":"1.25% \u2013 1.75%","hot_core":false,"cold_core":false,"zone":1,"zone_label":"Henrico\u2013Chesterfield suburban ring","race_bin":1,"race_bin_label":"Under 20%","pov_bin":1,"pov_bin_label":"Under 10%"},"geometry":{"type":"Polygon","coordinates":[[[-77.60331,37.52462],[-77.60138,37.52502],[-77.59996,37.52518],[-77.59761,37.52525],[-77.59254,37.52497],[-77.5891,37.52475],[-77.58767,37.52472],[-77.58423,37.5245],[-77.58131,37.52446],[-77.57882,37.52453],[-77.57678,37.52471],[-77.57579,37.52513],[-77.57346,37.52575],[-77.57241,37.52573],[-77.56978,37.52541],[-77.56814,37.52526],[-77.56561,37.5249],[-77.56487,37.52462],[-77.56399,37.52415],[-77.56353,37.52381],[-77.56273,37.52342],[-77.56205,37.52329],[-77.56226,37.52314],[-77.56301,37.52311],[-77.5641,37.52293],[-77.56697,37.52283],[-77.56843,37.52326],[-77.56892,37.5232],[-77.56931,37.52295],[-77.57007,37.52246],[-77.57055,37.52198],[-77.5716,37.52153],[-77.57193,37.52127],[-77.57624,37.51511],[-77.57863,37.51174],[-77.58174,37.50729],[-77.58335,37.50792],[-77.58439,37.5085],[-77.58641,37.51007],[-77.58692,37.51051],[-77.58839,37.51213],[-77.58949,37.51309],[-77.59276,37.51541],[-77.59375,37.51586],[-77.59625,37.51669],[-77.59791,37.51729],[-77.6005,37.51813],[-77.60191,37.51845],[-77.60291,37.51879],[-77.60438,37.51952],[-77.60515,37.51983],[-77.60897,37.52112],[-77.61191,37.52215],[-77.61048,37.52265],[-77.60331,37.52462]]]}},{"type":"Feature","properties":{"geoid":"51041100922","jurisdiction":"Chesterfield","suppressed":false,"rate_bin":3,"rate_bin_label":"1.75% \u2013 2.25%","hot_core":false,"cold_core":false,"zone":1,"zone_label":"Henrico\u2013Chesterfield suburban ring","race_bin":2,"race_bin_label":"20% \u2013 40%","pov_bin":1,"pov_bin_label":"Under 10%"},"geometry":{"type":"Polygon","coordinates":[[[-77.6089,37.50533],[-77.60659,37.50561],[-77.59338,37.50694],[-77.59189,37.50702],[-77.59092,37.507],[-77.58537,37.5066],[-77.58381,37.50643],[-77.58203,37.50607],[-77.57982,37.50537],[-77.57847,37.5048],[-77.57765,37.50438],[-77.57618,37.50347],[-77.57268,37.50088],[-77.56867,37.49787],[-77.56783,37.49739],[-77.5649,37.49613],[-77.56358,37.49574],[-77.56229,37.49551],[-77.56118,37.49541],[-77.56276,37.49309],[-77.56334,37.49234],[-77.56521,37.49016],[-77.56829,37.48668],[-77.57265,37.48228],[-77.57306,37.48178],[-77.57451,37.48311],[-77.57579,37.48422],[-77.5769,37.48503],[-77.57764,37.4854],[-77.57991,37.48631],[-77.58046,37.48646],[-77.58328,37.48689],[-77.58465,37.48719],[-77.58514,37.48743],[-77.58607,37.4884],[-77.58681,37.48876],[-77.58869,37.48945],[-77.59004,37.49003],[-77.59067,37.49022],[-77.59256,37.49058],[-77.5931,37.49063],[-77.59567,37.49057],[-77.59651,37.49036],[-77.59685,37.49085],[-77.59737,37.49133],[-77.59879,37.49224],[-77.59968,37.49272],[-77.60387,37.4948],[-77.60494,37.49554],[-77.60578,37.4965],[-77.60579,37.49674],[-77.6063,37.49779],[-77.60694,37.49948],[-77.60769,37.50189],[-77.6089,37.50533]]]}},{"type":"Feature","properties":{"geoid":"51041100923","jurisdiction":"Chesterfield","suppressed":false,"rate_bin":3,"rate_bin_label":"1.75% \u2013 2.25%","hot_core":false,"cold_core":false,"zone":1,"zone_label":"Henrico\u2013Chesterfield suburban ring","race_bin":2,"race_bin_label":"20% \u2013 40%","pov_bin":1,"pov_bin_label":"Under 10%"},"geometry":{"type":"Polygon","coordinates":[[[-77.56118,37.49541],[-77.55757,37.49507],[-77.55581,37.49505],[-77.55511,37.49515],[-77.5524,37.49575],[-77.547,37.497],[-77.54705,37.4954],[-77.54726,37.49293],[-77.54699,37.49024],[-77.54709,37.48944],[-77.54762,37.488],[-77.54826,37.48672],[-77.54913,37.48541],[-77.54957,37.48433],[-77.54992,37.4837],[-77.55056,37.48302],[-77.55143,37.48236],[-77.55328,37.48138],[-77.5536,37.48127],[-77.55522,37.48096],[-77.55601,37.48087],[-77.5567,37.48068],[-77.55767,37.48021],[-77.55833,37.47975],[-77.55936,37.4788],[-77.56142,37.4772],[-77.56223,37.47642],[-77.56254,37.47593],[-77.56347,37.47359],[-77.56478,37.47454],[-77.5687,37.47694],[-77.56906,37.47725],[-77.57021,37.47885],[-77.5714,37.48024],[-77.57306,37.48178],[-77.57265,37.48228],[-77.56829,37.48668],[-77.56521,37.49016],[-77.56334,37.49234],[-77.56276,37.49309],[-77.56118,37.49541]]]}},{"type":"Feature","properties":{"geoid":"51041100924","jurisdiction":"Chesterfield","suppressed":false,"rate_bin":1,"rate_bin_label":"Under 1.25%","hot_core":false,"cold_core":true,"zone":1,"zone_label":"Henrico\u2013Chesterfield suburban ring","race_bin":1,"race_bin_label":"Under 20%","pov_bin":1,"pov_bin_label":"Under 10%"},"geometry":{"type":"Polygon","coordinates":[[[-77.67626,37.54668],[-77.67634,37.5455],[-77.67683,37.54362],[-77.67684,37.54253],[-77.67631,37.54046],[-77.67603,37.53978],[-77.67599,37.53915],[-77.67673,37.53785],[-77.67678,37.53711],[-77.67654,37.53646],[-77.67565,37.53458],[-77.67515,37.53277],[-77.67453,37.53138],[-77.67396,37.53061],[-77.6736,37.53033],[-77.67227,37.52957],[-77.67101,37.5287],[-77.66778,37.52611],[-77.66506,37.5239],[-77.6645,37.52334],[-77.66422,37.52285],[-77.66404,37.52054],[-77.66358,37.51987],[-77.663,37.51924],[-77.66212,37.51845],[-77.66151,37.51768],[-77.66081,37.51615],[-77.66087,37.51582],[-77.66147,37.51507],[-77.6615,37.51484],[-77.66102,37.51323],[-77.66099,37.51295],[-77.66119,37.51085],[-77.66165,37.51058],[-77.66293,37.51019],[-77.66318,37.50994],[-77.66621,37.50908],[-77.67268,37.50715],[-77.67477,37.5078],[-77.67638,37.50817],[-77.67815,37.50851],[-77.6796,37.50871],[-77.68092,37.50902],[-77.68307,37.50971],[-77.6841,37.50991],[-77.68499,37.50999],[-77.6868,37.51],[-77.68678,37.50976],[-77.68932,37.5097],[-77.69038,37.50971],[-77.69242,37.50999],[-77.69371,37.51038],[-77.6956,37.51107],[-77.69827,37.51201],[-77.69935,37.51228],[-77.70072,37.51232],[-77.70158,37.51219],[-77.70265,37.51183],[-77.70343,37.5114],[-77.70506,37.51035],[-77.70566,37.51001],[-77.70675,37.50957],[-77.7126,37.50753],[-77.71392,37.50697],[-77.71459,37.50653],[-77.71673,37.50462],[-77.71719,37.50424],[-77.71806,37.50371],[-77.71974,37.50308],[-77.72072,37.50289],[-77.72224,37.5028],[-77.72287,37.50284],[-77.72437,37.5031],[-77.7254,37.50344],[-77.72647,37.50392],[-77.72856,37.50496],[-77.73024,37.50559],[-77.73099,37.50577],[-77.73274,37.50602],[-77.73238,37.50621],[-77.72433,37.51179],[-77.71587,37.51786],[-77.70765,37.52407],[-77.70644,37.52496],[-77.70062,37.52916],[-77.69659,37.53205],[-77.69476,37.53332],[-77.69085,37.53619],[-77.68737,37.53869],[-77.68301,37.54178],[-77.67944,37.54424],[-77.67626,37.54668]]]}},{"type":"Feature","properties":{"geoid":"51041100926","jurisdiction":"Chesterfield","suppressed":false,"rate_bin":1,"rate_bin_label":"Under 1.25%","hot_core":false,"cold_core":false,"zone":1,"zone_label":"Henrico\u2013Chesterfield suburban ring","race_bin":1,"race_bin_label":"Under 20%","pov_bin":1,"pov_bin_label":"Under 10%"},"geometry":{"type":"Polygon","coordinates":[[[-77.66533,37.55455],[-77.66294,37.55626],[-77.65624,37.56085],[-77.6554,37.56399],[-77.65295,37.56162],[-77.65157,37.56067],[-77.65104,37.56049],[-77.64984,37.55984],[-77.64924,37.55961],[-77.64773,37.55931],[-77.64491,37.55907],[-77.64363,37.55904],[-77.64274,37.55918],[-77.63929,37.55928],[-77.63728,37.55916],[-77.63464,37.55881],[-77.63171,37.55812],[-77.62966,37.55768],[-77.62846,37.55738],[-77.62644,37.55695],[-77.62462,37.55669],[-77.62285,37.55669],[-77.62143,37.55699],[-77.62055,37.55706],[-77.61871,37.55706],[-77.61748,37.55696],[-77.61514,37.55661],[-77.61429,37.55643],[-77.61403,37.55613],[-77.61369,37.55629],[-77.61293,37.5561],[-77.60895,37.55562],[-77.60774,37.55552],[-77.60595,37.55546],[-77.60533,37.55555],[-77.60255,37.55569],[-77.60212,37.55575],[-77.59794,37.55567],[-77.59546,37.55575],[-77.59557,37.55261],[-77.5957,37.54977],[-77.59585,37.54586],[-77.60117,37.54516],[-77.60048,37.54447],[-77.59993,37.5436],[-77.59899,37.54283],[-77.59923,37.54193],[-77.59911,37.54071],[-77.5978,37.53946],[-77.59759,37.53907],[-77.59727,37.53732],[-77.59636,37.53594],[-77.59685,37.53465],[-77.59321,37.53379],[-77.59277,37.53366],[-77.59245,37.53295],[-77.59353,37.53241],[-77.59449,37.53173],[-77.59561,37.53068],[-77.59924,37.52722],[-77.60052,37.52622],[-77.60182,37.52553],[-77.6034,37.52499],[-77.60331,37.52462],[-77.61048,37.52265],[-77.61191,37.52215],[-77.61577,37.52347],[-77.61574,37.52358],[-77.6201,37.52508],[-77.6211,37.52555],[-77.62305,37.52681],[-77.62473,37.52769],[-77.62674,37.52838],[-77.62779,37.52896],[-77.63158,37.53233],[-77.63285,37.53339],[-77.63643,37.53632],[-77.63776,37.53739],[-77.6385,37.53786],[-77.64391,37.54094],[-77.64463,37.54129],[-77.64575,37.54167],[-77.64826,37.54229],[-77.64946,37.54274],[-77.65028,37.54321],[-77.65128,37.54406],[-77.6521,37.54521],[-77.65297,37.54707],[-77.65372,37.54832],[-77.65437,37.54901],[-77.65561,37.54984],[-77.65794,37.551],[-77.66102,37.55282],[-77.66202,37.55352],[-77.66269,37.55387],[-77.66465,37.55443],[-77.66533,37.55455]]]}},{"type":"Feature","properties":{"geoid":"51041100928","jurisdiction":"Chesterfield","suppressed":false,"rate_bin":1,"rate_bin_label":"Under 1.25%","hot_core":false,"cold_core":true,"zone":1,"zone_label":"Henrico\u2013Chesterfield suburban ring","race_bin":2,"race_bin_label":"20% \u2013 40%","pov_bin":2,"pov_bin_label":"10% \u2013 20%"},"geometry":{"type":"Polygon","coordinates":[[[-77.71673,37.50462],[-77.71459,37.50653],[-77.71392,37.50697],[-77.7126,37.50753],[-77.70675,37.50957],[-77.70566,37.51001],[-77.70506,37.51035],[-77.70343,37.5114],[-77.70265,37.51183],[-77.70158,37.51219],[-77.70072,37.51232],[-77.69935,37.51228],[-77.69827,37.51201],[-77.6956,37.51107],[-77.69371,37.51038],[-77.69242,37.50999],[-77.69038,37.50971],[-77.68932,37.5097],[-77.68678,37.50976],[-77.6868,37.51],[-77.68499,37.50999],[-77.6841,37.50991],[-77.68307,37.50971],[-77.68092,37.50902],[-77.6796,37.50871],[-77.67815,37.50851],[-77.67638,37.50817],[-77.67477,37.5078],[-77.67268,37.50715],[-77.67034,37.50646],[-77.66901,37.50625],[-77.66585,37.50628],[-77.66418,37.50625],[-77.66231,37.50609],[-77.66112,37.5059],[-77.65901,37.50542],[-77.6555,37.50453],[-77.65167,37.50368],[-77.65173,37.50357],[-77.65264,37.50218],[-77.65391,37.50021],[-77.65413,37.4996],[-77.65363,37.49446],[-77.65374,37.49387],[-77.65398,37.49353],[-77.65548,37.49225],[-77.65597,37.4916],[-77.65655,37.49025],[-77.65728,37.48879],[-77.65802,37.48718],[-77.65872,37.48591],[-77.65933,37.4843],[-77.65963,37.4833],[-77.65949,37.48266],[-77.65907,37.48227],[-77.65617,37.48011],[-77.6554,37.47933],[-77.65408,37.47683],[-77.6537,37.47582],[-77.65353,37.47497],[-77.65345,37.47348],[-77.65359,37.47282],[-77.65386,37.47219],[-77.6537,37.47163],[-77.654,37.47139],[-77.65455,37.47052],[-77.65553,37.4695],[-77.65681,37.46769],[-77.65709,37.46711],[-77.65727,37.46603],[-77.65712,37.46504],[-77.65683,37.46439],[-77.65612,37.4635],[-77.65521,37.46271],[-77.65469,37.46181],[-77.65455,37.46062],[-77.6589,37.46049],[-77.66471,37.46085],[-77.66592,37.46097],[-77.66742,37.46121],[-77.67279,37.4622],[-77.67474,37.46256],[-77.67554,37.46287],[-77.67605,37.46329],[-77.67635,37.46387],[-77.67636,37.46511],[-77.67619,37.46602],[-77.67633,37.4667],[-77.67684,37.46721],[-77.67747,37.46744],[-77.67875,37.46765],[-77.67946,37.46792],[-77.68061,37.46877],[-77.68217,37.47008],[-77.68288,37.47077],[-77.6835,37.47152],[-77.68399,37.47193],[-77.6857,37.47311],[-77.68618,37.47337],[-77.68831,37.47403],[-77.69088,37.47477],[-77.69274,37.47544],[-77.69431,37.47622],[-77.69506,37.47665],[-77.69627,37.47772],[-77.69881,37.47965],[-77.6996,37.48036],[-77.7,37.48097],[-77.70049,37.48238],[-77.7006,37.48332],[-77.70083,37.48422],[-77.70165,37.48641],[-77.70212,37.48739],[-77.70246,37.48791],[-77.70584,37.49237],[-77.70686,37.49412],[-77.70879,37.49772],[-77.7095,37.49865],[-77.7103,37.49922],[-77.71492,37.50147],[-77.71546,37.50189],[-77.71573,37.50235],[-77.71625,37.50379],[-77.71673,37.50462]]]}},{"type":"Feature","properties":{"geoid":"51041100929","jurisdiction":"Chesterfield","suppressed":false,"rate_bin":1,"rate_bin_label":"Under 1.25%","hot_core":false,"cold_core":true,"zone":1,"zone_label":"Henrico\u2013Chesterfield suburban ring","race_bin":1,"race_bin_label":"Under 20%","pov_bin":1,"pov_bin_label":"Under 10%"},"geometry":{"type":"Polygon","coordinates":[[[-77.65264,37.50218],[-77.65216,37.50178],[-77.65172,37.50117],[-77.6507,37.50015],[-77.6506,37.49968],[-77.64933,37.49875],[-77.64787,37.4988],[-77.64743,37.49863],[-77.64669,37.4987],[-77.64589,37.4981],[-77.64536,37.49609],[-77.64486,37.49551],[-77.64501,37.49441],[-77.64476,37.49333],[-77.6441,37.49271],[-77.64282,37.49178],[-77.64044,37.48672],[-77.63871,37.48275],[-77.63825,37.4821],[-77.63726,37.48144],[-77.63635,37.48112],[-77.63557,37.47992],[-77.63561,37.47975],[-77.6348,37.47785],[-77.63376,37.47727],[-77.63277,37.47691],[-77.63082,37.47635],[-77.62935,37.47604],[-77.62761,37.47485],[-77.62841,37.47235],[-77.62981,37.47215],[-77.62905,37.47065],[-77.62891,37.47035],[-77.62711,37.46764],[-77.62422,37.46615],[-77.62188,37.46261],[-77.62972,37.46188],[-77.63163,37.46167],[-77.6352,37.46145],[-77.63798,37.46133],[-77.65455,37.46062],[-77.65469,37.46181],[-77.65521,37.46271],[-77.65612,37.4635],[-77.65683,37.46439],[-77.65712,37.46504],[-77.65727,37.46603],[-77.65709,37.46711],[-77.65681,37.46769],[-77.65553,37.4695],[-77.65455,37.47052],[-77.654,37.47139],[-77.6537,37.47163],[-77.65386,37.47219],[-77.65359,37.47282],[-77.65345,37.47348],[-77.65353,37.47497],[-77.6537,37.47582],[-77.65408,37.47683],[-77.6554,37.47933],[-77.65617,37.48011],[-77.65907,37.48227],[-77.65949,37.48266],[-77.65963,37.4833],[-77.65933,37.4843],[-77.65872,37.48591],[-77.65802,37.48718],[-77.65728,37.48879],[-77.65655,37.49025],[-77.65597,37.4916],[-77.65548,37.49225],[-77.65398,37.49353],[-77.65374,37.49387],[-77.65363,37.49446],[-77.65413,37.4996],[-77.65391,37.50021],[-77.65264,37.50218]]]}},{"type":"Feature","properties":{"geoid":"51041100930","jurisdiction":"Chesterfield","suppressed":false,"rate_bin":1,"rate_bin_label":"Under 1.25%","hot_core":false,"cold_core":false,"zone":1,"zone_label":"Henrico\u2013Chesterfield suburban ring","race_bin":1,"race_bin_label":"Under 20%","pov_bin":1,"pov_bin_label":"Under 10%"},"geometry":{"type":"Polygon","coordinates":[[[-77.65173,37.50357],[-77.64816,37.50272],[-77.64745,37.50261],[-77.64518,37.50242],[-77.64242,37.50238],[-77.64054,37.50245],[-77.64037,37.50236],[-77.63915,37.50251],[-77.63192,37.50282],[-77.63263,37.50014],[-77.63339,37.4977],[-77.63017,37.49372],[-77.62641,37.48925],[-77.62531,37.48555],[-77.62411,37.48345],[-77.62531,37.48085],[-77.62761,37.47485],[-77.62935,37.47604],[-77.63082,37.47635],[-77.63277,37.47691],[-77.63376,37.47727],[-77.6348,37.47785],[-77.63561,37.47975],[-77.63557,37.47992],[-77.63635,37.48112],[-77.63726,37.48144],[-77.63825,37.4821],[-77.63871,37.48275],[-77.64044,37.48672],[-77.64282,37.49178],[-77.6441,37.49271],[-77.64476,37.49333],[-77.64501,37.49441],[-77.64486,37.49551],[-77.64536,37.49609],[-77.64589,37.4981],[-77.64669,37.4987],[-77.64743,37.49863],[-77.64787,37.4988],[-77.64933,37.49875],[-77.6506,37.49968],[-77.6507,37.50015],[-77.65172,37.50117],[-77.65216,37.50178],[-77.65264,37.50218],[-77.65173,37.50357]]]}},{"type":"Feature","properties":{"geoid":"51041100931","jurisdiction":"Chesterfield","suppressed":false,"rate_bin":2,"rate_bin_label":"1.25% \u2013 1.75%","hot_core":false,"cold_core":false,"zone":1,"zone_label":"Henrico\u2013Chesterfield suburban ring","race_bin":1,"race_bin_label":"Under 20%","pov_bin":1,"pov_bin_label":"Under 10%"},"geometry":{"type":"Polygon","coordinates":[[[-77.63192,37.50282],[-77.6292,37.503],[-77.62163,37.5042],[-77.61974,37.50435],[-77.61168,37.50506],[-77.6089,37.50533],[-77.60769,37.50189],[-77.60694,37.49948],[-77.6063,37.49779],[-77.60579,37.49674],[-77.60578,37.4965],[-77.60494,37.49554],[-77.60387,37.4948],[-77.59968,37.49272],[-77.59879,37.49224],[-77.59737,37.49133],[-77.59685,37.49085],[-77.59651,37.49036],[-77.59629,37.48969],[-77.59635,37.4888],[-77.59723,37.48644],[-77.59769,37.48482],[-77.59801,37.48302],[-77.59795,37.48215],[-77.5978,37.48159],[-77.59665,37.47922],[-77.59638,37.47806],[-77.59661,37.47494],[-77.59649,37.47376],[-77.59691,37.47371],[-77.59949,37.4729],[-77.60042,37.47244],[-77.60108,37.47221],[-77.60164,37.47216],[-77.60779,37.47268],[-77.60868,37.47294],[-77.6102,37.47366],[-77.61129,37.47388],[-77.61614,37.47418],[-77.6183,37.47436],[-77.61923,37.4743],[-77.6199,37.47412],[-77.62251,37.47283],[-77.62357,37.47237],[-77.62596,37.47122],[-77.62696,37.47094],[-77.62905,37.47065],[-77.62981,37.47215],[-77.62841,37.47235],[-77.62761,37.47485],[-77.62531,37.48085],[-77.62411,37.48345],[-77.62531,37.48555],[-77.62641,37.48925],[-77.63017,37.49372],[-77.63339,37.4977],[-77.63263,37.50014],[-77.63192,37.50282]]]}},{"type":"Feature","properties":{"geoid":"51041100932","jurisdiction":"Chesterfield","suppressed":false,"rate_bin":1,"rate_bin_label":"Under 1.25%","hot_core":false,"cold_core":false,"zone":1,"zone_label":"Henrico\u2013Chesterfield suburban ring","race_bin":1,"race_bin_label":"Under 20%","pov_bin":1,"pov_bin_label":"Under 10%"},"geometry":{"type":"Polygon","coordinates":[[[-77.59649,37.47376],[-77.59625,37.47256],[-77.59567,37.47136],[-77.59453,37.46921],[-77.59421,37.46831],[-77.59397,37.4674],[-77.5936,37.46551],[-77.59378,37.46549],[-77.5994,37.46493],[-77.60125,37.46472],[-77.61479,37.46334],[-77.62188,37.46261],[-77.62422,37.46615],[-77.62711,37.46764],[-77.62891,37.47035],[-77.62905,37.47065],[-77.62696,37.47094],[-77.62596,37.47122],[-77.62357,37.47237],[-77.62251,37.47283],[-77.6199,37.47412],[-77.61923,37.4743],[-77.6183,37.47436],[-77.61614,37.47418],[-77.61129,37.47388],[-77.6102,37.47366],[-77.60868,37.47294],[-77.60779,37.47268],[-77.60164,37.47216],[-77.60108,37.47221],[-77.60042,37.47244],[-77.59949,37.4729],[-77.59691,37.47371],[-77.59649,37.47376]]]}},{"type":"Feature","properties":{"geoid":"51041100933","jurisdiction":"Chesterfield","suppressed":false,"rate_bin":2,"rate_bin_label":"1.25% \u2013 1.75%","hot_core":false,"cold_core":false,"zone":1,"zone_label":"Henrico\u2013Chesterfield suburban ring","race_bin":1,"race_bin_label":"Under 20%","pov_bin":1,"pov_bin_label":"Under 10%"},"geometry":{"type":"Polygon","coordinates":[[[-77.63033,37.42378],[-77.6296,37.42403],[-77.62806,37.4248],[-77.62707,37.42554],[-77.62505,37.42752],[-77.62437,37.42805],[-77.62276,37.42896],[-77.62115,37.42963],[-77.61286,37.43299],[-77.60983,37.43407],[-77.60993,37.43352],[-77.61079,37.43039],[-77.61099,37.42945],[-77.61173,37.42688],[-77.61229,37.42608],[-77.61259,37.42549],[-77.61251,37.42464],[-77.61111,37.42015],[-77.61026,37.41875],[-77.60946,37.41781],[-77.60809,37.41634],[-77.60777,37.41583],[-77.60608,37.41271],[-77.60546,37.41189],[-77.60389,37.41047],[-77.60984,37.40989],[-77.61191,37.40994],[-77.6128,37.41008],[-77.61413,37.41042],[-77.61556,37.41099],[-77.61659,37.41159],[-77.61736,37.41214],[-77.62735,37.42058],[-77.62887,37.42201],[-77.6297,37.42296],[-77.63033,37.42378]]]}},{"type":"Feature","properties":{"geoid":"51041100934","jurisdiction":"Chesterfield","suppressed":false,"rate_bin":2,"rate_bin_label":"1.25% \u2013 1.75%","hot_core":false,"cold_core":false,"zone":1,"zone_label":"Henrico\u2013Chesterfield suburban ring","race_bin":2,"race_bin_label":"20% \u2013 40%","pov_bin":2,"pov_bin_label":"10% \u2013 20%"},"geometry":{"type":"Polygon","coordinates":[[[-77.60983,37.43407],[-77.60573,37.4355],[-77.59963,37.43767],[-77.59497,37.43926],[-77.59237,37.44018],[-77.5902,37.44089],[-77.58781,37.44162],[-77.58157,37.44359],[-77.5814,37.44364],[-77.58115,37.44299],[-77.58113,37.44248],[-77.58136,37.44092],[-77.58135,37.44017],[-77.58115,37.43804],[-77.58119,37.43748],[-77.58143,37.43678],[-77.58231,37.43511],[-77.58265,37.43406],[-77.58334,37.42875],[-77.5834,37.42776],[-77.58322,37.42666],[-77.58292,37.42593],[-77.58175,37.42389],[-77.58181,37.42374],[-77.58355,37.42309],[-77.58422,37.42266],[-77.58456,37.4222],[-77.58504,37.42041],[-77.58566,37.41904],[-77.58633,37.41801],[-77.5867,37.41763],[-77.58778,37.41684],[-77.58902,37.41575],[-77.58962,37.41492],[-77.59007,37.41369],[-77.59128,37.41144],[-77.59348,37.41136],[-77.59555,37.41125],[-77.59781,37.41108],[-77.60389,37.41047],[-77.60546,37.41189],[-77.60608,37.41271],[-77.60777,37.41583],[-77.60809,37.41634],[-77.60946,37.41781],[-77.61026,37.41875],[-77.61111,37.42015],[-77.61251,37.42464],[-77.61259,37.42549],[-77.61229,37.42608],[-77.61173,37.42688],[-77.61099,37.42945],[-77.61079,37.43039],[-77.60993,37.43352],[-77.60983,37.43407]]]}},{"type":"Feature","properties":{"geoid":"51041100935","jurisdiction":"Chesterfield","suppressed":false,"rate_bin":1,"rate_bin_label":"Under 1.25%","hot_core":false,"cold_core":false,"zone":1,"zone_label":"Henrico\u2013Chesterfield suburban ring","race_bin":1,"race_bin_label":"Under 20%","pov_bin":1,"pov_bin_label":"Under 10%"},"geometry":{"type":"Polygon","coordinates":[[[-77.67626,37.54668],[-77.67261,37.54915],[-77.66853,37.55204],[-77.66533,37.55455],[-77.66465,37.55443],[-77.66269,37.55387],[-77.66202,37.55352],[-77.66102,37.55282],[-77.65794,37.551],[-77.65561,37.54984],[-77.65437,37.54901],[-77.65372,37.54832],[-77.65297,37.54707],[-77.6521,37.54521],[-77.65128,37.54406],[-77.65028,37.54321],[-77.64946,37.54274],[-77.64826,37.54229],[-77.64575,37.54167],[-77.64463,37.54129],[-77.64391,37.54094],[-77.6385,37.53786],[-77.63776,37.53739],[-77.63643,37.53632],[-77.64087,37.53168],[-77.64126,37.53106],[-77.64134,37.53065],[-77.64117,37.52906],[-77.64127,37.52751],[-77.64145,37.52682],[-77.64196,37.52611],[-77.64241,37.52577],[-77.64325,37.5254],[-77.64449,37.52513],[-77.64535,37.52526],[-77.64674,37.52602],[-77.64795,37.52656],[-77.64897,37.5269],[-77.65082,37.52725],[-77.65179,37.52732],[-77.65333,37.52721],[-77.66046,37.52583],[-77.66205,37.52541],[-77.66343,37.52481],[-77.66506,37.5239],[-77.66778,37.52611],[-77.67101,37.5287],[-77.67227,37.52957],[-77.6736,37.53033],[-77.67396,37.53061],[-77.67453,37.53138],[-77.67515,37.53277],[-77.67565,37.53458],[-77.67654,37.53646],[-77.67678,37.53711],[-77.67673,37.53785],[-77.67599,37.53915],[-77.67603,37.53978],[-77.67631,37.54046],[-77.67684,37.54253],[-77.67683,37.54362],[-77.67634,37.5455],[-77.67626,37.54668]]]}},{"type":"Feature","properties":{"geoid":"51041100936","jurisdiction":"Chesterfield","suppressed":false,"rate_bin":2,"rate_bin_label":"1.25% \u2013 1.75%","hot_core":false,"cold_core":true,"zone":1,"zone_label":"Henrico\u2013Chesterfield suburban ring","race_bin":1,"race_bin_label":"Under 20%","pov_bin":1,"pov_bin_label":"Under 10%"},"geometry":{"type":"Polygon","coordinates":[[[-77.66506,37.5239],[-77.66343,37.52481],[-77.66205,37.52541],[-77.66046,37.52583],[-77.65333,37.52721],[-77.65179,37.52732],[-77.65082,37.52725],[-77.64897,37.5269],[-77.64795,37.52656],[-77.64674,37.52602],[-77.64535,37.52526],[-77.64449,37.52513],[-77.64325,37.5254],[-77.64241,37.52577],[-77.64196,37.52611],[-77.64145,37.52682],[-77.64127,37.52751],[-77.64117,37.52906],[-77.64134,37.53065],[-77.64126,37.53106],[-77.64087,37.53168],[-77.63643,37.53632],[-77.63285,37.53339],[-77.63158,37.53233],[-77.62779,37.52896],[-77.62674,37.52838],[-77.62473,37.52769],[-77.62305,37.52681],[-77.6211,37.52555],[-77.6201,37.52508],[-77.61574,37.52358],[-77.61577,37.52347],[-77.61191,37.52215],[-77.61454,37.52142],[-77.61744,37.52052],[-77.62162,37.51941],[-77.62367,37.51931],[-77.62567,37.51936],[-77.6268,37.51915],[-77.6292,37.51812],[-77.63347,37.5159],[-77.63525,37.51471],[-77.63702,37.51344],[-77.63774,37.51225],[-77.63884,37.51026],[-77.63942,37.50971],[-77.64081,37.50877],[-77.64189,37.50831],[-77.64262,37.50809],[-77.64408,37.50779],[-77.64544,37.50769],[-77.64687,37.50782],[-77.64801,37.50814],[-77.65201,37.50979],[-77.65423,37.51075],[-77.65574,37.51119],[-77.65688,37.51133],[-77.65775,37.51132],[-77.659,37.51114],[-77.66318,37.50994],[-77.66293,37.51019],[-77.66165,37.51058],[-77.66119,37.51085],[-77.66099,37.51295],[-77.66102,37.51323],[-77.6615,37.51484],[-77.66147,37.51507],[-77.66087,37.51582],[-77.66081,37.51615],[-77.66151,37.51768],[-77.66212,37.51845],[-77.663,37.51924],[-77.66358,37.51987],[-77.66404,37.52054],[-77.66422,37.52285],[-77.6645,37.52334],[-77.66506,37.5239]]]}},{"type":"Feature","properties":{"geoid":"51041100937","jurisdiction":"Chesterfield","suppressed":false,"rate_bin":1,"rate_bin_label":"Under 1.25%","hot_core":false,"cold_core":true,"zone":1,"zone_label":"Henrico\u2013Chesterfield suburban ring","race_bin":1,"race_bin_label":"Under 20%","pov_bin":2,"pov_bin_label":"10% \u2013 20%"},"geometry":{"type":"Polygon","coordinates":[[[-77.67279,37.4622],[-77.66742,37.46121],[-77.66592,37.46097],[-77.66471,37.46085],[-77.6589,37.46049],[-77.65455,37.46062],[-77.63798,37.46133],[-77.63779,37.45929],[-77.63736,37.45507],[-77.63725,37.45237],[-77.63706,37.45031],[-77.64065,37.45021],[-77.64184,37.4502],[-77.64291,37.45027],[-77.644,37.45026],[-77.64488,37.45013],[-77.64619,37.44976],[-77.64747,37.4497],[-77.64896,37.44977],[-77.65144,37.45008],[-77.65412,37.45049],[-77.65698,37.45085],[-77.65776,37.45084],[-77.65869,37.45064],[-77.65972,37.45026],[-77.66115,37.44934],[-77.66311,37.44851],[-77.66772,37.44608],[-77.66906,37.44496],[-77.66995,37.44431],[-77.67055,37.44403],[-77.67242,37.44354],[-77.67294,37.44348],[-77.67512,37.44341],[-77.6759,37.44675],[-77.67587,37.44741],[-77.67609,37.44767],[-77.6758,37.44872],[-77.67552,37.44928],[-77.6751,37.44977],[-77.6747,37.45164],[-77.67395,37.45251],[-77.67368,37.45302],[-77.67352,37.45418],[-77.67335,37.45469],[-77.67302,37.45498],[-77.67231,37.45608],[-77.67213,37.4569],[-77.67186,37.45734],[-77.67184,37.45786],[-77.67207,37.45844],[-77.67237,37.45876],[-77.67244,37.45967],[-77.67264,37.46019],[-77.67292,37.46144],[-77.67279,37.4622]]]}},{"type":"Feature","properties":{"geoid":"51041100938","jurisdiction":"Chesterfield","suppressed":false,"rate_bin":1,"rate_bin_label":"Under 1.25%","hot_core":false,"cold_core":true,"zone":1,"zone_label":"Henrico\u2013Chesterfield suburban ring","race_bin":1,"race_bin_label":"Under 20%","pov_bin":1,"pov_bin_label":"Under 10%"},"geometry":{"type":"Polygon","coordinates":[[[-77.76262,37.48449],[-77.75722,37.48835],[-77.74972,37.49379],[-77.74972,37.49358],[-77.74787,37.49468],[-77.7428,37.49861],[-77.73274,37.50602],[-77.73099,37.50577],[-77.73024,37.50559],[-77.72856,37.50496],[-77.72647,37.50392],[-77.7254,37.50344],[-77.72437,37.5031],[-77.72287,37.50284],[-77.72224,37.5028],[-77.72072,37.50289],[-77.71974,37.50308],[-77.71806,37.50371],[-77.71719,37.50424],[-77.71673,37.50462],[-77.71625,37.50379],[-77.71573,37.50235],[-77.71546,37.50189],[-77.71492,37.50147],[-77.7103,37.49922],[-77.7095,37.49865],[-77.70879,37.49772],[-77.70686,37.49412],[-77.70584,37.49237],[-77.70246,37.48791],[-77.70212,37.48739],[-77.70165,37.48641],[-77.70083,37.48422],[-77.7006,37.48332],[-77.70049,37.48238],[-77.7,37.48097],[-77.6996,37.48036],[-77.69881,37.47965],[-77.69627,37.47772],[-77.69506,37.47665],[-77.69431,37.47622],[-77.69274,37.47544],[-77.69088,37.47477],[-77.68831,37.47403],[-77.68618,37.47337],[-77.6857,37.47311],[-77.68399,37.47193],[-77.6835,37.47152],[-77.68288,37.47077],[-77.68217,37.47008],[-77.68061,37.46877],[-77.67946,37.46792],[-77.67875,37.46765],[-77.67747,37.46744],[-77.67684,37.46721],[-77.67633,37.4667],[-77.67619,37.46602],[-77.67636,37.46511],[-77.67635,37.46387],[-77.67605,37.46329],[-77.67554,37.46287],[-77.67474,37.46256],[-77.67279,37.4622],[-77.67292,37.46144],[-77.67264,37.46019],[-77.67244,37.45967],[-77.67237,37.45876],[-77.67207,37.45844],[-77.67184,37.45786],[-77.67186,37.45734],[-77.67213,37.4569],[-77.67231,37.45608],[-77.67302,37.45498],[-77.67335,37.45469],[-77.67352,37.45418],[-77.67368,37.45302],[-77.67395,37.45251],[-77.6747,37.45164],[-77.6751,37.44977],[-77.67552,37.44928],[-77.6758,37.44872],[-77.67609,37.44767],[-77.67587,37.44741],[-77.6759,37.44675],[-77.67512,37.44341],[-77.68132,37.44302],[-77.68654,37.4427],[-77.68791,37.44258],[-77.6916,37.44216],[-77.6922,37.4434],[-77.69267,37.4438],[-77.69379,37.44508],[-77.69464,37.44623],[-77.69581,37.44748],[-77.69917,37.44994],[-77.69981,37.45049],[-77.70152,37.45167],[-77.70246,37.45268],[-77.70266,37.45303],[-77.70275,37.45484],[-77.70367,37.45564],[-77.70518,37.45709],[-77.70571,37.4577],[-77.70677,37.45867],[-77.70791,37.45987],[-77.70884,37.46067],[-77.70974,37.46167],[-77.71024,37.46197],[-77.7119,37.46256],[-77.71233,37.46281],[-77.71265,37.46279],[-77.71316,37.46303],[-77.71401,37.46361],[-77.71463,37.46413],[-77.71591,37.46485],[-77.71756,37.46588],[-77.71829,37.46642],[-77.71954,37.46717],[-77.72081,37.46778],[-77.72131,37.46814],[-77.72175,37.46882],[-77.722,37.47002],[-77.72334,37.47137],[-77.72586,37.47349],[-77.7265,37.47379],[-77.72686,37.47368],[-77.72753,37.47305],[-77.72827,37.47253],[-77.72856,37.47256],[-77.72953,37.47306],[-77.73191,37.47451],[-77.73306,37.47525],[-77.73358,37.47549],[-77.73568,37.47604],[-77.73718,37.4765],[-77.73814,37.47671],[-77.7389,37.47707],[-77.73924,37.47705],[-77.74144,37.47819],[-77.74254,37.47867],[-77.74427,37.47952],[-77.7452,37.47964],[-77.74554,37.48007],[-77.7465,37.48096],[-77.74716,37.48114],[-77.74806,37.48154],[-77.74856,37.48209],[-77.74881,37.4826],[-77.75117,37.48343],[-77.75162,37.48353],[-77.7518,37.48409],[-77.75206,37.48427],[-77.75259,37.4842],[-77.75279,37.48436],[-77.75365,37.48401],[-77.75389,37.48413],[-77.75501,37.48418],[-77.75517,37.48448],[-77.75555,37.48423],[-77.75632,37.48428],[-77.75684,37.48449],[-77.75702,37.48472],[-77.75742,37.48469],[-77.75757,37.48491],[-77.75804,37.48489],[-77.75795,37.4845],[-77.75862,37.48443],[-77.75908,37.48472],[-77.75966,37.4844],[-77.75995,37.48389],[-77.76119,37.48388],[-77.76172,37.48427],[-77.76262,37.48449]]]}},{"type":"Feature","properties":{"geoid":"51041101003","jurisdiction":"Chesterfield","suppressed":false,"rate_bin":1,"rate_bin_label":"Under 1.25%","hot_core":false,"cold_core":true,"zone":2,"zone_label":"Southern suburban belt","race_bin":1,"race_bin_label":"Under 20%","pov_bin":1,"pov_bin_label":"Under 10%"},"geometry":{"type":"Polygon","coordinates":[[[-77.76262,37.48449],[-77.76172,37.48427],[-77.76119,37.48388],[-77.75995,37.48389],[-77.75966,37.4844],[-77.75908,37.48472],[-77.75862,37.48443],[-77.75795,37.4845],[-77.75804,37.48489],[-77.75757,37.48491],[-77.75742,37.48469],[-77.75702,37.48472],[-77.75684,37.48449],[-77.75632,37.48428],[-77.75555,37.48423],[-77.75517,37.48448],[-77.75501,37.48418],[-77.75389,37.48413],[-77.75365,37.48401],[-77.75279,37.48436],[-77.75259,37.4842],[-77.75206,37.48427],[-77.7518,37.48409],[-77.75162,37.48353],[-77.75117,37.48343],[-77.74881,37.4826],[-77.74856,37.48209],[-77.74806,37.48154],[-77.74716,37.48114],[-77.7465,37.48096],[-77.74554,37.48007],[-77.7452,37.47964],[-77.74427,37.47952],[-77.74254,37.47867],[-77.74144,37.47819],[-77.73924,37.47705],[-77.7389,37.47707],[-77.73814,37.47671],[-77.73718,37.4765],[-77.73568,37.47604],[-77.73358,37.47549],[-77.73306,37.47525],[-77.73191,37.47451],[-77.72953,37.47306],[-77.72856,37.47256],[-77.72827,37.47253],[-77.72753,37.47305],[-77.72686,37.47368],[-77.7265,37.47379],[-77.72586,37.47349],[-77.72334,37.47137],[-77.722,37.47002],[-77.72175,37.46882],[-77.72131,37.46814],[-77.72081,37.46778],[-77.71954,37.46717],[-77.71829,37.46642],[-77.71756,37.46588],[-77.71591,37.46485],[-77.71463,37.46413],[-77.71401,37.46361],[-77.71316,37.46303],[-77.71265,37.46279],[-77.71233,37.46281],[-77.7119,37.46256],[-77.71024,37.46197],[-77.70974,37.46167],[-77.70884,37.46067],[-77.70791,37.45987],[-77.70677,37.45867],[-77.70571,37.4577],[-77.70518,37.45709],[-77.70367,37.45564],[-77.70275,37.45484],[-77.70266,37.45303],[-77.70246,37.45268],[-77.70152,37.45167],[-77.69981,37.45049],[-77.69917,37.44994],[-77.69581,37.44748],[-77.69464,37.44623],[-77.69379,37.44508],[-77.69267,37.4438],[-77.6922,37.4434],[-77.6916,37.44216],[-77.6912,37.44159],[-77.68989,37.44105],[-77.68942,37.44063],[-77.68864,37.44035],[-77.68555,37.43844],[-77.6852,37.4376],[-77.68511,37.43707],[-77.68519,37.43658],[-77.68554,37.43544],[-77.68579,37.43498],[-77.6883,37.43102],[-77.68874,37.4306],[-77.68959,37.4304],[-77.6903,37.43013],[-77.69084,37.42973],[-77.69163,37.42882],[-77.69235,37.42755],[-77.69314,37.42682],[-77.69885,37.42334],[-77.69987,37.42274],[-77.70197,37.42132],[-77.70292,37.42091],[-77.70378,37.42074],[-77.70494,37.42065],[-77.70608,37.42046],[-77.70734,37.42012],[-77.71066,37.4194],[-77.7117,37.41893],[-77.71333,37.41782],[-77.71404,37.41743],[-77.71627,37.41667],[-77.7174,37.41612],[-77.71798,37.41575],[-77.71846,37.41531],[-77.72196,37.41146],[-77.72283,37.41059],[-77.72233,37.40975],[-77.72152,37.40819],[-77.721,37.40742],[-77.72066,37.40721],[-77.71362,37.40497],[-77.71326,37.40471],[-77.71227,37.40265],[-77.71167,37.40168],[-77.71117,37.40126],[-77.70952,37.40003],[-77.70831,37.39887],[-77.71581,37.39644],[-77.72187,37.39451],[-77.72356,37.39402],[-77.73069,37.39209],[-77.73416,37.39115],[-77.73579,37.39079],[-77.73693,37.39067],[-77.74759,37.39022],[-77.74881,37.39002],[-77.74968,37.38972],[-77.75315,37.38833],[-77.75407,37.38807],[-77.75479,37.38797],[-77.75814,37.3879],[-77.75901,37.38793],[-77.76025,37.38807],[-77.7613,37.3883],[-77.76232,37.38863],[-77.76745,37.39067],[-77.77831,37.39489],[-77.77962,37.39523],[-77.78207,37.39521],[-77.78329,37.39508],[-77.78404,37.39487],[-77.78715,37.39378],[-77.78795,37.39355],[-77.7892,37.39333],[-77.79312,37.39284],[-77.79408,37.39269],[-77.79524,37.39237],[-77.79659,37.39173],[-77.79762,37.39094],[-77.79844,37.38999],[-77.80207,37.38385],[-77.80324,37.38218],[-77.80448,37.3808],[-77.81042,37.37473],[-77.81184,37.37335],[-77.82174,37.36442],[-77.82388,37.36258],[-77.82524,37.36168],[-77.82731,37.36063],[-77.82873,37.36006],[-77.8318,37.35907],[-77.83259,37.35877],[-77.83413,37.35806],[-77.83533,37.3574],[-77.83705,37.35631],[-77.83797,37.3558],[-77.83931,37.35544],[-77.84375,37.35523],[-77.8518,37.35487],[-77.85201,37.35572],[-77.85249,37.35638],[-77.85284,37.35665],[-77.8537,37.35696],[-77.85448,37.35737],[-77.85586,37.35834],[-77.85664,37.35875],[-77.85732,37.35922],[-77.85807,37.35991],[-77.85925,37.36082],[-77.85961,37.36102],[-77.86095,37.3622],[-77.86187,37.3626],[-77.86376,37.3629],[-77.86728,37.363],[-77.86897,37.36294],[-77.87104,37.36278],[-77.87379,37.36238],[-77.87489,37.36256],[-77.87548,37.36299],[-77.8766,37.36429],[-77.87717,37.36517],[-77.87756,37.36625],[-77.87736,37.36724],[-77.87687,37.36829],[-77.87657,37.36948],[-77.87674,37.37125],[-77.87713,37.37336],[-77.87721,37.37445],[-77.87686,37.37534],[-77.87679,37.37635],[-77.87667,37.37684],[-77.87683,37.37807],[-77.87753,37.37959],[-77.87827,37.38185],[-77.87842,37.38274],[-77.87823,37.38351],[-77.87783,37.38421],[-77.87704,37.38515],[-77.87627,37.38583],[-77.87539,37.38617],[-77.87464,37.38663],[-77.87434,37.38749],[-77.87437,37.38775],[-77.87409,37.38887],[-77.87346,37.3899],[-77.8733,37.39057],[-77.87329,37.39137],[-77.87317,37.39186],[-77.87269,37.39211],[-77.87143,37.39192],[-77.87004,37.39135],[-77.86937,37.39125],[-77.86858,37.39146],[-77.86801,37.39175],[-77.86755,37.39221],[-77.8674,37.39284],[-77.86739,37.39382],[-77.86778,37.3945],[-77.86979,37.39688],[-77.87041,37.3974],[-77.8712,37.39832],[-77.87181,37.39943],[-77.8718,37.4006],[-77.87166,37.40119],[-77.87172,37.40207],[-77.87199,37.40266],[-77.87221,37.40364],[-77.87214,37.40414],[-77.87246,37.40564],[-77.87301,37.40663],[-77.87353,37.40733],[-77.87392,37.4084],[-77.87413,37.40942],[-77.87436,37.41],[-77.87441,37.41055],[-77.87488,37.41168],[-77.87511,37.41369],[-77.87544,37.41534],[-77.87549,37.41602],[-77.87509,37.41714],[-77.87441,37.41771],[-77.87334,37.41828],[-77.87259,37.41849],[-77.87189,37.41837],[-77.87091,37.41777],[-77.86885,37.41727],[-77.86773,37.41728],[-77.86691,37.4172],[-77.86582,37.41674],[-77.86428,37.41622],[-77.8632,37.41569],[-77.86158,37.41526],[-77.86087,37.41516],[-77.85946,37.41465],[-77.85874,37.41454],[-77.85818,37.41475],[-77.85699,37.41541],[-77.85601,37.41711],[-77.85509,37.41785],[-77.85515,37.41836],[-77.85419,37.41835],[-77.85338,37.41855],[-77.85332,37.41805],[-77.85272,37.41759],[-77.85234,37.41778],[-77.85157,37.41716],[-77.85115,37.41717],[-77.85099,37.41693],[-77.85111,37.41615],[-77.85058,37.41609],[-77.85019,37.41589],[-77.84963,37.41525],[-77.84905,37.41486],[-77.84881,37.41486],[-77.84847,37.41538],[-77.848,37.41511],[-77.84768,37.41519],[-77.84673,37.41512],[-77.84647,37.41563],[-77.8454,37.41644],[-77.84538,37.41695],[-77.84429,37.4177],[-77.84394,37.41843],[-77.84344,37.41853],[-77.84299,37.41895],[-77.84236,37.41839],[-77.84193,37.41854],[-77.84138,37.41847],[-77.84075,37.41822],[-77.84035,37.4182],[-77.83909,37.41931],[-77.83848,37.41953],[-77.83791,37.42025],[-77.83687,37.42093],[-77.83618,37.42114],[-77.8352,37.42179],[-77.83468,37.42232],[-77.83316,37.4228],[-77.83219,37.42256],[-77.83033,37.4224],[-77.82805,37.42244],[-77.82761,37.42252],[-77.8267,37.42245],[-77.82567,37.42274],[-77.82418,37.42285],[-77.82374,37.42271],[-77.82306,37.42302],[-77.81974,37.42383],[-77.81856,37.42387],[-77.81709,37.42418],[-77.81638,37.42447],[-77.81553,37.42505],[-77.81377,37.42543],[-77.81208,37.42585],[-77.8103,37.42591],[-77.80975,37.42612],[-77.80919,37.42611],[-77.80827,37.42679],[-77.80796,37.42742],[-77.80798,37.42953],[-77.8086,37.42985],[-77.80854,37.43019],[-77.8079,37.43037],[-77.80736,37.43075],[-77.80641,37.4317],[-77.80604,37.43265],[-77.80608,37.43306],[-77.80553,37.43368],[-77.80493,37.43468],[-77.80493,37.43498],[-77.80526,37.43562],[-77.80561,37.43571],[-77.80522,37.43707],[-77.80499,37.43763],[-77.80439,37.43835],[-77.80274,37.44001],[-77.80197,37.44114],[-77.80059,37.44287],[-77.79993,37.44348],[-77.79956,37.44407],[-77.7988,37.44489],[-77.79851,37.4455],[-77.79849,37.44631],[-77.79879,37.44687],[-77.79885,37.4475],[-77.79779,37.44987],[-77.79751,37.45104],[-77.79754,37.45223],[-77.79744,37.45306],[-77.79771,37.45401],[-77.79751,37.45442],[-77.79775,37.45475],[-77.79769,37.45502],[-77.79796,37.45567],[-77.79783,37.45625],[-77.79799,37.45672],[-77.79777,37.45689],[-77.79761,37.45745],[-77.79784,37.45896],[-77.77762,37.47362],[-77.76262,37.48449]]]}},{"type":"Feature","properties":{"geoid":"51041101004","jurisdiction":"Chesterfield","suppressed":false,"rate_bin":3,"rate_bin_label":"1.75% \u2013 2.25%","hot_core":false,"cold_core":false,"zone":2,"zone_label":"Southern suburban belt","race_bin":1,"race_bin_label":"Under 20%","pov_bin":1,"pov_bin_label":"Under 10%"},"geometry":{"type":"Polygon","coordinates":[[[-77.8518,37.35487],[-77.84375,37.35523],[-77.83931,37.35544],[-77.83797,37.3558],[-77.83705,37.35631],[-77.83533,37.3574],[-77.83413,37.35806],[-77.83259,37.35877],[-77.8318,37.35907],[-77.82873,37.36006],[-77.82731,37.36063],[-77.82524,37.36168],[-77.82388,37.36258],[-77.82174,37.36442],[-77.81184,37.37335],[-77.81042,37.37473],[-77.80448,37.3808],[-77.80324,37.38218],[-77.80207,37.38385],[-77.79844,37.38999],[-77.79762,37.39094],[-77.79659,37.39173],[-77.79524,37.39237],[-77.79408,37.39269],[-77.79312,37.39284],[-77.7892,37.39333],[-77.78795,37.39355],[-77.78715,37.39378],[-77.78404,37.39487],[-77.78329,37.39508],[-77.78207,37.39521],[-77.77962,37.39523],[-77.77831,37.39489],[-77.76745,37.39067],[-77.76232,37.38863],[-77.7613,37.3883],[-77.76025,37.38807],[-77.75901,37.38793],[-77.75814,37.3879],[-77.75479,37.38797],[-77.75407,37.38807],[-77.75315,37.38833],[-77.74968,37.38972],[-77.74881,37.39002],[-77.74759,37.39022],[-77.73693,37.39067],[-77.73579,37.39079],[-77.73416,37.39115],[-77.73069,37.39209],[-77.73031,37.39115],[-77.73029,37.38931],[-77.72994,37.38779],[-77.72825,37.38246],[-77.7279,37.38124],[-77.72743,37.37999],[-77.72721,37.37918],[-77.7272,37.37836],[-77.72734,37.37764],[-77.72788,37.37596],[-77.72844,37.37498],[-77.72939,37.37372],[-77.72873,37.37364],[-77.7271,37.37377],[-77.72451,37.37366],[-77.7223,37.37383],[-77.72092,37.37407],[-77.71919,37.37419],[-77.7183,37.37421],[-77.71706,37.37392],[-77.71586,37.37342],[-77.71531,37.37329],[-77.71288,37.37293],[-77.7104,37.3727],[-77.71,37.37263],[-77.70869,37.37217],[-77.7065,37.37153],[-77.7061,37.37151],[-77.70557,37.37189],[-77.70515,37.37199],[-77.70249,37.3716],[-77.70191,37.37143],[-77.70121,37.37106],[-77.70049,37.37025],[-77.69975,37.36974],[-77.69663,37.3683],[-77.69535,37.36788],[-77.69393,37.36761],[-77.69303,37.36733],[-77.69084,37.36649],[-77.68868,37.36556],[-77.68586,37.36444],[-77.68464,37.36388],[-77.68363,37.36328],[-77.68166,37.36201],[-77.67969,37.36119],[-77.6787,37.36088],[-77.67354,37.35903],[-77.67209,37.35853],[-77.67163,37.3585],[-77.67021,37.35871],[-77.66944,37.35874],[-77.66861,37.35863],[-77.66758,37.35861],[-77.66706,37.35851],[-77.66516,37.35788],[-77.66371,37.35755],[-77.66307,37.35727],[-77.66162,37.35623],[-77.65996,37.35516],[-77.65855,37.35417],[-77.65771,37.35371],[-77.65707,37.35353],[-77.65355,37.35301],[-77.65236,37.35266],[-77.64992,37.35144],[-77.64807,37.35063],[-77.64713,37.35031],[-77.64624,37.35028],[-77.63963,37.35098],[-77.63782,37.35113],[-77.63669,37.35101],[-77.63371,37.3504],[-77.63252,37.35035],[-77.63079,37.35049],[-77.62977,37.35066],[-77.62754,37.35122],[-77.62717,37.35127],[-77.62613,37.35116],[-77.62572,37.35094],[-77.62515,37.35043],[-77.62404,37.35004],[-77.62433,37.349],[-77.62457,37.34874],[-77.62683,37.34681],[-77.62776,37.34566],[-77.62869,37.3444],[-77.62901,37.34382],[-77.62916,37.34253],[-77.62961,37.34144],[-77.63007,37.34093],[-77.63167,37.33957],[-77.63247,37.33885],[-77.63272,37.33847],[-77.63371,37.3363],[-77.63372,37.33559],[-77.6339,37.3349],[-77.63442,37.33405],[-77.63535,37.33281],[-77.63639,37.33189],[-77.63726,37.33096],[-77.6403,37.32885],[-77.64192,37.32802],[-77.64291,37.3274],[-77.64529,37.32549],[-77.64604,37.32477],[-77.64633,37.3239],[-77.6461,37.32273],[-77.64617,37.32089],[-77.64637,37.32035],[-77.64718,37.31891],[-77.64756,37.31759],[-77.64786,37.31704],[-77.64923,37.31549],[-77.65002,37.31433],[-77.65078,37.31305],[-77.65134,37.31253],[-77.65202,37.31236],[-77.65225,37.31179],[-77.65221,37.31094],[-77.65293,37.30932],[-77.65362,37.30898],[-77.65549,37.30794],[-77.65594,37.30779],[-77.6566,37.30735],[-77.65881,37.30611],[-77.65992,37.30544],[-77.66064,37.30468],[-77.66104,37.30447],[-77.66167,37.30436],[-77.66248,37.30457],[-77.6628,37.30451],[-77.66359,37.30372],[-77.66418,37.30338],[-77.66418,37.30313],[-77.66469,37.30258],[-77.66556,37.30227],[-77.66665,37.30169],[-77.66752,37.30071],[-77.66834,37.3002],[-77.66913,37.30022],[-77.66967,37.29996],[-77.67014,37.29931],[-77.67042,37.29814],[-77.67041,37.29734],[-77.67051,37.29606],[-77.67026,37.2952],[-77.66984,37.29277],[-77.67202,37.29249],[-77.67581,37.29275],[-77.67797,37.29269],[-77.68053,37.2924],[-77.68175,37.29212],[-77.68241,37.29175],[-77.68287,37.29098],[-77.6833,37.28958],[-77.68391,37.286],[-77.68482,37.28455],[-77.68569,37.2835],[-77.68703,37.28243],[-77.68763,37.28213],[-77.68857,37.28198],[-77.69109,37.28179],[-77.69196,37.28152],[-77.69256,37.28145],[-77.69303,37.28156],[-77.69446,37.28324],[-77.69658,37.28583],[-77.69761,37.28698],[-77.6981,37.2877],[-77.69891,37.29007],[-77.69949,37.29199],[-77.70149,37.29613],[-77.70345,37.29821],[-77.70462,37.29868],[-77.70583,37.29947],[-77.7064,37.29973],[-77.70734,37.29997],[-77.7088,37.30008],[-77.71169,37.29983],[-77.71292,37.29946],[-77.71378,37.29903],[-77.71514,37.29798],[-77.7158,37.29738],[-77.71621,37.29688],[-77.71697,37.29543],[-77.71742,37.29409],[-77.71762,37.2931],[-77.71766,37.29238],[-77.71759,37.29099],[-77.71729,37.28996],[-77.71689,37.28932],[-77.71586,37.28821],[-77.7156,37.28741],[-77.71588,37.28665],[-77.71655,37.28581],[-77.71744,37.28486],[-77.71874,37.28393],[-77.72001,37.28332],[-77.7205,37.28321],[-77.72123,37.28325],[-77.72222,37.28355],[-77.72527,37.28474],[-77.72643,37.2851],[-77.72784,37.28579],[-77.72914,37.28595],[-77.73034,37.2858],[-77.73244,37.28536],[-77.73383,37.28499],[-77.73491,37.28457],[-77.73552,37.28419],[-77.73578,37.28387],[-77.73597,37.28328],[-77.7361,37.27959],[-77.73649,37.27729],[-77.73682,37.27654],[-77.73728,37.27595],[-77.73831,37.27426],[-77.7385,37.27312],[-77.73838,37.27249],[-77.73794,37.27162],[-77.73787,37.27099],[-77.73802,37.27036],[-77.7385,37.26974],[-77.73979,37.26866],[-77.74129,37.26784],[-77.74212,37.26749],[-77.74333,37.26709],[-77.74451,37.26684],[-77.7456,37.26693],[-77.7476,37.26749],[-77.74889,37.26769],[-77.7508,37.26789],[-77.75105,37.26782],[-77.7523,37.26783],[-77.75358,37.26791],[-77.75862,37.26872],[-77.75957,37.26901],[-77.76096,37.26958],[-77.76211,37.26998],[-77.76355,37.27074],[-77.76463,37.2716],[-77.76612,37.27309],[-77.76674,37.27359],[-77.76799,37.27509],[-77.76829,37.27593],[-77.76841,37.27734],[-77.76825,37.27891],[-77.76822,37.27978],[-77.76833,37.28045],[-77.76835,37.28133],[-77.76849,37.28244],[-77.76911,37.28442],[-77.76943,37.28498],[-77.77064,37.28611],[-77.77108,37.2864],[-77.77259,37.28761],[-77.774,37.28848],[-77.77514,37.28909],[-77.77639,37.29008],[-77.7778,37.29109],[-77.77884,37.29198],[-77.77928,37.29244],[-77.78029,37.29325],[-77.78163,37.29418],[-77.78236,37.2948],[-77.7838,37.29553],[-77.78486,37.29649],[-77.78513,37.29653],[-77.78598,37.29706],[-77.78788,37.29782],[-77.78853,37.298],[-77.78919,37.29831],[-77.7901,37.2986],[-77.79203,37.29904],[-77.79391,37.29932],[-77.79608,37.29936],[-77.79643,37.29927],[-77.79714,37.29938],[-77.79863,37.29993],[-77.80205,37.30168],[-77.80345,37.30259],[-77.80411,37.30291],[-77.80491,37.30343],[-77.80587,37.30387],[-77.80675,37.30453],[-77.80704,37.30532],[-77.80742,37.30697],[-77.80756,37.30827],[-77.8078,37.30958],[-77.80847,37.31099],[-77.80879,37.31231],[-77.80899,37.31412],[-77.80901,37.31536],[-77.80886,37.31599],[-77.80812,37.31671],[-77.80716,37.31722],[-77.80604,37.31763],[-77.80448,37.31831],[-77.80341,37.31851],[-77.80168,37.31844],[-77.80124,37.31862],[-77.80085,37.3191],[-77.80026,37.32014],[-77.80008,37.32069],[-77.79958,37.3216],[-77.79898,37.32213],[-77.79875,37.32249],[-77.79813,37.32312],[-77.79697,37.32371],[-77.79625,37.32397],[-77.79602,37.32433],[-77.79595,37.32483],[-77.79614,37.32555],[-77.79653,37.32595],[-77.79758,37.32631],[-77.79841,37.32706],[-77.79869,37.32764],[-77.79857,37.3285],[-77.79716,37.32988],[-77.79693,37.33025],[-77.79636,37.33216],[-77.79651,37.33269],[-77.79746,37.33371],[-77.79861,37.33432],[-77.80053,37.33465],[-77.80234,37.3354],[-77.80315,37.33548],[-77.8042,37.33521],[-77.80523,37.33533],[-77.80601,37.33574],[-77.80672,37.33624],[-77.80711,37.33638],[-77.80824,37.33651],[-77.80926,37.33649],[-77.8098,37.33657],[-77.8111,37.33658],[-77.81154,37.33665],[-77.81262,37.33663],[-77.81387,37.33682],[-77.81504,37.33736],[-77.81667,37.3379],[-77.8175,37.3381],[-77.82098,37.33848],[-77.82287,37.33855],[-77.82581,37.33848],[-77.82764,37.33858],[-77.829,37.33817],[-77.83258,37.33795],[-77.83539,37.33841],[-77.83735,37.33838],[-77.83828,37.33856],[-77.83887,37.33879],[-77.83938,37.33916],[-77.84028,37.34002],[-77.84102,37.34043],[-77.84202,37.34109],[-77.84326,37.34168],[-77.84465,37.34247],[-77.8465,37.34322],[-77.84822,37.34417],[-77.84994,37.34472],[-77.85054,37.3451],[-77.85116,37.34578],[-77.85182,37.34668],[-77.85238,37.34764],[-77.85272,37.34889],[-77.85268,37.34997],[-77.85256,37.35104],[-77.8521,37.3529],[-77.85184,37.35356],[-77.85173,37.35419],[-77.8518,37.35487]]]}},{"type":"Feature","properties":{"geoid":"51041101007","jurisdiction":"Chesterfield","suppressed":false,"rate_bin":1,"rate_bin_label":"Under 1.25%","hot_core":false,"cold_core":true,"zone":1,"zone_label":"Henrico\u2013Chesterfield suburban ring","race_bin":1,"race_bin_label":"Under 20%","pov_bin":1,"pov_bin_label":"Under 10%"},"geometry":{"type":"Polygon","coordinates":[[[-77.69314,37.42682],[-77.69235,37.42755],[-77.69163,37.42882],[-77.69084,37.42973],[-77.6903,37.43013],[-77.68959,37.4304],[-77.68874,37.4306],[-77.6883,37.43102],[-77.68579,37.43498],[-77.68554,37.43544],[-77.68519,37.43658],[-77.68511,37.43707],[-77.6852,37.4376],[-77.68555,37.43844],[-77.67029,37.43463],[-77.65763,37.42613],[-77.65605,37.42367],[-77.65286,37.41835],[-77.64858,37.41777],[-77.64622,37.41491],[-77.64608,37.4142],[-77.64509,37.41427],[-77.64428,37.41452],[-77.6439,37.41453],[-77.64478,37.41374],[-77.64594,37.41291],[-77.64694,37.41239],[-77.6543,37.40892],[-77.656,37.40809],[-77.66187,37.40533],[-77.66344,37.40465],[-77.66434,37.40443],[-77.66523,37.40429],[-77.66635,37.40426],[-77.66855,37.40433],[-77.67045,37.40422],[-77.67489,37.40388],[-77.68274,37.40327],[-77.68331,37.40462],[-77.68327,37.40518],[-77.68305,37.40584],[-77.68303,37.40628],[-77.68321,37.40681],[-77.6835,37.40716],[-77.68449,37.40783],[-77.68483,37.4082],[-77.68506,37.40876],[-77.68503,37.40979],[-77.68509,37.41052],[-77.68535,37.41163],[-77.68531,37.41223],[-77.68514,37.41256],[-77.68575,37.41284],[-77.68629,37.41339],[-77.68681,37.41455],[-77.68697,37.41596],[-77.68686,37.41667],[-77.68628,37.41747],[-77.68578,37.41779],[-77.68456,37.41839],[-77.68408,37.41882],[-77.68357,37.41963],[-77.68288,37.42022],[-77.68222,37.42045],[-77.6826,37.4209],[-77.68402,37.42157],[-77.6844,37.42186],[-77.68536,37.4229],[-77.68608,37.42333],[-77.68672,37.42356],[-77.68746,37.42369],[-77.68835,37.42366],[-77.68991,37.42348],[-77.6901,37.42407],[-77.69035,37.42538],[-77.69063,37.42581],[-77.69114,37.42612],[-77.69214,37.42636],[-77.69314,37.42682]]]}},{"type":"Feature","properties":{"geoid":"51041101008","jurisdiction":"Chesterfield","suppressed":false,"rate_bin":1,"rate_bin_label":"Under 1.25%","hot_core":false,"cold_core":true,"zone":1,"zone_label":"Henrico\u2013Chesterfield suburban ring","race_bin":1,"race_bin_label":"Under 20%","pov_bin":1,"pov_bin_label":"Under 10%"},"geometry":{"type":"Polygon","coordinates":[[[-77.69314,37.42682],[-77.69214,37.42636],[-77.69114,37.42612],[-77.69063,37.42581],[-77.69035,37.42538],[-77.6901,37.42407],[-77.68991,37.42348],[-77.68835,37.42366],[-77.68746,37.42369],[-77.68672,37.42356],[-77.68608,37.42333],[-77.68536,37.4229],[-77.6844,37.42186],[-77.68402,37.42157],[-77.6826,37.4209],[-77.68222,37.42045],[-77.68288,37.42022],[-77.68357,37.41963],[-77.68408,37.41882],[-77.68456,37.41839],[-77.68578,37.41779],[-77.68628,37.41747],[-77.68686,37.41667],[-77.68697,37.41596],[-77.68681,37.41455],[-77.68629,37.41339],[-77.68575,37.41284],[-77.68514,37.41256],[-77.68531,37.41223],[-77.68535,37.41163],[-77.68509,37.41052],[-77.68503,37.40979],[-77.68506,37.40876],[-77.68483,37.4082],[-77.68449,37.40783],[-77.6835,37.40716],[-77.68321,37.40681],[-77.68303,37.40628],[-77.68305,37.40584],[-77.68327,37.40518],[-77.68331,37.40462],[-77.68274,37.40327],[-77.69094,37.40264],[-77.69675,37.40221],[-77.69857,37.40195],[-77.6996,37.40168],[-77.70831,37.39887],[-77.70952,37.40003],[-77.71117,37.40126],[-77.71167,37.40168],[-77.71227,37.40265],[-77.71326,37.40471],[-77.71362,37.40497],[-77.72066,37.40721],[-77.721,37.40742],[-77.72152,37.40819],[-77.72233,37.40975],[-77.72283,37.41059],[-77.72196,37.41146],[-77.71846,37.41531],[-77.71798,37.41575],[-77.7174,37.41612],[-77.71627,37.41667],[-77.71404,37.41743],[-77.71333,37.41782],[-77.7117,37.41893],[-77.71066,37.4194],[-77.70734,37.42012],[-77.70608,37.42046],[-77.70494,37.42065],[-77.70378,37.42074],[-77.70292,37.42091],[-77.70197,37.42132],[-77.69987,37.42274],[-77.69885,37.42334],[-77.69314,37.42682]]]}},{"type":"Feature","properties":{"geoid":"51041101009","jurisdiction":"Chesterfield","suppressed":false,"rate_bin":1,"rate_bin_label":"Under 1.25%","hot_core":false,"cold_core":true,"zone":1,"zone_label":"Henrico\u2013Chesterfield suburban ring","race_bin":1,"race_bin_label":"Under 20%","pov_bin":1,"pov_bin_label":"Under 10%"},"geometry":{"type":"Polygon","coordinates":[[[-77.73069,37.39209],[-77.72356,37.39402],[-77.72187,37.39451],[-77.71581,37.39644],[-77.70831,37.39887],[-77.6996,37.40168],[-77.69857,37.40195],[-77.69675,37.40221],[-77.69094,37.40264],[-77.68274,37.40327],[-77.67489,37.40388],[-77.67045,37.40422],[-77.67044,37.4038],[-77.67125,37.40138],[-77.67195,37.39946],[-77.67241,37.39787],[-77.67351,37.3935],[-77.67472,37.38851],[-77.67571,37.38457],[-77.67576,37.38407],[-77.67571,37.38295],[-77.67537,37.38004],[-77.67529,37.37857],[-77.67563,37.37721],[-77.67727,37.37293],[-77.67793,37.37145],[-77.67903,37.36881],[-77.67949,37.36738],[-77.67987,37.36448],[-77.67997,37.36274],[-77.67996,37.36221],[-77.67969,37.36119],[-77.68166,37.36201],[-77.68363,37.36328],[-77.68464,37.36388],[-77.68586,37.36444],[-77.68868,37.36556],[-77.69084,37.36649],[-77.69303,37.36733],[-77.69393,37.36761],[-77.69535,37.36788],[-77.69663,37.3683],[-77.69975,37.36974],[-77.70049,37.37025],[-77.70121,37.37106],[-77.70191,37.37143],[-77.70249,37.3716],[-77.70515,37.37199],[-77.70557,37.37189],[-77.7061,37.37151],[-77.7065,37.37153],[-77.70869,37.37217],[-77.71,37.37263],[-77.7104,37.3727],[-77.71288,37.37293],[-77.71531,37.37329],[-77.71586,37.37342],[-77.71706,37.37392],[-77.7183,37.37421],[-77.71919,37.37419],[-77.72092,37.37407],[-77.7223,37.37383],[-77.72451,37.37366],[-77.7271,37.37377],[-77.72873,37.37364],[-77.72939,37.37372],[-77.72844,37.37498],[-77.72788,37.37596],[-77.72734,37.37764],[-77.7272,37.37836],[-77.72721,37.37918],[-77.72743,37.37999],[-77.7279,37.38124],[-77.72825,37.38246],[-77.72994,37.38779],[-77.73029,37.38931],[-77.73031,37.39115],[-77.73069,37.39209]]]}},{"type":"Feature","properties":{"geoid":"51041101011","jurisdiction":"Chesterfield","suppressed":false,"rate_bin":1,"rate_bin_label":"Under 1.25%","hot_core":false,"cold_core":false,"zone":1,"zone_label":"Henrico\u2013Chesterfield suburban ring","race_bin":1,"race_bin_label":"Under 20%","pov_bin":1,"pov_bin_label":"Under 10%"},"geometry":{"type":"Polygon","coordinates":[[[-77.66434,37.40443],[-77.66344,37.40465],[-77.66187,37.40533],[-77.656,37.40809],[-77.65553,37.40739],[-77.65492,37.40677],[-77.65468,37.40604],[-77.65478,37.40504],[-77.65496,37.40483],[-77.65532,37.40398],[-77.65587,37.40348],[-77.65656,37.40318],[-77.65857,37.4026],[-77.65946,37.4021],[-77.65972,37.40165],[-77.65975,37.40123],[-77.65945,37.40035],[-77.65899,37.39963],[-77.65835,37.39884],[-77.65753,37.39813],[-77.65634,37.39737],[-77.65559,37.39702],[-77.65456,37.39669],[-77.65351,37.39648],[-77.65192,37.39651],[-77.65057,37.39682],[-77.64979,37.39686],[-77.64865,37.39669],[-77.64444,37.39554],[-77.64377,37.3953],[-77.64286,37.39443],[-77.64219,37.39394],[-77.64326,37.39244],[-77.644,37.39169],[-77.64426,37.39116],[-77.64435,37.39064],[-77.64429,37.38903],[-77.64445,37.38859],[-77.64544,37.3872],[-77.64585,37.38698],[-77.64877,37.38642],[-77.64936,37.38608],[-77.65036,37.38512],[-77.65046,37.38455],[-77.65134,37.38453],[-77.65318,37.38428],[-77.65572,37.38386],[-77.65605,37.38397],[-77.65634,37.38433],[-77.65769,37.38647],[-77.65789,37.38706],[-77.65817,37.38847],[-77.65865,37.38988],[-77.65883,37.39091],[-77.65905,37.39136],[-77.66102,37.39364],[-77.66152,37.3941],[-77.66486,37.39552],[-77.66687,37.39649],[-77.66728,37.39686],[-77.66747,37.398],[-77.66738,37.39856],[-77.66659,37.40062],[-77.666,37.40194],[-77.6657,37.40243],[-77.66452,37.40367],[-77.66433,37.40396],[-77.66434,37.40443]]]}},{"type":"Feature","properties":{"geoid":"51041101012","jurisdiction":"Chesterfield","suppressed":false,"rate_bin":1,"rate_bin_label":"Under 1.25%","hot_core":false,"cold_core":false,"zone":1,"zone_label":"Henrico\u2013Chesterfield suburban ring","race_bin":1,"race_bin_label":"Under 20%","pov_bin":1,"pov_bin_label":"Under 10%"},"geometry":{"type":"Polygon","coordinates":[[[-77.656,37.40809],[-77.6543,37.40892],[-77.64694,37.41239],[-77.64594,37.41291],[-77.64478,37.41374],[-77.6439,37.41453],[-77.63723,37.42062],[-77.63646,37.42128],[-77.63526,37.42207],[-77.63424,37.42252],[-77.63033,37.42378],[-77.6297,37.42296],[-77.62887,37.42201],[-77.62735,37.42058],[-77.61736,37.41214],[-77.61659,37.41159],[-77.61897,37.41082],[-77.62013,37.41026],[-77.62335,37.40842],[-77.6239,37.40808],[-77.62484,37.40715],[-77.62624,37.40511],[-77.62703,37.40389],[-77.62775,37.40264],[-77.62869,37.40177],[-77.6309,37.4005],[-77.63315,37.39965],[-77.63433,37.39933],[-77.63663,37.39829],[-77.63743,37.39806],[-77.63812,37.398],[-77.6385,37.39783],[-77.63915,37.3966],[-77.63993,37.39605],[-77.6416,37.39472],[-77.64219,37.39394],[-77.64286,37.39443],[-77.64377,37.3953],[-77.64444,37.39554],[-77.64865,37.39669],[-77.64979,37.39686],[-77.65057,37.39682],[-77.65192,37.39651],[-77.65351,37.39648],[-77.65456,37.39669],[-77.65559,37.39702],[-77.65634,37.39737],[-77.65753,37.39813],[-77.65835,37.39884],[-77.65899,37.39963],[-77.65945,37.40035],[-77.65975,37.40123],[-77.65972,37.40165],[-77.65946,37.4021],[-77.65857,37.4026],[-77.65656,37.40318],[-77.65587,37.40348],[-77.65532,37.40398],[-77.65496,37.40483],[-77.65478,37.40504],[-77.65468,37.40604],[-77.65492,37.40677],[-77.65553,37.40739],[-77.656,37.40809]]]}},{"type":"Feature","properties":{"geoid":"51041101013","jurisdiction":"Chesterfield","suppressed":false,"rate_bin":3,"rate_bin_label":"1.75% \u2013 2.25%","hot_core":false,"cold_core":false,"zone":2,"zone_label":"Southern suburban belt","race_bin":2,"race_bin_label":"20% \u2013 40%","pov_bin":1,"pov_bin_label":"Under 10%"},"geometry":{"type":"Polygon","coordinates":[[[-77.64219,37.39394],[-77.6416,37.39472],[-77.63993,37.39605],[-77.63915,37.3966],[-77.6385,37.39783],[-77.63812,37.398],[-77.63743,37.39806],[-77.63663,37.39829],[-77.63433,37.39933],[-77.63315,37.39965],[-77.6309,37.4005],[-77.62869,37.40177],[-77.62775,37.40264],[-77.62703,37.40389],[-77.62624,37.40511],[-77.62484,37.40715],[-77.6239,37.40808],[-77.62335,37.40842],[-77.62013,37.41026],[-77.61897,37.41082],[-77.61659,37.41159],[-77.61556,37.41099],[-77.61413,37.41042],[-77.6128,37.41008],[-77.61191,37.40994],[-77.60984,37.40989],[-77.60389,37.41047],[-77.59781,37.41108],[-77.59555,37.41125],[-77.59348,37.41136],[-77.59128,37.41144],[-77.5926,37.40894],[-77.59272,37.40852],[-77.59271,37.40745],[-77.59287,37.40599],[-77.59299,37.40564],[-77.59382,37.40407],[-77.59406,37.40349],[-77.59453,37.40165],[-77.59479,37.40046],[-77.59539,37.3981],[-77.59582,37.3972],[-77.59714,37.39525],[-77.59753,37.39448],[-77.59771,37.3939],[-77.59828,37.39153],[-77.59869,37.38887],[-77.59887,37.38835],[-77.59947,37.38775],[-77.60149,37.38613],[-77.60497,37.38323],[-77.60559,37.38297],[-77.60671,37.38277],[-77.60842,37.3811],[-77.61024,37.38143],[-77.61168,37.38189],[-77.61274,37.38205],[-77.61396,37.38206],[-77.61545,37.38216],[-77.61672,37.38218],[-77.61806,37.38209],[-77.61932,37.38182],[-77.62149,37.38115],[-77.62254,37.38074],[-77.62399,37.3801],[-77.62631,37.37928],[-77.62736,37.3792],[-77.63041,37.38006],[-77.63104,37.38016],[-77.63216,37.3802],[-77.63367,37.38008],[-77.63578,37.38029],[-77.63971,37.38022],[-77.64188,37.38039],[-77.64244,37.38057],[-77.64369,37.38136],[-77.64465,37.3824],[-77.64567,37.38321],[-77.64745,37.38421],[-77.64804,37.38434],[-77.65046,37.38455],[-77.65036,37.38512],[-77.64936,37.38608],[-77.64877,37.38642],[-77.64585,37.38698],[-77.64544,37.3872],[-77.64445,37.38859],[-77.64429,37.38903],[-77.64435,37.39064],[-77.64426,37.39116],[-77.644,37.39169],[-77.64326,37.39244],[-77.64219,37.39394]]]}},{"type":"Feature","properties":{"geoid":"51041101014","jurisdiction":"Chesterfield","suppressed":false,"rate_bin":3,"rate_bin_label":"1.75% \u2013 2.25%","hot_core":false,"cold_core":false,"zone":2,"zone_label":"Southern suburban belt","race_bin":1,"race_bin_label":"Under 20%","pov_bin":1,"pov_bin_label":"Under 10%"},"geometry":{"type":"Polygon","coordinates":[[[-77.63367,37.38008],[-77.63216,37.3802],[-77.63104,37.38016],[-77.63041,37.38006],[-77.62736,37.3792],[-77.62631,37.37928],[-77.62399,37.3801],[-77.62254,37.38074],[-77.62149,37.38115],[-77.61932,37.38182],[-77.61806,37.38209],[-77.61672,37.38218],[-77.61545,37.38216],[-77.61396,37.38206],[-77.61274,37.38205],[-77.61168,37.38189],[-77.61024,37.38143],[-77.60842,37.3811],[-77.61009,37.3798],[-77.61292,37.37778],[-77.6132,37.37748],[-77.6141,37.37513],[-77.61457,37.37425],[-77.61559,37.37291],[-77.61606,37.37214],[-77.61642,37.37136],[-77.61685,37.37012],[-77.61675,37.36947],[-77.61618,37.36827],[-77.61534,37.36713],[-77.6147,37.36667],[-77.61394,37.36631],[-77.61359,37.36598],[-77.61342,37.36543],[-77.61342,37.36466],[-77.61401,37.3637],[-77.61419,37.36253],[-77.61542,37.36041],[-77.61651,37.3583],[-77.61702,37.35749],[-77.61779,37.35577],[-77.61816,37.35407],[-77.61833,37.35297],[-77.61858,37.35214],[-77.61863,37.35008],[-77.62114,37.35012],[-77.62404,37.35004],[-77.62515,37.35043],[-77.62572,37.35094],[-77.62613,37.35116],[-77.62717,37.35127],[-77.62754,37.35122],[-77.62977,37.35066],[-77.63079,37.35049],[-77.63252,37.35035],[-77.63371,37.3504],[-77.63669,37.35101],[-77.63782,37.35113],[-77.63963,37.35098],[-77.64624,37.35028],[-77.64713,37.35031],[-77.64807,37.35063],[-77.64992,37.35144],[-77.65236,37.35266],[-77.65355,37.35301],[-77.65707,37.35353],[-77.65771,37.35371],[-77.65855,37.35417],[-77.65996,37.35516],[-77.66162,37.35623],[-77.66307,37.35727],[-77.66371,37.35755],[-77.66516,37.35788],[-77.66706,37.35851],[-77.66758,37.35861],[-77.66861,37.35863],[-77.66944,37.35874],[-77.67021,37.35871],[-77.67163,37.3585],[-77.67209,37.35853],[-77.67354,37.35903],[-77.67228,37.35962],[-77.67071,37.36015],[-77.66954,37.36081],[-77.66857,37.36113],[-77.66702,37.36148],[-77.66616,37.36175],[-77.66546,37.3621],[-77.66502,37.36255],[-77.66337,37.36309],[-77.66303,37.36327],[-77.66196,37.36421],[-77.66105,37.36494],[-77.66051,37.36563],[-77.6599,37.3676],[-77.65961,37.36836],[-77.65899,37.36919],[-77.65795,37.37003],[-77.65721,37.37043],[-77.65608,37.37071],[-77.65539,37.37103],[-77.65399,37.37199],[-77.65361,37.37239],[-77.65253,37.37402],[-77.65198,37.37428],[-77.6512,37.3745],[-77.6496,37.37521],[-77.64847,37.37584],[-77.6475,37.37611],[-77.64591,37.3764],[-77.6445,37.37657],[-77.64353,37.37686],[-77.64225,37.37714],[-77.64049,37.37737],[-77.63982,37.37758],[-77.63818,37.37823],[-77.6372,37.37847],[-77.63616,37.37888],[-77.63437,37.37981],[-77.63367,37.38008]]]}},{"type":"Feature","properties":{"geoid":"51041101015","jurisdiction":"Chesterfield","suppressed":false,"rate_bin":1,"rate_bin_label":"Under 1.25%","hot_core":false,"cold_core":false,"zone":1,"zone_label":"Henrico\u2013Chesterfield suburban ring","race_bin":1,"race_bin_label":"Under 20%","pov_bin":1,"pov_bin_label":"Under 10%"},"geometry":{"type":"Polygon","coordinates":[[[-77.67045,37.40422],[-77.66855,37.40433],[-77.66635,37.40426],[-77.66523,37.40429],[-77.66434,37.40443],[-77.66433,37.40396],[-77.66452,37.40367],[-77.6657,37.40243],[-77.666,37.40194],[-77.66659,37.40062],[-77.66738,37.39856],[-77.66747,37.398],[-77.66728,37.39686],[-77.66687,37.39649],[-77.66486,37.39552],[-77.66152,37.3941],[-77.66102,37.39364],[-77.65905,37.39136],[-77.65883,37.39091],[-77.65865,37.38988],[-77.65817,37.38847],[-77.65789,37.38706],[-77.65769,37.38647],[-77.65634,37.38433],[-77.65605,37.38397],[-77.65572,37.38386],[-77.65318,37.38428],[-77.65134,37.38453],[-77.65046,37.38455],[-77.64804,37.38434],[-77.64745,37.38421],[-77.64567,37.38321],[-77.64465,37.3824],[-77.64369,37.38136],[-77.64244,37.38057],[-77.64188,37.38039],[-77.63971,37.38022],[-77.63578,37.38029],[-77.63367,37.38008],[-77.63437,37.37981],[-77.63616,37.37888],[-77.6372,37.37847],[-77.63818,37.37823],[-77.63982,37.37758],[-77.64049,37.37737],[-77.64225,37.37714],[-77.64353,37.37686],[-77.6445,37.37657],[-77.64591,37.3764],[-77.6475,37.37611],[-77.64847,37.37584],[-77.6496,37.37521],[-77.6512,37.3745],[-77.65198,37.37428],[-77.65253,37.37402],[-77.65361,37.37239],[-77.65399,37.37199],[-77.65539,37.37103],[-77.65608,37.37071],[-77.65721,37.37043],[-77.65795,37.37003],[-77.65899,37.36919],[-77.65961,37.36836],[-77.6599,37.3676],[-77.66051,37.36563],[-77.66105,37.36494],[-77.66196,37.36421],[-77.66303,37.36327],[-77.66337,37.36309],[-77.66502,37.36255],[-77.66546,37.3621],[-77.66616,37.36175],[-77.66702,37.36148],[-77.66857,37.36113],[-77.66954,37.36081],[-77.67071,37.36015],[-77.67228,37.35962],[-77.67354,37.35903],[-77.6787,37.36088],[-77.67969,37.36119],[-77.67996,37.36221],[-77.67997,37.36274],[-77.67987,37.36448],[-77.67949,37.36738],[-77.67903,37.36881],[-77.67793,37.37145],[-77.67727,37.37293],[-77.67563,37.37721],[-77.67529,37.37857],[-77.67537,37.38004],[-77.67571,37.38295],[-77.67576,37.38407],[-77.67571,37.38457],[-77.67472,37.38851],[-77.67351,37.3935],[-77.67241,37.39787],[-77.67195,37.39946],[-77.67125,37.40138],[-77.67044,37.4038],[-77.67045,37.40422]]]}},{"type":"Feature","properties":{"geoid":"51087200106","jurisdiction":"Henrico","suppressed":false,"rate_bin":3,"rate_bin_label":"1.75% \u2013 2.25%","hot_core":false,"cold_core":false,"zone":1,"zone_label":"Henrico\u2013Chesterfield suburban ring","race_bin":1,"race_bin_label":"Under 20%","pov_bin":2,"pov_bin_label":"10% \u2013 20%"},"geometry":{"type":"Polygon","coordinates":[[[-77.59114,37.60357],[-77.59083,37.60542],[-77.59046,37.60734],[-77.5897,37.60738],[-77.58393,37.60735],[-77.58229,37.60738],[-77.57866,37.60734],[-77.5773,37.60722],[-77.57455,37.60644],[-77.57083,37.60515],[-77.56733,37.60366],[-77.5666,37.60308],[-77.56587,37.60224],[-77.565,37.60177],[-77.56408,37.60171],[-77.56389,37.60043],[-77.564,37.59983],[-77.56634,37.59472],[-77.56725,37.59479],[-77.57586,37.59526],[-77.5803,37.59548],[-77.58254,37.59562],[-77.59447,37.59627],[-77.59439,37.59668],[-77.59374,37.59747],[-77.59222,37.59898],[-77.59162,37.60004],[-77.59147,37.60147],[-77.59114,37.60357]]]}},{"type":"Feature","properties":{"geoid":"51087200108","jurisdiction":"Henrico","suppressed":false,"rate_bin":1,"rate_bin_label":"Under 1.25%","hot_core":false,"cold_core":false,"zone":1,"zone_label":"Henrico\u2013Chesterfield suburban ring","race_bin":1,"race_bin_label":"Under 20%","pov_bin":1,"pov_bin_label":"Under 10%"},"geometry":{"type":"Polygon","coordinates":[[[-77.61837,37.58756],[-77.61573,37.58757],[-77.61411,37.5873],[-77.61118,37.58612],[-77.61044,37.58586],[-77.60751,37.5853],[-77.60634,37.58481],[-77.60549,37.58432],[-77.60362,37.58351],[-77.59974,37.58145],[-77.59637,37.57941],[-77.59541,37.57893],[-77.5941,37.57849],[-77.59225,37.57795],[-77.59062,37.57741],[-77.58908,37.57672],[-77.58649,37.57538],[-77.58492,37.57475],[-77.58402,37.57451],[-77.58264,37.57428],[-77.58115,37.57377],[-77.58022,37.57323],[-77.57911,37.57227],[-77.57793,37.57177],[-77.57461,37.57105],[-77.57294,37.57025],[-77.57237,37.57004],[-77.57066,37.56959],[-77.5692,37.56924],[-77.56687,37.56911],[-77.56581,37.5691],[-77.56458,37.56917],[-77.56171,37.56953],[-77.55981,37.56932],[-77.55845,37.56961],[-77.55697,37.57019],[-77.55575,37.57108],[-77.55411,37.5721],[-77.55303,37.57255],[-77.55169,37.57291],[-77.55016,37.57302],[-77.54957,37.57295],[-77.54747,37.57254],[-77.54668,37.57234],[-77.54462,37.57139],[-77.54306,37.57091],[-77.54223,37.57075],[-77.54137,37.57203],[-77.53973,37.57249],[-77.53902,37.57286],[-77.53708,37.57251],[-77.53691,37.57103],[-77.53646,37.57027],[-77.5364,37.5698],[-77.5361,37.56881],[-77.53615,37.56864],[-77.53535,37.56833],[-77.53476,37.56821],[-77.53264,37.5681],[-77.52976,37.56821],[-77.52856,37.56814],[-77.52651,37.56812],[-77.52586,37.56824],[-77.52585,37.56804],[-77.5263,37.56707],[-77.52647,37.56649],[-77.52949,37.55966],[-77.5297,37.55919],[-77.53111,37.55937],[-77.53235,37.55923],[-77.53488,37.55918],[-77.53684,37.55924],[-77.53705,37.55934],[-77.53856,37.55955],[-77.54044,37.56004],[-77.54134,37.5602],[-77.54394,37.56027],[-77.54416,37.5604],[-77.54468,37.56048],[-77.54591,37.56047],[-77.54694,37.56034],[-77.54779,37.56012],[-77.54882,37.5597],[-77.55005,37.55893],[-77.55089,37.55864],[-77.552,37.55851],[-77.5534,37.55822],[-77.55529,37.55767],[-77.55656,37.55703],[-77.55711,37.55656],[-77.55814,37.55608],[-77.5594,37.55569],[-77.56014,37.55557],[-77.56113,37.55555],[-77.56218,37.55572],[-77.56396,37.55611],[-77.56492,37.55645],[-77.56646,37.55679],[-77.5683,37.55727],[-77.57089,37.55804],[-77.5717,37.55824],[-77.57322,37.55839],[-77.57385,37.55857],[-77.57459,37.55859],[-77.57553,37.5585],[-77.57579,37.55867],[-77.57689,37.55891],[-77.57844,37.559],[-77.57975,37.55893],[-77.58145,37.55891],[-77.58282,37.55878],[-77.58516,37.5584],[-77.58771,37.55769],[-77.58822,37.55741],[-77.59059,37.5564],[-77.59167,37.55611],[-77.59255,37.55602],[-77.59325,37.55585],[-77.59479,37.55582],[-77.59546,37.55575],[-77.59794,37.55567],[-77.60212,37.55575],[-77.60255,37.55569],[-77.60533,37.55555],[-77.60595,37.55546],[-77.60774,37.55552],[-77.60895,37.55562],[-77.61293,37.5561],[-77.61369,37.55629],[-77.61403,37.55613],[-77.61429,37.55643],[-77.61514,37.55661],[-77.61748,37.55696],[-77.61871,37.55706],[-77.62055,37.55706],[-77.62143,37.55699],[-77.62285,37.55669],[-77.62462,37.55669],[-77.62644,37.55695],[-77.62846,37.55738],[-77.62966,37.55768],[-77.63171,37.55812],[-77.63464,37.55881],[-77.63728,37.55916],[-77.63929,37.55928],[-77.64274,37.55918],[-77.64363,37.55904],[-77.64491,37.55907],[-77.64773,37.55931],[-77.64924,37.55961],[-77.64984,37.55984],[-77.65104,37.56049],[-77.65157,37.56067],[-77.65295,37.56162],[-77.6554,37.56399],[-77.65375,37.56485],[-77.65285,37.56541],[-77.65223,37.56539],[-77.64911,37.56618],[-77.64821,37.56632],[-77.64711,37.56638],[-77.64613,37.56628],[-77.64469,37.56632],[-77.64408,37.56625],[-77.64328,37.56638],[-77.64252,37.56672],[-77.64159,37.56675],[-77.64033,37.56636],[-77.64,37.56636],[-77.63871,37.56674],[-77.63791,37.56658],[-77.63724,37.56609],[-77.63673,37.56596],[-77.63577,37.56599],[-77.63496,37.56582],[-77.63467,37.56604],[-77.6349,37.5667],[-77.63482,37.56692],[-77.63425,37.56707],[-77.63394,37.56733],[-77.63552,37.56784],[-77.63613,37.56828],[-77.63626,37.5687],[-77.63566,37.57005],[-77.63558,37.57065],[-77.63578,37.57096],[-77.63569,37.57138],[-77.63514,37.5723],[-77.63452,37.57296],[-77.63451,37.57322],[-77.63404,37.57368],[-77.63358,37.57391],[-77.63317,37.5743],[-77.63286,37.57504],[-77.63238,37.57554],[-77.63166,37.57583],[-77.63157,37.57615],[-77.63055,37.57672],[-77.62902,37.57692],[-77.62799,37.57683],[-77.62523,37.57581],[-77.62392,37.57576],[-77.62116,37.57674],[-77.62006,37.57706],[-77.61799,37.57689],[-77.61707,37.57709],[-77.61649,37.57743],[-77.6163,37.57857],[-77.6168,37.57965],[-77.61714,37.58061],[-77.61806,37.58126],[-77.61823,37.5817],[-77.61889,37.58488],[-77.61837,37.58688],[-77.61837,37.58756]]]}},{"type":"Feature","properties":{"geoid":"51087200109","jurisdiction":"Henrico","suppressed":false,"rate_bin":1,"rate_bin_label":"Under 1.25%","hot_core":false,"cold_core":false,"zone":1,"zone_label":"Henrico\u2013Chesterfield suburban ring","race_bin":1,"race_bin_label":"Under 20%","pov_bin":1,"pov_bin_label":"Under 10%"},"geometry":{"type":"Polygon","coordinates":[[[-77.58264,37.57428],[-77.58253,37.57443],[-77.58202,37.57585],[-77.57903,37.58092],[-77.5787,37.58141],[-77.57739,37.58282],[-77.57664,37.58415],[-77.57556,37.58645],[-77.57504,37.58774],[-77.57459,37.58826],[-77.57252,37.58825],[-77.57237,37.58911],[-77.57188,37.58978],[-77.57139,37.59014],[-77.5693,37.59103],[-77.56813,37.59173],[-77.56746,37.59239],[-77.56664,37.59199],[-77.56635,37.59173],[-77.56607,37.59096],[-77.56575,37.59047],[-77.565,37.58972],[-77.56408,37.58905],[-77.5627,37.58837],[-77.5603,37.58667],[-77.5568,37.58411],[-77.55631,37.5836],[-77.55509,37.58249],[-77.55491,37.58239],[-77.55518,37.58184],[-77.55498,37.58108],[-77.55307,37.57888],[-77.55273,37.57829],[-77.55208,37.57473],[-77.55179,37.57378],[-77.55169,37.57291],[-77.55303,37.57255],[-77.55411,37.5721],[-77.55575,37.57108],[-77.55697,37.57019],[-77.55845,37.56961],[-77.55981,37.56932],[-77.56171,37.56953],[-77.56458,37.56917],[-77.56581,37.5691],[-77.56687,37.56911],[-77.5692,37.56924],[-77.57066,37.56959],[-77.57237,37.57004],[-77.57294,37.57025],[-77.57461,37.57105],[-77.57793,37.57177],[-77.57911,37.57227],[-77.58022,37.57323],[-77.58115,37.57377],[-77.58264,37.57428]]]}},{"type":"Feature","properties":{"geoid":"51087200122","jurisdiction":"Henrico","suppressed":false,"rate_bin":1,"rate_bin_label":"Under 1.25%","hot_core":false,"cold_core":false,"zone":1,"zone_label":"Henrico\u2013Chesterfield suburban ring","race_bin":1,"race_bin_label":"Under 20%","pov_bin":1,"pov_bin_label":"Under 10%"},"geometry":{"type":"Polygon","coordinates":[[[-77.63413,37.63717],[-77.63388,37.63705],[-77.6316,37.63565],[-77.6304,37.63505],[-77.62649,37.63355],[-77.6247,37.63265],[-77.62369,37.63229],[-77.62151,37.63188],[-77.62079,37.63181],[-77.61741,37.63176],[-77.61635,37.63191],[-77.6135,37.63287],[-77.61312,37.63305],[-77.61241,37.63221],[-77.61068,37.63116],[-77.60998,37.6302],[-77.60975,37.62957],[-77.60935,37.62652],[-77.60906,37.62571],[-77.60873,37.62522],[-77.60667,37.62273],[-77.60644,37.62226],[-77.6107,37.6202],[-77.61257,37.61947],[-77.61391,37.61918],[-77.61462,37.61911],[-77.61589,37.61914],[-77.61909,37.61957],[-77.62041,37.61983],[-77.62459,37.62087],[-77.62888,37.62185],[-77.63566,37.6235],[-77.638,37.62404],[-77.63774,37.6258],[-77.63756,37.62839],[-77.6377,37.63092],[-77.63789,37.6317],[-77.63849,37.63217],[-77.63413,37.63717]]]}},{"type":"Feature","properties":{"geoid":"51087200123","jurisdiction":"Henrico","suppressed":false,"rate_bin":4,"rate_bin_label":"2.25% \u2013 3.25%","hot_core":false,"cold_core":false,"zone":1,"zone_label":"Henrico\u2013Chesterfield suburban ring","race_bin":2,"race_bin_label":"20% \u2013 40%","pov_bin":1,"pov_bin_label":"Under 10%"},"geometry":{"type":"Polygon","coordinates":[[[-77.65062,37.62419],[-77.64961,37.62388],[-77.64723,37.62399],[-77.64514,37.62436],[-77.64435,37.62441],[-77.64092,37.62437],[-77.6388,37.62418],[-77.638,37.62404],[-77.63811,37.6234],[-77.63858,37.62209],[-77.6388,37.62045],[-77.63888,37.61678],[-77.63872,37.61564],[-77.63828,37.61489],[-77.63772,37.61432],[-77.63695,37.61384],[-77.63642,37.61363],[-77.63556,37.61344],[-77.6361,37.61184],[-77.63641,37.61156],[-77.63668,37.61059],[-77.63659,37.61045],[-77.63689,37.60965],[-77.63678,37.60905],[-77.63702,37.60859],[-77.63695,37.60829],[-77.63728,37.60752],[-77.63762,37.60747],[-77.63795,37.60694],[-77.63811,37.60714],[-77.63869,37.60653],[-77.63877,37.60601],[-77.63952,37.6053],[-77.64026,37.60277],[-77.64024,37.60269],[-77.64084,37.60368],[-77.64132,37.60478],[-77.64127,37.60536],[-77.64167,37.60596],[-77.64173,37.60663],[-77.64156,37.60708],[-77.64116,37.60761],[-77.64071,37.6079],[-77.6408,37.60884],[-77.64121,37.60904],[-77.64152,37.60951],[-77.64182,37.61037],[-77.64175,37.61178],[-77.64226,37.61208],[-77.64245,37.61281],[-77.64267,37.61319],[-77.6435,37.6141],[-77.64388,37.6142],[-77.64394,37.614],[-77.64603,37.61378],[-77.64657,37.61379],[-77.64721,37.61403],[-77.64791,37.61447],[-77.64852,37.61461],[-77.64915,37.6151],[-77.65114,37.61614],[-77.65204,37.61689],[-77.65216,37.61725],[-77.65196,37.61746],[-77.65186,37.61815],[-77.65208,37.61897],[-77.65201,37.61978],[-77.65167,37.62119],[-77.65107,37.62255],[-77.65062,37.62419]]]}},{"type":"Feature","properties":{"geoid":"51087200124","jurisdiction":"Henrico","suppressed":false,"rate_bin":2,"rate_bin_label":"1.25% \u2013 1.75%","hot_core":false,"cold_core":false,"zone":1,"zone_label":"Henrico\u2013Chesterfield suburban ring","race_bin":1,"race_bin_label":"Under 20%","pov_bin":2,"pov_bin_label":"10% \u2013 20%"},"geometry":{"type":"Polygon","coordinates":[[[-77.638,37.62404],[-77.63566,37.6235],[-77.62888,37.62185],[-77.62459,37.62087],[-77.62041,37.61983],[-77.61909,37.61957],[-77.61589,37.61914],[-77.61462,37.61911],[-77.61391,37.61918],[-77.61257,37.61947],[-77.6107,37.6202],[-77.60644,37.62226],[-77.60628,37.62149],[-77.60631,37.62089],[-77.60737,37.614],[-77.60733,37.61238],[-77.60676,37.60745],[-77.60825,37.60775],[-77.60914,37.60828],[-77.6097,37.60885],[-77.61046,37.60936],[-77.61104,37.60958],[-77.6123,37.60974],[-77.61412,37.60968],[-77.61621,37.60975],[-77.61729,37.60992],[-77.6193,37.61059],[-77.62044,37.61081],[-77.62522,37.61136],[-77.6272,37.61138],[-77.62812,37.6116],[-77.63139,37.61291],[-77.63273,37.6133],[-77.63339,37.61341],[-77.63556,37.61344],[-77.63642,37.61363],[-77.63695,37.61384],[-77.63772,37.61432],[-77.63828,37.61489],[-77.63872,37.61564],[-77.63888,37.61678],[-77.6388,37.62045],[-77.63858,37.62209],[-77.63811,37.6234],[-77.638,37.62404]]]}},{"type":"Feature","properties":{"geoid":"51087200125","jurisdiction":"Henrico","suppressed":true,"rate_bin":null,"rate_bin_label":"Fewer than 5 flagged parcels \u2014 rate not shown","hot_core":false,"cold_core":false,"zone":null,"zone_label":null,"race_bin":2,"race_bin_label":"20% \u2013 40%","pov_bin":3,"pov_bin_label":"20% \u2013 30%"},"geometry":{"type":"Polygon","coordinates":[[[-77.56413,37.63783],[-77.56337,37.63748],[-77.56205,37.63676],[-77.56095,37.63603],[-77.56029,37.63545],[-77.55947,37.63436],[-77.55881,37.63311],[-77.55835,37.63265],[-77.55666,37.6314],[-77.5538,37.62887],[-77.55051,37.62601],[-77.55387,37.62426],[-77.55841,37.62642],[-77.56091,37.62769],[-77.56366,37.62913],[-77.56542,37.63009],[-77.56929,37.6323],[-77.56772,37.63393],[-77.56413,37.63783]]]}},{"type":"Feature","properties":{"geoid":"51087200126","jurisdiction":"Henrico","suppressed":true,"rate_bin":null,"rate_bin_label":"Fewer than 5 flagged parcels \u2014 rate not shown","hot_core":false,"cold_core":false,"zone":1,"zone_label":"Henrico\u2013Chesterfield suburban ring","race_bin":2,"race_bin_label":"20% \u2013 40%","pov_bin":2,"pov_bin_label":"10% \u2013 20%"},"geometry":{"type":"Polygon","coordinates":[[[-77.5605,37.64078],[-77.55657,37.63919],[-77.55077,37.63688],[-77.5487,37.63603],[-77.54584,37.63492],[-77.54435,37.63429],[-77.54072,37.63284],[-77.53846,37.63192],[-77.53692,37.63126],[-77.53602,37.63064],[-77.53545,37.63009],[-77.53736,37.62933],[-77.53805,37.62922],[-77.54108,37.62936],[-77.54235,37.62931],[-77.54361,37.62913],[-77.54549,37.62866],[-77.54627,37.62835],[-77.55051,37.62601],[-77.5538,37.62887],[-77.55666,37.6314],[-77.55835,37.63265],[-77.55881,37.63311],[-77.55947,37.63436],[-77.56029,37.63545],[-77.56095,37.63603],[-77.56205,37.63676],[-77.56337,37.63748],[-77.56413,37.63783],[-77.5631,37.63886],[-77.56182,37.63961],[-77.5605,37.64078]]]}},{"type":"Feature","properties":{"geoid":"51087200127","jurisdiction":"Henrico","suppressed":false,"rate_bin":1,"rate_bin_label":"Under 1.25%","hot_core":false,"cold_core":true,"zone":1,"zone_label":"Henrico\u2013Chesterfield suburban ring","race_bin":1,"race_bin_label":"Under 20%","pov_bin":1,"pov_bin_label":"Under 10%"},"geometry":{"type":"Polygon","coordinates":[[[-77.61312,37.63305],[-77.61097,37.63418],[-77.61034,37.63457],[-77.60977,37.63515],[-77.60875,37.6364],[-77.60843,37.6366],[-77.60769,37.6367],[-77.60631,37.63668],[-77.60545,37.63677],[-77.60426,37.63706],[-77.60259,37.63716],[-77.60106,37.63705],[-77.60007,37.6369],[-77.599,37.63658],[-77.59713,37.63583],[-77.59396,37.63507],[-77.59287,37.635],[-77.59214,37.63514],[-77.59164,37.63546],[-77.59053,37.63677],[-77.5897,37.63783],[-77.58804,37.63976],[-77.58727,37.64061],[-77.58562,37.64186],[-77.57847,37.6377],[-77.57781,37.63729],[-77.57437,37.63531],[-77.56929,37.6323],[-77.57013,37.63147],[-77.57241,37.62906],[-77.57294,37.62868],[-77.57429,37.62788],[-77.57444,37.62777],[-77.57615,37.62554],[-77.57731,37.62396],[-77.57749,37.62346],[-77.57757,37.62151],[-77.5776,37.61767],[-77.57801,37.61761],[-77.57882,37.61774],[-77.57953,37.61812],[-77.58004,37.61808],[-77.58028,37.61842],[-77.58091,37.61861],[-77.58144,37.61904],[-77.58231,37.61898],[-77.58263,37.61844],[-77.58311,37.61824],[-77.58363,37.61822],[-77.58388,37.61837],[-77.58455,37.61825],[-77.58484,37.61841],[-77.58524,37.61835],[-77.58441,37.62062],[-77.58467,37.6207],[-77.59486,37.62499],[-77.59554,37.62522],[-77.59721,37.62552],[-77.59845,37.62553],[-77.60008,37.62524],[-77.6015,37.62468],[-77.60644,37.62226],[-77.60667,37.62273],[-77.60873,37.62522],[-77.60906,37.62571],[-77.60935,37.62652],[-77.60975,37.62957],[-77.60998,37.6302],[-77.61068,37.63116],[-77.61241,37.63221],[-77.61312,37.63305]]]}},{"type":"Feature","properties":{"geoid":"51087200131","jurisdiction":"Henrico","suppressed":false,"rate_bin":4,"rate_bin_label":"2.25% \u2013 3.25%","hot_core":false,"cold_core":false,"zone":1,"zone_label":"Henrico\u2013Chesterfield suburban ring","race_bin":1,"race_bin_label":"Under 20%","pov_bin":2,"pov_bin_label":"10% \u2013 20%"},"geometry":{"type":"Polygon","coordinates":[[[-77.53784,37.61056],[-77.53775,37.606],[-77.53778,37.60566],[-77.5377,37.60153],[-77.53767,37.60134],[-77.53759,37.59814],[-77.53764,37.59721],[-77.53981,37.59756],[-77.54184,37.5978],[-77.5428,37.59808],[-77.54471,37.59902],[-77.54604,37.5994],[-77.5476,37.59992],[-77.55188,37.60113],[-77.55159,37.60178],[-77.55155,37.60234],[-77.55135,37.60297],[-77.54927,37.60688],[-77.54942,37.60727],[-77.55244,37.60908],[-77.55237,37.61551],[-77.54985,37.61491],[-77.54887,37.61436],[-77.54705,37.61273],[-77.54599,37.61236],[-77.54465,37.61263],[-77.54299,37.61253],[-77.54187,37.61262],[-77.54091,37.61242],[-77.53964,37.61196],[-77.539,37.61148],[-77.53852,37.61079],[-77.53784,37.61056]]]}},{"type":"Feature","properties":{"geoid":"51087200132","jurisdiction":"Henrico","suppressed":false,"rate_bin":3,"rate_bin_label":"1.75% \u2013 2.25%","hot_core":false,"cold_core":false,"zone":1,"zone_label":"Henrico\u2013Chesterfield suburban ring","race_bin":1,"race_bin_label":"Under 20%","pov_bin":1,"pov_bin_label":"Under 10%"},"geometry":{"type":"Polygon","coordinates":[[[-77.56356,37.61153],[-77.56329,37.61227],[-77.56287,37.61308],[-77.55989,37.61838],[-77.55948,37.61897],[-77.55613,37.62273],[-77.55506,37.62362],[-77.55387,37.62426],[-77.55156,37.62318],[-77.54908,37.62197],[-77.54708,37.62106],[-77.54504,37.62001],[-77.54393,37.61923],[-77.54328,37.61863],[-77.54255,37.61775],[-77.54124,37.61599],[-77.5403,37.61492],[-77.53948,37.61409],[-77.53786,37.6127],[-77.53784,37.61056],[-77.53852,37.61079],[-77.539,37.61148],[-77.53964,37.61196],[-77.54091,37.61242],[-77.54187,37.61262],[-77.54299,37.61253],[-77.54465,37.61263],[-77.54599,37.61236],[-77.54705,37.61273],[-77.54887,37.61436],[-77.54985,37.61491],[-77.55237,37.61551],[-77.55244,37.60908],[-77.54942,37.60727],[-77.54927,37.60688],[-77.55135,37.60297],[-77.55155,37.60234],[-77.55159,37.60178],[-77.55188,37.60113],[-77.55578,37.60212],[-77.55592,37.60221],[-77.55817,37.60277],[-77.55918,37.60325],[-77.55993,37.60419],[-77.56076,37.60626],[-77.56129,37.60734],[-77.56145,37.60729],[-77.56473,37.60737],[-77.56374,37.611],[-77.56356,37.61153]]]}},{"type":"Feature","properties":{"geoid":"51087200133","jurisdiction":"Henrico","suppressed":false,"rate_bin":1,"rate_bin_label":"Under 1.25%","hot_core":false,"cold_core":false,"zone":1,"zone_label":"Henrico\u2013Chesterfield suburban ring","race_bin":2,"race_bin_label":"20% \u2013 40%","pov_bin":1,"pov_bin_label":"Under 10%"},"geometry":{"type":"Polygon","coordinates":[[[-77.62603,37.59794],[-77.62309,37.59781],[-77.61477,37.59736],[-77.60688,37.59693],[-77.60545,37.59688],[-77.60254,37.5967],[-77.59447,37.59627],[-77.59465,37.59541],[-77.59499,37.59482],[-77.59562,37.59418],[-77.59742,37.59328],[-77.59817,37.59257],[-77.59966,37.59022],[-77.60124,37.5876],[-77.60246,37.58569],[-77.60359,37.5837],[-77.60362,37.58351],[-77.60549,37.58432],[-77.60634,37.58481],[-77.60751,37.5853],[-77.61044,37.58586],[-77.61118,37.58612],[-77.61411,37.5873],[-77.61573,37.58757],[-77.61837,37.58756],[-77.61809,37.58846],[-77.61832,37.58897],[-77.61937,37.58957],[-77.62038,37.58992],[-77.62168,37.58995],[-77.62231,37.58976],[-77.62353,37.58971],[-77.62447,37.58996],[-77.62567,37.59102],[-77.62642,37.59135],[-77.62673,37.59179],[-77.62688,37.59236],[-77.62744,37.59311],[-77.62828,37.59437],[-77.62825,37.5948],[-77.62778,37.595],[-77.62759,37.59578],[-77.62695,37.59621],[-77.62661,37.59622],[-77.62604,37.59661],[-77.6262,37.59744],[-77.62603,37.59794]]]}},{"type":"Feature","properties":{"geoid":"51087200134","jurisdiction":"Henrico","suppressed":false,"rate_bin":2,"rate_bin_label":"1.25% \u2013 1.75%","hot_core":false,"cold_core":false,"zone":1,"zone_label":"Henrico\u2013Chesterfield suburban ring","race_bin":1,"race_bin_label":"Under 20%","pov_bin":1,"pov_bin_label":"Under 10%"},"geometry":{"type":"Polygon","coordinates":[[[-77.59447,37.59627],[-77.58254,37.59562],[-77.5803,37.59548],[-77.57586,37.59526],[-77.56725,37.59479],[-77.56634,37.59472],[-77.56715,37.59285],[-77.56746,37.59239],[-77.56813,37.59173],[-77.5693,37.59103],[-77.57139,37.59014],[-77.57188,37.58978],[-77.57237,37.58911],[-77.57252,37.58825],[-77.57459,37.58826],[-77.57504,37.58774],[-77.57556,37.58645],[-77.57664,37.58415],[-77.57739,37.58282],[-77.5787,37.58141],[-77.57903,37.58092],[-77.58202,37.57585],[-77.58253,37.57443],[-77.58264,37.57428],[-77.58402,37.57451],[-77.58492,37.57475],[-77.58649,37.57538],[-77.58908,37.57672],[-77.59062,37.57741],[-77.59225,37.57795],[-77.5941,37.57849],[-77.59541,37.57893],[-77.59637,37.57941],[-77.59974,37.58145],[-77.60362,37.58351],[-77.60359,37.5837],[-77.60246,37.58569],[-77.60124,37.5876],[-77.59966,37.59022],[-77.59817,37.59257],[-77.59742,37.59328],[-77.59562,37.59418],[-77.59499,37.59482],[-77.59465,37.59541],[-77.59447,37.59627]]]}},{"type":"Feature","properties":{"geoid":"51087200135","jurisdiction":"Henrico","suppressed":false,"rate_bin":3,"rate_bin_label":"1.75% \u2013 2.25%","hot_core":false,"cold_core":false,"zone":1,"zone_label":"Henrico\u2013Chesterfield suburban ring","race_bin":1,"race_bin_label":"Under 20%","pov_bin":1,"pov_bin_label":"Under 10%"},"geometry":{"type":"Polygon","coordinates":[[[-77.61729,37.60992],[-77.61621,37.60975],[-77.61412,37.60968],[-77.6123,37.60974],[-77.61104,37.60958],[-77.61046,37.60936],[-77.6097,37.60885],[-77.60914,37.60828],[-77.60825,37.60775],[-77.60676,37.60745],[-77.60443,37.60714],[-77.60202,37.60713],[-77.59939,37.60722],[-77.59763,37.60722],[-77.59721,37.60727],[-77.59582,37.60719],[-77.59474,37.60726],[-77.59458,37.6064],[-77.59387,37.60567],[-77.59313,37.60464],[-77.59264,37.60423],[-77.59175,37.60376],[-77.59114,37.60357],[-77.59147,37.60147],[-77.59162,37.60004],[-77.59222,37.59898],[-77.59374,37.59747],[-77.59439,37.59668],[-77.59447,37.59627],[-77.60254,37.5967],[-77.60545,37.59688],[-77.60688,37.59693],[-77.61477,37.59736],[-77.61418,37.59823],[-77.61453,37.59906],[-77.61457,37.59949],[-77.61484,37.6],[-77.61531,37.60019],[-77.61593,37.60124],[-77.61585,37.60177],[-77.61625,37.60229],[-77.61606,37.60269],[-77.61636,37.60287],[-77.61673,37.6035],[-77.61663,37.60406],[-77.61708,37.60423],[-77.6171,37.60469],[-77.61743,37.60494],[-77.61795,37.60492],[-77.61834,37.60522],[-77.61817,37.60532],[-77.6184,37.60571],[-77.61862,37.60566],[-77.61878,37.60603],[-77.61935,37.60636],[-77.61922,37.60686],[-77.61868,37.60688],[-77.61856,37.60767],[-77.6183,37.6081],[-77.61756,37.60873],[-77.61733,37.60909],[-77.61753,37.60941],[-77.61729,37.60992]]]}},{"type":"Feature","properties":{"geoid":"51087200136","jurisdiction":"Henrico","suppressed":false,"rate_bin":3,"rate_bin_label":"1.75% \u2013 2.25%","hot_core":false,"cold_core":false,"zone":1,"zone_label":"Henrico\u2013Chesterfield suburban ring","race_bin":1,"race_bin_label":"Under 20%","pov_bin":1,"pov_bin_label":"Under 10%"},"geometry":{"type":"Polygon","coordinates":[[[-77.63556,37.61344],[-77.63339,37.61341],[-77.63273,37.6133],[-77.63139,37.61291],[-77.62812,37.6116],[-77.6272,37.61138],[-77.62522,37.61136],[-77.62044,37.61081],[-77.6193,37.61059],[-77.61729,37.60992],[-77.61753,37.60941],[-77.61733,37.60909],[-77.61756,37.60873],[-77.6183,37.6081],[-77.61856,37.60767],[-77.61868,37.60688],[-77.61922,37.60686],[-77.61935,37.60636],[-77.61878,37.60603],[-77.61862,37.60566],[-77.6184,37.60571],[-77.61817,37.60532],[-77.61834,37.60522],[-77.61795,37.60492],[-77.61743,37.60494],[-77.6171,37.60469],[-77.61708,37.60423],[-77.61663,37.60406],[-77.61673,37.6035],[-77.61636,37.60287],[-77.61606,37.60269],[-77.61625,37.60229],[-77.61585,37.60177],[-77.61593,37.60124],[-77.61531,37.60019],[-77.61484,37.6],[-77.61457,37.59949],[-77.61453,37.59906],[-77.61418,37.59823],[-77.61477,37.59736],[-77.62309,37.59781],[-77.62603,37.59794],[-77.62655,37.59898],[-77.62833,37.59991],[-77.62965,37.60023],[-77.63058,37.60062],[-77.63158,37.60055],[-77.63297,37.60111],[-77.63315,37.60138],[-77.6339,37.602],[-77.63495,37.60179],[-77.63573,37.60155],[-77.63583,37.60188],[-77.63664,37.60195],[-77.63761,37.6023],[-77.63834,37.60212],[-77.63954,37.60225],[-77.64024,37.60269],[-77.64026,37.60277],[-77.63952,37.6053],[-77.63877,37.60601],[-77.63869,37.60653],[-77.63811,37.60714],[-77.63795,37.60694],[-77.63762,37.60747],[-77.63728,37.60752],[-77.63695,37.60829],[-77.63702,37.60859],[-77.63678,37.60905],[-77.63689,37.60965],[-77.63659,37.61045],[-77.63668,37.61059],[-77.63641,37.61156],[-77.6361,37.61184],[-77.63556,37.61344]]]}},{"type":"Feature","properties":{"geoid":"51087200137","jurisdiction":"Henrico","suppressed":false,"rate_bin":3,"rate_bin_label":"1.75% \u2013 2.25%","hot_core":false,"cold_core":false,"zone":1,"zone_label":"Henrico\u2013Chesterfield suburban ring","race_bin":1,"race_bin_label":"Under 20%","pov_bin":1,"pov_bin_label":"Under 10%"},"geometry":{"type":"Polygon","coordinates":[[[-77.58524,37.61835],[-77.58484,37.61841],[-77.58455,37.61825],[-77.58388,37.61837],[-77.58363,37.61822],[-77.58311,37.61824],[-77.58263,37.61844],[-77.58231,37.61898],[-77.58144,37.61904],[-77.58091,37.61861],[-77.58028,37.61842],[-77.58004,37.61808],[-77.57953,37.61812],[-77.57882,37.61774],[-77.57801,37.61761],[-77.5776,37.61767],[-77.57768,37.61622],[-77.57787,37.61468],[-77.57837,37.61186],[-77.57845,37.60998],[-77.57866,37.60734],[-77.58229,37.60738],[-77.58393,37.60735],[-77.5897,37.60738],[-77.59046,37.60734],[-77.59047,37.60775],[-77.59029,37.60897],[-77.58989,37.61043],[-77.58948,37.61137],[-77.58895,37.61231],[-77.58761,37.61413],[-77.58703,37.61485],[-77.58594,37.61664],[-77.58524,37.61835]]]}},{"type":"Feature","properties":{"geoid":"51087200138","jurisdiction":"Henrico","suppressed":false,"rate_bin":3,"rate_bin_label":"1.75% \u2013 2.25%","hot_core":false,"cold_core":false,"zone":1,"zone_label":"Henrico\u2013Chesterfield suburban ring","race_bin":2,"race_bin_label":"20% \u2013 40%","pov_bin":2,"pov_bin_label":"10% \u2013 20%"},"geometry":{"type":"Polygon","coordinates":[[[-77.60644,37.62226],[-77.6015,37.62468],[-77.60008,37.62524],[-77.59845,37.62553],[-77.59721,37.62552],[-77.59554,37.62522],[-77.59486,37.62499],[-77.58467,37.6207],[-77.58441,37.62062],[-77.58524,37.61835],[-77.58594,37.61664],[-77.58703,37.61485],[-77.58761,37.61413],[-77.58895,37.61231],[-77.58948,37.61137],[-77.58989,37.61043],[-77.59029,37.60897],[-77.59047,37.60775],[-77.59046,37.60734],[-77.59083,37.60542],[-77.59114,37.60357],[-77.59175,37.60376],[-77.59264,37.60423],[-77.59313,37.60464],[-77.59387,37.60567],[-77.59458,37.6064],[-77.59474,37.60726],[-77.59582,37.60719],[-77.59721,37.60727],[-77.59763,37.60722],[-77.59939,37.60722],[-77.60202,37.60713],[-77.60443,37.60714],[-77.60676,37.60745],[-77.60733,37.61238],[-77.60737,37.614],[-77.60631,37.62089],[-77.60628,37.62149],[-77.60644,37.62226]]]}},{"type":"Feature","properties":{"geoid":"51087200139","jurisdiction":"Henrico","suppressed":false,"rate_bin":3,"rate_bin_label":"1.75% \u2013 2.25%","hot_core":false,"cold_core":true,"zone":1,"zone_label":"Henrico\u2013Chesterfield suburban ring","race_bin":1,"race_bin_label":"Under 20%","pov_bin":1,"pov_bin_label":"Under 10%"},"geometry":{"type":"Polygon","coordinates":[[[-77.63772,37.64767],[-77.63732,37.64646],[-77.63676,37.64552],[-77.63423,37.64309],[-77.63329,37.64227],[-77.63207,37.6411],[-77.63108,37.64043],[-77.63413,37.63717],[-77.63849,37.63217],[-77.63789,37.6317],[-77.6377,37.63092],[-77.63756,37.62839],[-77.63774,37.6258],[-77.638,37.62404],[-77.6388,37.62418],[-77.64092,37.62437],[-77.64435,37.62441],[-77.64514,37.62436],[-77.64723,37.62399],[-77.64961,37.62388],[-77.65062,37.62419],[-77.65086,37.62465],[-77.65074,37.62534],[-77.6512,37.627],[-77.65157,37.62809],[-77.65181,37.62912],[-77.6519,37.63056],[-77.65205,37.6309],[-77.65214,37.63163],[-77.652,37.63211],[-77.65269,37.63285],[-77.6536,37.63432],[-77.65392,37.6356],[-77.65391,37.63609],[-77.65371,37.63676],[-77.65394,37.63955],[-77.65297,37.64041],[-77.65252,37.64057],[-77.6519,37.64018],[-77.65135,37.64057],[-77.65028,37.64101],[-77.64946,37.64118],[-77.64928,37.64098],[-77.64792,37.64117],[-77.64714,37.64196],[-77.64577,37.6422],[-77.64531,37.64246],[-77.64439,37.64271],[-77.64386,37.64274],[-77.64342,37.64297],[-77.643,37.64371],[-77.64267,37.64394],[-77.64281,37.6442],[-77.64258,37.64438],[-77.64202,37.64446],[-77.64141,37.64496],[-77.6407,37.64491],[-77.6403,37.64554],[-77.63984,37.64567],[-77.63962,37.64644],[-77.63908,37.64675],[-77.6389,37.64671],[-77.63807,37.64717],[-77.63809,37.64738],[-77.63772,37.64767]]]}},{"type":"Feature","properties":{"geoid":"51087200140","jurisdiction":"Henrico","suppressed":false,"rate_bin":1,"rate_bin_label":"Under 1.25%","hot_core":false,"cold_core":true,"zone":6,"zone_label":"Henrico far West End","race_bin":1,"race_bin_label":"Under 20%","pov_bin":1,"pov_bin_label":"Under 10%"},"geometry":{"type":"Polygon","coordinates":[[[-77.64436,37.66936],[-77.64156,37.66784],[-77.63966,37.66692],[-77.6377,37.66605],[-77.63536,37.6651],[-77.63391,37.66456],[-77.63156,37.66377],[-77.62246,37.66089],[-77.61185,37.65761],[-77.61155,37.65623],[-77.61128,37.65456],[-77.61121,37.65326],[-77.61135,37.65266],[-77.61183,37.65146],[-77.61464,37.65204],[-77.62002,37.65311],[-77.62081,37.65335],[-77.62207,37.65385],[-77.62989,37.65733],[-77.63104,37.65783],[-77.63268,37.65861],[-77.63379,37.65715],[-77.6354,37.65489],[-77.63729,37.65212],[-77.63787,37.65131],[-77.63821,37.65063],[-77.6383,37.65012],[-77.6382,37.64921],[-77.63772,37.64767],[-77.63809,37.64738],[-77.63807,37.64717],[-77.6389,37.64671],[-77.63908,37.64675],[-77.63962,37.64644],[-77.63984,37.64567],[-77.6403,37.64554],[-77.6407,37.64491],[-77.64141,37.64496],[-77.64202,37.64446],[-77.64258,37.64438],[-77.64281,37.6442],[-77.64267,37.64394],[-77.643,37.64371],[-77.64342,37.64297],[-77.64386,37.64274],[-77.64439,37.64271],[-77.64531,37.64246],[-77.64577,37.6422],[-77.64714,37.64196],[-77.64792,37.64117],[-77.64928,37.64098],[-77.64946,37.64118],[-77.65028,37.64101],[-77.65135,37.64057],[-77.6519,37.64018],[-77.65252,37.64057],[-77.65297,37.64041],[-77.65394,37.63955],[-77.65397,37.63994],[-77.65445,37.64073],[-77.65289,37.64505],[-77.65309,37.64513],[-77.65275,37.64544],[-77.65219,37.64629],[-77.65148,37.64693],[-77.65052,37.64869],[-77.65021,37.64973],[-77.64965,37.65087],[-77.64953,37.65158],[-77.64972,37.65321],[-77.64971,37.65377],[-77.64856,37.6569],[-77.64991,37.65702],[-77.65001,37.65717],[-77.64967,37.65779],[-77.64919,37.65833],[-77.64936,37.65937],[-77.64619,37.65922],[-77.64607,37.66202],[-77.64593,37.66366],[-77.64421,37.66802],[-77.64468,37.66843],[-77.64436,37.66936]]]}},{"type":"Feature","properties":{"geoid":"51087200141","jurisdiction":"Henrico","suppressed":false,"rate_bin":1,"rate_bin_label":"Under 1.25%","hot_core":false,"cold_core":true,"zone":6,"zone_label":"Henrico far West End","race_bin":1,"race_bin_label":"Under 20%","pov_bin":1,"pov_bin_label":"Under 10%"},"geometry":{"type":"Polygon","coordinates":[[[-77.61183,37.65146],[-77.61312,37.64963],[-77.61579,37.64608],[-77.62137,37.64847],[-77.62207,37.64903],[-77.62273,37.6502],[-77.62323,37.65081],[-77.62505,37.65003],[-77.62595,37.64949],[-77.62647,37.649],[-77.6269,37.64831],[-77.62708,37.64776],[-77.62713,37.64709],[-77.62707,37.64617],[-77.62715,37.64538],[-77.62743,37.64461],[-77.62818,37.64353],[-77.63108,37.64043],[-77.63207,37.6411],[-77.63329,37.64227],[-77.63423,37.64309],[-77.63676,37.64552],[-77.63732,37.64646],[-77.63772,37.64767],[-77.6382,37.64921],[-77.6383,37.65012],[-77.63821,37.65063],[-77.63787,37.65131],[-77.63729,37.65212],[-77.6354,37.65489],[-77.63379,37.65715],[-77.63268,37.65861],[-77.63104,37.65783],[-77.62989,37.65733],[-77.62207,37.65385],[-77.62081,37.65335],[-77.62002,37.65311],[-77.61464,37.65204],[-77.61183,37.65146]]]}},{"type":"Feature","properties":{"geoid":"51087200142","jurisdiction":"Henrico","suppressed":false,"rate_bin":1,"rate_bin_label":"Under 1.25%","hot_core":false,"cold_core":true,"zone":1,"zone_label":"Henrico\u2013Chesterfield suburban ring","race_bin":1,"race_bin_label":"Under 20%","pov_bin":1,"pov_bin_label":"Under 10%"},"geometry":{"type":"Polygon","coordinates":[[[-77.63413,37.63717],[-77.63108,37.64043],[-77.62818,37.64353],[-77.62743,37.64461],[-77.62715,37.64538],[-77.62707,37.64617],[-77.62713,37.64709],[-77.62708,37.64776],[-77.6269,37.64831],[-77.62647,37.649],[-77.62595,37.64949],[-77.62505,37.65003],[-77.62323,37.65081],[-77.62273,37.6502],[-77.62207,37.64903],[-77.62137,37.64847],[-77.61579,37.64608],[-77.61629,37.64504],[-77.61644,37.6433],[-77.61661,37.63979],[-77.61651,37.63898],[-77.61634,37.63847],[-77.61582,37.63739],[-77.6153,37.63618],[-77.61417,37.634],[-77.6135,37.63287],[-77.61635,37.63191],[-77.61741,37.63176],[-77.62079,37.63181],[-77.62151,37.63188],[-77.62369,37.63229],[-77.6247,37.63265],[-77.62649,37.63355],[-77.6304,37.63505],[-77.6316,37.63565],[-77.63388,37.63705],[-77.63413,37.63717]]]}},{"type":"Feature","properties":{"geoid":"51087200143","jurisdiction":"Henrico","suppressed":false,"rate_bin":1,"rate_bin_label":"Under 1.25%","hot_core":false,"cold_core":true,"zone":1,"zone_label":"Henrico\u2013Chesterfield suburban ring","race_bin":1,"race_bin_label":"Under 20%","pov_bin":1,"pov_bin_label":"Under 10%"},"geometry":{"type":"Polygon","coordinates":[[[-77.61579,37.64608],[-77.61489,37.64563],[-77.6139,37.64534],[-77.61237,37.64521],[-77.61129,37.64502],[-77.60891,37.64437],[-77.60817,37.64426],[-77.60718,37.6443],[-77.6064,37.6445],[-77.60474,37.64533],[-77.60347,37.64548],[-77.60247,37.64535],[-77.60168,37.64499],[-77.60064,37.64441],[-77.59935,37.64385],[-77.5979,37.64338],[-77.59548,37.64294],[-77.5936,37.64224],[-77.59303,37.64209],[-77.5913,37.6418],[-77.59028,37.64147],[-77.58929,37.64066],[-77.58804,37.63976],[-77.5897,37.63783],[-77.59053,37.63677],[-77.59164,37.63546],[-77.59214,37.63514],[-77.59287,37.635],[-77.59396,37.63507],[-77.59713,37.63583],[-77.599,37.63658],[-77.60007,37.6369],[-77.60106,37.63705],[-77.60259,37.63716],[-77.60426,37.63706],[-77.60545,37.63677],[-77.60631,37.63668],[-77.60769,37.6367],[-77.60843,37.6366],[-77.60875,37.6364],[-77.60977,37.63515],[-77.61034,37.63457],[-77.61097,37.63418],[-77.61312,37.63305],[-77.6135,37.63287],[-77.61417,37.634],[-77.6153,37.63618],[-77.61582,37.63739],[-77.61634,37.63847],[-77.61651,37.63898],[-77.61661,37.63979],[-77.61644,37.6433],[-77.61629,37.64504],[-77.61579,37.64608]]]}},{"type":"Feature","properties":{"geoid":"51087200144","jurisdiction":"Henrico","suppressed":true,"rate_bin":null,"rate_bin_label":"Fewer than 5 flagged parcels \u2014 rate not shown","hot_core":false,"cold_core":true,"zone":6,"zone_label":"Henrico far West End","race_bin":2,"race_bin_label":"20% \u2013 40%","pov_bin":1,"pov_bin_label":"Under 10%"},"geometry":{"type":"Polygon","coordinates":[[[-77.61579,37.64608],[-77.61312,37.64963],[-77.61183,37.65146],[-77.61135,37.65266],[-77.61121,37.65326],[-77.61128,37.65456],[-77.61155,37.65623],[-77.61185,37.65761],[-77.60525,37.65575],[-77.60366,37.65527],[-77.60275,37.65494],[-77.60134,37.65434],[-77.59977,37.65352],[-77.59816,37.65246],[-77.59692,37.65149],[-77.596,37.65065],[-77.59355,37.64814],[-77.59264,37.6472],[-77.59175,37.64635],[-77.59067,37.64542],[-77.58917,37.64421],[-77.58786,37.64327],[-77.58562,37.64186],[-77.58727,37.64061],[-77.58804,37.63976],[-77.58929,37.64066],[-77.59028,37.64147],[-77.5913,37.6418],[-77.59303,37.64209],[-77.5936,37.64224],[-77.59548,37.64294],[-77.5979,37.64338],[-77.59935,37.64385],[-77.60064,37.64441],[-77.60168,37.64499],[-77.60247,37.64535],[-77.60347,37.64548],[-77.60474,37.64533],[-77.6064,37.6445],[-77.60718,37.6443],[-77.60817,37.64426],[-77.60891,37.64437],[-77.61129,37.64502],[-77.61237,37.64521],[-77.6139,37.64534],[-77.61489,37.64563],[-77.61579,37.64608]]]}},{"type":"Feature","properties":{"geoid":"51087200145","jurisdiction":"Henrico","suppressed":false,"rate_bin":1,"rate_bin_label":"Under 1.25%","hot_core":false,"cold_core":true,"zone":6,"zone_label":"Henrico far West End","race_bin":1,"race_bin_label":"Under 20%","pov_bin":1,"pov_bin_label":"Under 10%"},"geometry":{"type":"Polygon","coordinates":[[[-77.63298,37.69988],[-77.63067,37.70567],[-77.63082,37.7057],[-77.63023,37.7073],[-77.62721,37.70643],[-77.62642,37.70601],[-77.62516,37.70556],[-77.62426,37.70544],[-77.62374,37.70521],[-77.62284,37.70506],[-77.62252,37.70489],[-77.62116,37.70539],[-77.62061,37.70584],[-77.61985,37.70599],[-77.61955,37.70661],[-77.61851,37.70732],[-77.61827,37.70734],[-77.61783,37.70803],[-77.61745,37.70802],[-77.61663,37.70834],[-77.61481,37.70834],[-77.61362,37.70868],[-77.61143,37.71021],[-77.61061,37.71041],[-77.61027,37.71025],[-77.60965,37.71022],[-77.60951,37.71005],[-77.6085,37.7099],[-77.60899,37.70936],[-77.60917,37.70828],[-77.6091,37.70696],[-77.6089,37.70624],[-77.60983,37.70595],[-77.61076,37.70555],[-77.6113,37.70519],[-77.61208,37.70429],[-77.61283,37.70277],[-77.61334,37.70219],[-77.61382,37.70188],[-77.61459,37.70162],[-77.61601,37.70158],[-77.61597,37.70088],[-77.61556,37.6998],[-77.61499,37.69928],[-77.61364,37.69851],[-77.6132,37.69819],[-77.6126,37.69745],[-77.61236,37.69684],[-77.6124,37.69596],[-77.61256,37.69544],[-77.6135,37.69363],[-77.61365,37.69288],[-77.61341,37.69184],[-77.61283,37.69111],[-77.61106,37.68989],[-77.61087,37.68986],[-77.61382,37.6871],[-77.6149,37.68635],[-77.61629,37.6858],[-77.62123,37.6846],[-77.62258,37.68453],[-77.62381,37.6848],[-77.62473,37.68525],[-77.62552,37.68596],[-77.62592,37.68656],[-77.62656,37.68803],[-77.62716,37.68878],[-77.62855,37.69028],[-77.6289,37.69089],[-77.62932,37.69227],[-77.62928,37.6931],[-77.62905,37.69435],[-77.62906,37.69492],[-77.62947,37.69597],[-77.63029,37.69752],[-77.63072,37.69811],[-77.63206,37.69925],[-77.63298,37.69988]]]}},{"type":"Feature","properties":{"geoid":"51087200146","jurisdiction":"Henrico","suppressed":false,"rate_bin":1,"rate_bin_label":"Under 1.25%","hot_core":false,"cold_core":true,"zone":6,"zone_label":"Henrico far West End","race_bin":1,"race_bin_label":"Under 20%","pov_bin":1,"pov_bin_label":"Under 10%"},"geometry":{"type":"Polygon","coordinates":[[[-77.6085,37.7099],[-77.608,37.70989],[-77.60769,37.70963],[-77.60716,37.70962],[-77.60681,37.70979],[-77.60627,37.7094],[-77.6065,37.70915],[-77.60608,37.70918],[-77.60578,37.70879],[-77.606,37.70851],[-77.60554,37.7077],[-77.60486,37.70748],[-77.60504,37.70733],[-77.60382,37.70677],[-77.6034,37.70679],[-77.60346,37.70658],[-77.60283,37.70627],[-77.60257,37.70601],[-77.60202,37.70615],[-77.6016,37.70576],[-77.60116,37.70583],[-77.60064,37.7052],[-77.60078,37.70498],[-77.60047,37.70486],[-77.60026,37.70508],[-77.6001,37.70475],[-77.59945,37.70455],[-77.59893,37.70408],[-77.59842,37.70409],[-77.5984,37.7037],[-77.59807,37.70365],[-77.59838,37.70323],[-77.59781,37.70323],[-77.5974,37.70285],[-77.59756,37.70221],[-77.59684,37.70135],[-77.59638,37.70131],[-77.59602,37.70084],[-77.59547,37.70078],[-77.59466,37.70044],[-77.59437,37.69959],[-77.59468,37.6992],[-77.59509,37.69924],[-77.59541,37.69837],[-77.59506,37.6982],[-77.59513,37.69752],[-77.59539,37.69704],[-77.59496,37.69677],[-77.59483,37.69644],[-77.59416,37.69615],[-77.59371,37.69627],[-77.59323,37.69604],[-77.59243,37.69598],[-77.59207,37.69551],[-77.59224,37.69508],[-77.5927,37.69456],[-77.5934,37.69401],[-77.59489,37.69306],[-77.5962,37.69206],[-77.59716,37.69123],[-77.5974,37.69071],[-77.59755,37.68935],[-77.60507,37.69136],[-77.60627,37.69161],[-77.6073,37.69162],[-77.60857,37.69139],[-77.60984,37.69076],[-77.61087,37.68986],[-77.61106,37.68989],[-77.61283,37.69111],[-77.61341,37.69184],[-77.61365,37.69288],[-77.6135,37.69363],[-77.61256,37.69544],[-77.6124,37.69596],[-77.61236,37.69684],[-77.6126,37.69745],[-77.6132,37.69819],[-77.61364,37.69851],[-77.61499,37.69928],[-77.61556,37.6998],[-77.61597,37.70088],[-77.61601,37.70158],[-77.61459,37.70162],[-77.61382,37.70188],[-77.61334,37.70219],[-77.61283,37.70277],[-77.61208,37.70429],[-77.6113,37.70519],[-77.61076,37.70555],[-77.60983,37.70595],[-77.6089,37.70624],[-77.6091,37.70696],[-77.60917,37.70828],[-77.60899,37.70936],[-77.6085,37.7099]]]}},{"type":"Feature","properties":{"geoid":"51087200147","jurisdiction":"Henrico","suppressed":false,"rate_bin":1,"rate_bin_label":"Under 1.25%","hot_core":false,"cold_core":true,"zone":6,"zone_label":"Henrico far West End","race_bin":1,"race_bin_label":"Under 20%","pov_bin":1,"pov_bin_label":"Under 10%"},"geometry":{"type":"Polygon","coordinates":[[[-77.63298,37.69988],[-77.63206,37.69925],[-77.63072,37.69811],[-77.63029,37.69752],[-77.62947,37.69597],[-77.62906,37.69492],[-77.62905,37.69435],[-77.62928,37.6931],[-77.62932,37.69227],[-77.6289,37.69089],[-77.62855,37.69028],[-77.62716,37.68878],[-77.62656,37.68803],[-77.62592,37.68656],[-77.62552,37.68596],[-77.62473,37.68525],[-77.62381,37.6848],[-77.62258,37.68453],[-77.62123,37.6846],[-77.61629,37.6858],[-77.6149,37.68635],[-77.61382,37.6871],[-77.61087,37.68986],[-77.60984,37.69076],[-77.60857,37.69139],[-77.6073,37.69162],[-77.60627,37.69161],[-77.60507,37.69136],[-77.59755,37.68935],[-77.59793,37.68671],[-77.59824,37.68392],[-77.5984,37.68301],[-77.59882,37.68207],[-77.59903,37.68042],[-77.59915,37.67998],[-77.59961,37.67935],[-77.60018,37.67882],[-77.60174,37.67758],[-77.60215,37.67717],[-77.60345,37.675],[-77.60385,37.67421],[-77.60399,37.67324],[-77.60566,37.67318],[-77.60755,37.67305],[-77.60831,37.6731],[-77.61238,37.67378],[-77.61303,37.6737],[-77.6155,37.67294],[-77.61511,37.67202],[-77.61464,37.67049],[-77.61378,37.66731],[-77.61366,37.66657],[-77.61356,37.66519],[-77.61338,37.66404],[-77.61306,37.66267],[-77.61244,37.66081],[-77.61185,37.65761],[-77.62246,37.66089],[-77.63156,37.66377],[-77.63391,37.66456],[-77.63536,37.6651],[-77.6377,37.66605],[-77.63966,37.66692],[-77.64156,37.66784],[-77.64436,37.66936],[-77.64261,37.67437],[-77.64089,37.67804],[-77.64284,37.67931],[-77.64185,37.68041],[-77.64172,37.68066],[-77.64168,37.68286],[-77.64159,37.68459],[-77.64191,37.68789],[-77.63775,37.68667],[-77.63298,37.69988]]]}},{"type":"Feature","properties":{"geoid":"51087200148","jurisdiction":"Henrico","suppressed":false,"rate_bin":1,"rate_bin_label":"Under 1.25%","hot_core":false,"cold_core":true,"zone":6,"zone_label":"Henrico far West End","race_bin":1,"race_bin_label":"Under 20%","pov_bin":1,"pov_bin_label":"Under 10%"},"geometry":{"type":"Polygon","coordinates":[[[-77.59755,37.68935],[-77.5974,37.69071],[-77.59716,37.69123],[-77.5962,37.69206],[-77.59489,37.69306],[-77.5934,37.69401],[-77.5927,37.69456],[-77.59224,37.69508],[-77.59207,37.69551],[-77.59162,37.69525],[-77.5907,37.69539],[-77.59027,37.6949],[-77.58888,37.69423],[-77.58871,37.69397],[-77.58833,37.69425],[-77.58821,37.69481],[-77.5879,37.69509],[-77.58741,37.69485],[-77.5871,37.69452],[-77.58619,37.69406],[-77.58567,37.69411],[-77.58494,37.69388],[-77.58481,37.69335],[-77.58361,37.69282],[-77.58303,37.69227],[-77.58229,37.69202],[-77.58157,37.69123],[-77.58163,37.69102],[-77.58102,37.69028],[-77.58069,37.69029],[-77.58047,37.6899],[-77.57991,37.68963],[-77.57963,37.68912],[-77.57911,37.68898],[-77.57891,37.68864],[-77.57851,37.68851],[-77.57785,37.6887],[-77.57768,37.68858],[-77.57684,37.68873],[-77.57604,37.6882],[-77.57571,37.68829],[-77.57527,37.68868],[-77.57463,37.68843],[-77.57426,37.68845],[-77.57398,37.68885],[-77.57356,37.68907],[-77.57309,37.68893],[-77.57298,37.68818],[-77.57268,37.68776],[-77.5719,37.68758],[-77.5714,37.68704],[-77.57104,37.68704],[-77.57094,37.68682],[-77.5702,37.68641],[-77.56969,37.68601],[-77.56938,37.68553],[-77.5686,37.6852],[-77.56845,37.68484],[-77.56748,37.68467],[-77.56709,37.68392],[-77.56668,37.6839],[-77.56621,37.68417],[-77.56566,37.6843],[-77.56523,37.68322],[-77.56452,37.68314],[-77.56411,37.68322],[-77.5636,37.68359],[-77.56294,37.6838],[-77.56244,37.68344],[-77.56268,37.68296],[-77.56213,37.68252],[-77.56162,37.68275],[-77.56063,37.68294],[-77.56,37.68245],[-77.55953,37.68238],[-77.55876,37.68209],[-77.55823,37.68219],[-77.55786,37.68192],[-77.55744,37.68213],[-77.55726,37.6825],[-77.55706,37.68349],[-77.55732,37.68379],[-77.55727,37.68429],[-77.55687,37.68476],[-77.5565,37.68465],[-77.55594,37.68381],[-77.55512,37.6838],[-77.55443,37.68348],[-77.55394,37.68314],[-77.55298,37.68277],[-77.55224,37.68263],[-77.55189,37.68284],[-77.55143,37.6827],[-77.55127,37.68246],[-77.55039,37.68238],[-77.54989,37.68257],[-77.54962,37.68301],[-77.55015,37.68362],[-77.55067,37.68375],[-77.55122,37.68472],[-77.55124,37.68591],[-77.55083,37.68624],[-77.5502,37.68619],[-77.54963,37.68574],[-77.5483,37.68508],[-77.54777,37.68514],[-77.54735,37.68484],[-77.5472,37.68452],[-77.54655,37.6844],[-77.54608,37.68457],[-77.54563,37.68451],[-77.54566,37.68425],[-77.54504,37.68411],[-77.54483,37.6843],[-77.54343,37.68465],[-77.54314,37.6851],[-77.54314,37.68575],[-77.54269,37.68617],[-77.54152,37.68511],[-77.54095,37.68425],[-77.54068,37.6835],[-77.54029,37.68105],[-77.54618,37.68006],[-77.54929,37.67958],[-77.55517,37.67861],[-77.55763,37.67817],[-77.56035,37.67753],[-77.56236,37.67694],[-77.56853,37.67501],[-77.57338,37.67351],[-77.57567,37.67283],[-77.57636,37.67258],[-77.58161,37.67096],[-77.58231,37.67161],[-77.58325,37.67265],[-77.58396,37.67382],[-77.58468,37.67557],[-77.58531,37.67768],[-77.58561,37.67832],[-77.58602,37.67876],[-77.58781,37.68009],[-77.58842,37.68067],[-77.5888,37.68123],[-77.58982,37.68047],[-77.59079,37.67917],[-77.59117,37.67804],[-77.59144,37.67753],[-77.59209,37.67688],[-77.59595,37.67464],[-77.59738,37.67385],[-77.59877,37.67344],[-77.60018,37.67324],[-77.60399,37.67324],[-77.60385,37.67421],[-77.60345,37.675],[-77.60215,37.67717],[-77.60174,37.67758],[-77.60018,37.67882],[-77.59961,37.67935],[-77.59915,37.67998],[-77.59903,37.68042],[-77.59882,37.68207],[-77.5984,37.68301],[-77.59824,37.68392],[-77.59793,37.68671],[-77.59755,37.68935]]]}},{"type":"Feature","properties":{"geoid":"51087200149","jurisdiction":"Henrico","suppressed":false,"rate_bin":1,"rate_bin_label":"Under 1.25%","hot_core":false,"cold_core":true,"zone":6,"zone_label":"Henrico far West End","race_bin":1,"race_bin_label":"Under 20%","pov_bin":1,"pov_bin_label":"Under 10%"},"geometry":{"type":"Polygon","coordinates":[[[-77.60399,37.67324],[-77.60018,37.67324],[-77.59877,37.67344],[-77.59738,37.67385],[-77.59595,37.67464],[-77.59209,37.67688],[-77.59144,37.67753],[-77.59117,37.67804],[-77.59079,37.67917],[-77.58982,37.68047],[-77.5888,37.68123],[-77.58842,37.68067],[-77.58781,37.68009],[-77.58602,37.67876],[-77.58561,37.67832],[-77.58531,37.67768],[-77.58468,37.67557],[-77.58396,37.67382],[-77.58325,37.67265],[-77.58231,37.67161],[-77.58161,37.67096],[-77.58487,37.66992],[-77.58769,37.66891],[-77.58965,37.66805],[-77.5917,37.66702],[-77.59387,37.66577],[-77.59508,37.665],[-77.59643,37.66406],[-77.59808,37.66279],[-77.5999,37.6612],[-77.60262,37.6586],[-77.60433,37.65687],[-77.60525,37.65575],[-77.61185,37.65761],[-77.61244,37.66081],[-77.61306,37.66267],[-77.61338,37.66404],[-77.61356,37.66519],[-77.61366,37.66657],[-77.61378,37.66731],[-77.61464,37.67049],[-77.61511,37.67202],[-77.6155,37.67294],[-77.61303,37.6737],[-77.61238,37.67378],[-77.60831,37.6731],[-77.60755,37.67305],[-77.60566,37.67318],[-77.60399,37.67324]]]}},{"type":"Feature","properties":{"geoid":"51087200150","jurisdiction":"Henrico","suppressed":false,"rate_bin":1,"rate_bin_label":"Under 1.25%","hot_core":false,"cold_core":true,"zone":6,"zone_label":"Henrico far West End","race_bin":1,"race_bin_label":"Under 20%","pov_bin":1,"pov_bin_label":"Under 10%"},"geometry":{"type":"Polygon","coordinates":[[[-77.58161,37.67096],[-77.57636,37.67258],[-77.57567,37.67283],[-77.57338,37.67351],[-77.56853,37.67501],[-77.56236,37.67694],[-77.56035,37.67753],[-77.55763,37.67817],[-77.55517,37.67861],[-77.54929,37.67958],[-77.54618,37.68006],[-77.54029,37.68105],[-77.53967,37.6776],[-77.53915,37.67635],[-77.5385,37.67543],[-77.53644,37.67296],[-77.53758,37.67252],[-77.54116,37.67146],[-77.54172,37.67136],[-77.54192,37.67215],[-77.54257,37.67346],[-77.54295,37.67399],[-77.54338,37.67429],[-77.54389,37.67443],[-77.54565,37.67462],[-77.54757,37.67499],[-77.54848,37.67499],[-77.54883,37.67474],[-77.54928,37.6738],[-77.54994,37.6735],[-77.55164,37.67325],[-77.55267,37.6733],[-77.55385,37.67353],[-77.5546,37.67336],[-77.55502,37.67296],[-77.55672,37.67075],[-77.55704,37.67026],[-77.55767,37.66903],[-77.558,37.66875],[-77.55924,37.66812],[-77.56008,37.66752],[-77.56045,37.66699],[-77.5607,37.66638],[-77.56121,37.66549],[-77.56205,37.66419],[-77.56213,37.66279],[-77.56801,37.66367],[-77.5692,37.66401],[-77.5717,37.66481],[-77.57303,37.66517],[-77.57411,37.66366],[-77.57481,37.66259],[-77.57506,37.66158],[-77.57496,37.66096],[-77.57467,37.6601],[-77.57478,37.65907],[-77.5752,37.65841],[-77.5764,37.65752],[-77.57685,37.65707],[-77.57733,37.65597],[-77.57771,37.65539],[-77.57816,37.65498],[-77.5794,37.65405],[-77.58053,37.65341],[-77.58111,37.65283],[-77.58137,37.6523],[-77.58152,37.65123],[-77.58194,37.6503],[-77.58226,37.64893],[-77.58303,37.64755],[-77.5831,37.64675],[-77.58732,37.64732],[-77.5898,37.6476],[-77.59355,37.64814],[-77.596,37.65065],[-77.59692,37.65149],[-77.59816,37.65246],[-77.59977,37.65352],[-77.60134,37.65434],[-77.60275,37.65494],[-77.60366,37.65527],[-77.60525,37.65575],[-77.60433,37.65687],[-77.60262,37.6586],[-77.5999,37.6612],[-77.59808,37.66279],[-77.59643,37.66406],[-77.59508,37.665],[-77.59387,37.66577],[-77.5917,37.66702],[-77.58965,37.66805],[-77.58769,37.66891],[-77.58487,37.66992],[-77.58161,37.67096]]]}},{"type":"Feature","properties":{"geoid":"51087200151","jurisdiction":"Henrico","suppressed":false,"rate_bin":1,"rate_bin_label":"Under 1.25%","hot_core":false,"cold_core":true,"zone":1,"zone_label":"Henrico\u2013Chesterfield suburban ring","race_bin":1,"race_bin_label":"Under 20%","pov_bin":1,"pov_bin_label":"Under 10%"},"geometry":{"type":"Polygon","coordinates":[[[-77.59355,37.64814],[-77.5898,37.6476],[-77.58732,37.64732],[-77.5831,37.64675],[-77.58303,37.64755],[-77.58226,37.64893],[-77.58194,37.6503],[-77.58152,37.65123],[-77.58137,37.6523],[-77.58111,37.65283],[-77.58053,37.65341],[-77.5794,37.65405],[-77.57816,37.65498],[-77.57771,37.65539],[-77.57733,37.65597],[-77.57685,37.65707],[-77.5764,37.65752],[-77.5752,37.65841],[-77.57478,37.65907],[-77.57467,37.6601],[-77.57496,37.66096],[-77.57506,37.66158],[-77.57481,37.66259],[-77.57411,37.66366],[-77.57303,37.66517],[-77.5717,37.66481],[-77.5692,37.66401],[-77.56801,37.66367],[-77.56213,37.66279],[-77.56205,37.66131],[-77.56197,37.65761],[-77.5617,37.65533],[-77.56164,37.65322],[-77.56084,37.65037],[-77.5605,37.64903],[-77.55922,37.64444],[-77.55908,37.6436],[-77.55916,37.64301],[-77.55968,37.64199],[-77.5605,37.64078],[-77.56182,37.63961],[-77.5631,37.63886],[-77.56413,37.63783],[-77.56772,37.63393],[-77.56929,37.6323],[-77.57437,37.63531],[-77.57781,37.63729],[-77.57847,37.6377],[-77.58562,37.64186],[-77.58786,37.64327],[-77.58917,37.64421],[-77.59067,37.64542],[-77.59175,37.64635],[-77.59264,37.6472],[-77.59355,37.64814]]]}},{"type":"Feature","properties":{"geoid":"51087200152","jurisdiction":"Henrico","suppressed":false,"rate_bin":3,"rate_bin_label":"1.75% \u2013 2.25%","hot_core":false,"cold_core":false,"zone":1,"zone_label":"Henrico\u2013Chesterfield suburban ring","race_bin":1,"race_bin_label":"Under 20%","pov_bin":1,"pov_bin_label":"Under 10%"},"geometry":{"type":"Polygon","coordinates":[[[-77.56929,37.6323],[-77.56542,37.63009],[-77.56366,37.62913],[-77.56091,37.62769],[-77.55841,37.62642],[-77.55387,37.62426],[-77.55506,37.62362],[-77.55613,37.62273],[-77.55948,37.61897],[-77.55989,37.61838],[-77.56287,37.61308],[-77.56329,37.61227],[-77.56356,37.61153],[-77.56431,37.61222],[-77.56542,37.61289],[-77.56671,37.61394],[-77.56757,37.61498],[-77.56896,37.61704],[-77.5692,37.61773],[-77.56928,37.61843],[-77.56954,37.61896],[-77.57145,37.62121],[-77.57227,37.62211],[-77.57286,37.62311],[-77.573,37.62365],[-77.57328,37.62654],[-77.57338,37.62689],[-77.57378,37.62748],[-77.57429,37.62788],[-77.57294,37.62868],[-77.57241,37.62906],[-77.57013,37.63147],[-77.56929,37.6323]]]}},{"type":"Feature","properties":{"geoid":"51087200153","jurisdiction":"Henrico","suppressed":false,"rate_bin":2,"rate_bin_label":"1.25% \u2013 1.75%","hot_core":false,"cold_core":false,"zone":1,"zone_label":"Henrico\u2013Chesterfield suburban ring","race_bin":1,"race_bin_label":"Under 20%","pov_bin":2,"pov_bin_label":"10% \u2013 20%"},"geometry":{"type":"Polygon","coordinates":[[[-77.5776,37.61767],[-77.57757,37.62151],[-77.57749,37.62346],[-77.57731,37.62396],[-77.57615,37.62554],[-77.57444,37.62777],[-77.57429,37.62788],[-77.57378,37.62748],[-77.57338,37.62689],[-77.57328,37.62654],[-77.573,37.62365],[-77.57286,37.62311],[-77.57227,37.62211],[-77.57145,37.62121],[-77.56954,37.61896],[-77.56928,37.61843],[-77.5692,37.61773],[-77.56896,37.61704],[-77.56757,37.61498],[-77.56671,37.61394],[-77.56542,37.61289],[-77.56431,37.61222],[-77.56356,37.61153],[-77.56374,37.611],[-77.56473,37.60737],[-77.56145,37.60729],[-77.56129,37.60734],[-77.56076,37.60626],[-77.55993,37.60419],[-77.55918,37.60325],[-77.56208,37.60205],[-77.56252,37.60191],[-77.56408,37.60171],[-77.565,37.60177],[-77.56587,37.60224],[-77.5666,37.60308],[-77.56733,37.60366],[-77.57083,37.60515],[-77.57455,37.60644],[-77.5773,37.60722],[-77.57866,37.60734],[-77.57845,37.60998],[-77.57837,37.61186],[-77.57787,37.61468],[-77.57768,37.61622],[-77.5776,37.61767]]]}},{"type":"Feature","properties":{"geoid":"51087200201","jurisdiction":"Henrico","suppressed":false,"rate_bin":3,"rate_bin_label":"1.75% \u2013 2.25%","hot_core":false,"cold_core":false,"zone":1,"zone_label":"Henrico\u2013Chesterfield suburban ring","race_bin":1,"race_bin_label":"Under 20%","pov_bin":2,"pov_bin_label":"10% \u2013 20%"},"geometry":{"type":"Polygon","coordinates":[[[-77.56634,37.59472],[-77.564,37.59983],[-77.56389,37.60043],[-77.56408,37.60171],[-77.56252,37.60191],[-77.56208,37.60205],[-77.55918,37.60325],[-77.55817,37.60277],[-77.55592,37.60221],[-77.55578,37.60212],[-77.55188,37.60113],[-77.5476,37.59992],[-77.54604,37.5994],[-77.54671,37.59793],[-77.54812,37.59521],[-77.54882,37.59377],[-77.54895,37.59367],[-77.54947,37.59261],[-77.55127,37.58917],[-77.55291,37.58615],[-77.55446,37.58316],[-77.55491,37.58239],[-77.55509,37.58249],[-77.55631,37.5836],[-77.5568,37.58411],[-77.5603,37.58667],[-77.5627,37.58837],[-77.56408,37.58905],[-77.565,37.58972],[-77.56575,37.59047],[-77.56607,37.59096],[-77.56635,37.59173],[-77.56664,37.59199],[-77.56746,37.59239],[-77.56715,37.59285],[-77.56634,37.59472]]]}},{"type":"Feature","properties":{"geoid":"51087200202","jurisdiction":"Henrico","suppressed":false,"rate_bin":2,"rate_bin_label":"1.25% \u2013 1.75%","hot_core":false,"cold_core":false,"zone":1,"zone_label":"Henrico\u2013Chesterfield suburban ring","race_bin":1,"race_bin_label":"Under 20%","pov_bin":1,"pov_bin_label":"Under 10%"},"geometry":{"type":"Polygon","coordinates":[[[-77.55491,37.58239],[-77.55446,37.58316],[-77.55291,37.58615],[-77.55127,37.58917],[-77.54947,37.59261],[-77.54895,37.59367],[-77.54882,37.59377],[-77.54812,37.59521],[-77.54671,37.59793],[-77.54604,37.5994],[-77.54471,37.59902],[-77.5428,37.59808],[-77.54184,37.5978],[-77.53981,37.59756],[-77.53764,37.59721],[-77.53633,37.59698],[-77.53561,37.59665],[-77.53201,37.59426],[-77.53166,37.59333],[-77.53159,37.59251],[-77.53165,37.59195],[-77.53239,37.59248],[-77.53258,37.59157],[-77.53266,37.58939],[-77.53275,37.58939],[-77.53282,37.58836],[-77.53303,37.58708],[-77.53267,37.58556],[-77.53268,37.58527],[-77.53203,37.58257],[-77.53287,37.58213],[-77.5342,37.58418],[-77.53695,37.5817],[-77.53783,37.58136],[-77.53862,37.58289],[-77.54356,37.58155],[-77.54388,37.58133],[-77.54331,37.58104],[-77.54279,37.58093],[-77.54163,37.58047],[-77.54158,37.58023],[-77.54253,37.57963],[-77.54347,37.57857],[-77.54471,37.57735],[-77.5467,37.57563],[-77.54679,37.57522],[-77.54668,37.57433],[-77.54747,37.57254],[-77.54957,37.57295],[-77.55016,37.57302],[-77.55169,37.57291],[-77.55179,37.57378],[-77.55208,37.57473],[-77.55273,37.57829],[-77.55307,37.57888],[-77.55498,37.58108],[-77.55518,37.58184],[-77.55491,37.58239]]]}},{"type":"Feature","properties":{"geoid":"51087200301","jurisdiction":"Henrico","suppressed":false,"rate_bin":1,"rate_bin_label":"Under 1.25%","hot_core":false,"cold_core":false,"zone":1,"zone_label":"Henrico\u2013Chesterfield suburban ring","race_bin":1,"race_bin_label":"Under 20%","pov_bin":1,"pov_bin_label":"Under 10%"},"geometry":{"type":"Polygon","coordinates":[[[-77.51181,37.58175],[-77.50501,37.58886],[-77.5038,37.59012],[-77.49812,37.58554],[-77.49648,37.58416],[-77.49381,37.58199],[-77.4982,37.57728],[-77.49967,37.57574],[-77.49994,37.5754],[-77.50052,37.57572],[-77.50339,37.57724],[-77.50649,37.57891],[-77.51181,37.58175]]]}},{"type":"Feature","properties":{"geoid":"51087200302","jurisdiction":"Henrico","suppressed":false,"rate_bin":4,"rate_bin_label":"2.25% \u2013 3.25%","hot_core":false,"cold_core":false,"zone":1,"zone_label":"Henrico\u2013Chesterfield suburban ring","race_bin":1,"race_bin_label":"Under 20%","pov_bin":1,"pov_bin_label":"Under 10%"},"geometry":{"type":"Polygon","coordinates":[[[-77.53201,37.59426],[-77.53194,37.59449],[-77.52978,37.5973],[-77.52904,37.59694],[-77.52388,37.59466],[-77.52285,37.59437],[-77.51822,37.59467],[-77.51714,37.59477],[-77.51149,37.59548],[-77.51067,37.59578],[-77.50888,37.59425],[-77.5038,37.59012],[-77.50501,37.58886],[-77.51181,37.58175],[-77.51194,37.58183],[-77.51325,37.58253],[-77.51416,37.58157],[-77.51496,37.582],[-77.51509,37.5818],[-77.5162,37.58216],[-77.51646,37.58167],[-77.51688,37.58199],[-77.51808,37.58272],[-77.5229,37.58606],[-77.52309,37.58608],[-77.52763,37.58919],[-77.53106,37.59149],[-77.53165,37.59195],[-77.53159,37.59251],[-77.53166,37.59333],[-77.53201,37.59426]]]}},{"type":"Feature","properties":{"geoid":"51087200303","jurisdiction":"Henrico","suppressed":false,"rate_bin":3,"rate_bin_label":"1.75% \u2013 2.25%","hot_core":false,"cold_core":false,"zone":1,"zone_label":"Henrico\u2013Chesterfield suburban ring","race_bin":1,"race_bin_label":"Under 20%","pov_bin":1,"pov_bin_label":"Under 10%"},"geometry":{"type":"Polygon","coordinates":[[[-77.53786,37.6127],[-77.53651,37.61171],[-77.53504,37.6108],[-77.53275,37.60958],[-77.53068,37.60864],[-77.52934,37.60813],[-77.52777,37.60763],[-77.52588,37.60713],[-77.52363,37.60667],[-77.51625,37.60574],[-77.51557,37.60455],[-77.51529,37.60384],[-77.51487,37.60213],[-77.51436,37.59964],[-77.51384,37.5986],[-77.51328,37.59801],[-77.51067,37.59578],[-77.51149,37.59548],[-77.51714,37.59477],[-77.51822,37.59467],[-77.52285,37.59437],[-77.52388,37.59466],[-77.52904,37.59694],[-77.52978,37.5973],[-77.53194,37.59449],[-77.53201,37.59426],[-77.53561,37.59665],[-77.53633,37.59698],[-77.53764,37.59721],[-77.53759,37.59814],[-77.53767,37.60134],[-77.5377,37.60153],[-77.53778,37.60566],[-77.53775,37.606],[-77.53784,37.61056],[-77.53786,37.6127]]]}},{"type":"Feature","properties":{"geoid":"51087200305","jurisdiction":"Henrico","suppressed":false,"rate_bin":4,"rate_bin_label":"2.25% \u2013 3.25%","hot_core":false,"cold_core":false,"zone":1,"zone_label":"Henrico\u2013Chesterfield suburban ring","race_bin":1,"race_bin_label":"Under 20%","pov_bin":2,"pov_bin_label":"10% \u2013 20%"},"geometry":{"type":"Polygon","coordinates":[[[-77.55051,37.62601],[-77.54627,37.62835],[-77.54549,37.62866],[-77.54361,37.62913],[-77.54235,37.62931],[-77.54108,37.62936],[-77.53805,37.62922],[-77.53736,37.62933],[-77.53545,37.63009],[-77.5346,37.62921],[-77.53298,37.62776],[-77.52858,37.62396],[-77.52659,37.6222],[-77.525,37.62069],[-77.5242,37.61972],[-77.52359,37.61862],[-77.52084,37.61337],[-77.51867,37.60927],[-77.51815,37.60846],[-77.51724,37.60711],[-77.51625,37.60574],[-77.52363,37.60667],[-77.52588,37.60713],[-77.52777,37.60763],[-77.52934,37.60813],[-77.53068,37.60864],[-77.53275,37.60958],[-77.53504,37.6108],[-77.53651,37.61171],[-77.53786,37.6127],[-77.53948,37.61409],[-77.5403,37.61492],[-77.54124,37.61599],[-77.54255,37.61775],[-77.54328,37.61863],[-77.54393,37.61923],[-77.54504,37.62001],[-77.54708,37.62106],[-77.54908,37.62197],[-77.55156,37.62318],[-77.55387,37.62426],[-77.55051,37.62601]]]}},{"type":"Feature","properties":{"geoid":"51087200404","jurisdiction":"Henrico","suppressed":false,"rate_bin":3,"rate_bin_label":"1.75% \u2013 2.25%","hot_core":false,"cold_core":false,"zone":1,"zone_label":"Henrico\u2013Chesterfield suburban ring","race_bin":1,"race_bin_label":"Under 20%","pov_bin":1,"pov_bin_label":"Under 10%"},"geometry":{"type":"Polygon","coordinates":[[[-77.51815,37.60846],[-77.51691,37.60903],[-77.51456,37.61033],[-77.51378,37.61073],[-77.51301,37.61135],[-77.51239,37.61204],[-77.51165,37.6126],[-77.51089,37.61296],[-77.5097,37.61324],[-77.49855,37.61369],[-77.4967,37.61374],[-77.49614,37.61259],[-77.49607,37.61204],[-77.49617,37.61087],[-77.49608,37.60964],[-77.49562,37.60858],[-77.49427,37.60572],[-77.49387,37.6052],[-77.49304,37.60461],[-77.49229,37.60397],[-77.49154,37.60315],[-77.49123,37.60267],[-77.49087,37.60186],[-77.49076,37.60081],[-77.49096,37.59949],[-77.49136,37.59749],[-77.49548,37.59821],[-77.49663,37.59855],[-77.49775,37.59912],[-77.49848,37.59963],[-77.49916,37.60026],[-77.49961,37.60082],[-77.50068,37.60246],[-77.5011,37.60301],[-77.50172,37.6036],[-77.50279,37.6043],[-77.50416,37.60485],[-77.50551,37.60512],[-77.50629,37.60517],[-77.50965,37.60522],[-77.51242,37.60536],[-77.51431,37.60551],[-77.51625,37.60574],[-77.51724,37.60711],[-77.51815,37.60846]]]}},{"type":"Feature","properties":{"geoid":"51087200407","jurisdiction":"Henrico","suppressed":false,"rate_bin":4,"rate_bin_label":"2.25% \u2013 3.25%","hot_core":false,"cold_core":false,"zone":1,"zone_label":"Henrico\u2013Chesterfield suburban ring","race_bin":1,"race_bin_label":"Under 20%","pov_bin":1,"pov_bin_label":"Under 10%"},"geometry":{"type":"Polygon","coordinates":[[[-77.5605,37.64903],[-77.5562,37.64898],[-77.54808,37.64925],[-77.54721,37.64923],[-77.54356,37.64934],[-77.54041,37.64937],[-77.5341,37.64947],[-77.53294,37.64951],[-77.53144,37.64923],[-77.53309,37.64435],[-77.53339,37.64323],[-77.53337,37.64209],[-77.53371,37.64124],[-77.53544,37.63905],[-77.53718,37.63727],[-77.53773,37.63657],[-77.53938,37.63466],[-77.54072,37.63284],[-77.54435,37.63429],[-77.54584,37.63492],[-77.5487,37.63603],[-77.55077,37.63688],[-77.55657,37.63919],[-77.5605,37.64078],[-77.55968,37.64199],[-77.55916,37.64301],[-77.55908,37.6436],[-77.55922,37.64444],[-77.5605,37.64903]]]}},{"type":"Feature","properties":{"geoid":"51087200409","jurisdiction":"Henrico","suppressed":false,"rate_bin":3,"rate_bin_label":"1.75% \u2013 2.25%","hot_core":false,"cold_core":false,"zone":1,"zone_label":"Henrico\u2013Chesterfield suburban ring","race_bin":2,"race_bin_label":"20% \u2013 40%","pov_bin":2,"pov_bin_label":"10% \u2013 20%"},"geometry":{"type":"Polygon","coordinates":[[[-77.53545,37.63009],[-77.53363,37.63076],[-77.53196,37.63103],[-77.53095,37.63103],[-77.52949,37.63081],[-77.52358,37.62978],[-77.52264,37.62967],[-77.52144,37.62963],[-77.51759,37.62976],[-77.51534,37.62987],[-77.51365,37.63014],[-77.51234,37.63058],[-77.51146,37.63098],[-77.50945,37.63209],[-77.50821,37.6326],[-77.50682,37.63011],[-77.50437,37.62597],[-77.50401,37.62523],[-77.50292,37.62226],[-77.50352,37.6223],[-77.50727,37.62237],[-77.50846,37.62244],[-77.5119,37.62276],[-77.51278,37.62282],[-77.51753,37.62253],[-77.51906,37.6223],[-77.51986,37.62199],[-77.52216,37.62075],[-77.5242,37.61972],[-77.525,37.62069],[-77.52659,37.6222],[-77.52858,37.62396],[-77.53298,37.62776],[-77.5346,37.62921],[-77.53545,37.63009]]]}},{"type":"Feature","properties":{"geoid":"51087200411","jurisdiction":"Henrico","suppressed":false,"rate_bin":2,"rate_bin_label":"1.25% \u2013 1.75%","hot_core":false,"cold_core":false,"zone":1,"zone_label":"Henrico\u2013Chesterfield suburban ring","race_bin":2,"race_bin_label":"20% \u2013 40%","pov_bin":1,"pov_bin_label":"Under 10%"},"geometry":{"type":"Polygon","coordinates":[[[-77.54072,37.63284],[-77.53938,37.63466],[-77.53773,37.63657],[-77.53718,37.63727],[-77.53544,37.63905],[-77.53371,37.64124],[-77.53337,37.64209],[-77.53339,37.64323],[-77.53309,37.64435],[-77.53144,37.64923],[-77.5305,37.64885],[-77.52624,37.64699],[-77.5256,37.64675],[-77.52289,37.64596],[-77.52217,37.64586],[-77.52112,37.64587],[-77.52026,37.6458],[-77.5181,37.64532],[-77.51738,37.6435],[-77.51682,37.64246],[-77.51603,37.64141],[-77.51737,37.63831],[-77.51775,37.63722],[-77.51823,37.6361],[-77.51841,37.63472],[-77.52371,37.63467],[-77.52492,37.63482],[-77.52553,37.63478],[-77.5286,37.63401],[-77.52903,37.634],[-77.52933,37.63145],[-77.52949,37.63081],[-77.53095,37.63103],[-77.53196,37.63103],[-77.53363,37.63076],[-77.53545,37.63009],[-77.53602,37.63064],[-77.53692,37.63126],[-77.53846,37.63192],[-77.54072,37.63284]]]}},{"type":"Feature","properties":{"geoid":"51087200412","jurisdiction":"Henrico","suppressed":true,"rate_bin":null,"rate_bin_label":"Fewer than 5 flagged parcels \u2014 rate not shown","hot_core":false,"cold_core":false,"zone":1,"zone_label":"Henrico\u2013Chesterfield suburban ring","race_bin":3,"race_bin_label":"40% \u2013 60%","pov_bin":2,"pov_bin_label":"10% \u2013 20%"},"geometry":{"type":"Polygon","coordinates":[[[-77.51603,37.64141],[-77.51566,37.64092],[-77.51369,37.63896],[-77.51044,37.63581],[-77.50966,37.63493],[-77.50903,37.63402],[-77.50821,37.6326],[-77.50945,37.63209],[-77.51146,37.63098],[-77.51234,37.63058],[-77.51365,37.63014],[-77.51534,37.62987],[-77.51759,37.62976],[-77.52144,37.62963],[-77.52264,37.62967],[-77.52358,37.62978],[-77.52949,37.63081],[-77.52933,37.63145],[-77.52903,37.634],[-77.5286,37.63401],[-77.52553,37.63478],[-77.52492,37.63482],[-77.52371,37.63467],[-77.51841,37.63472],[-77.51823,37.6361],[-77.51775,37.63722],[-77.51737,37.63831],[-77.51603,37.64141]]]}},{"type":"Feature","properties":{"geoid":"51087200413","jurisdiction":"Henrico","suppressed":false,"rate_bin":2,"rate_bin_label":"1.25% \u2013 1.75%","hot_core":false,"cold_core":false,"zone":1,"zone_label":"Henrico\u2013Chesterfield suburban ring","race_bin":1,"race_bin_label":"Under 20%","pov_bin":1,"pov_bin_label":"Under 10%"},"geometry":{"type":"Polygon","coordinates":[[[-77.54172,37.67136],[-77.54116,37.67146],[-77.53758,37.67252],[-77.53644,37.67296],[-77.53489,37.67111],[-77.5327,37.66842],[-77.52379,37.6576],[-77.52322,37.6568],[-77.52092,37.65242],[-77.52025,37.65086],[-77.5181,37.64532],[-77.52026,37.6458],[-77.52112,37.64587],[-77.52217,37.64586],[-77.52289,37.64596],[-77.5256,37.64675],[-77.52624,37.64699],[-77.5305,37.64885],[-77.53144,37.64923],[-77.53294,37.64951],[-77.5341,37.64947],[-77.54041,37.64937],[-77.54356,37.64934],[-77.54721,37.64923],[-77.54721,37.6511],[-77.54712,37.65176],[-77.54655,37.65389],[-77.54483,37.65976],[-77.54186,37.67058],[-77.54172,37.67136]]]}},{"type":"Feature","properties":{"geoid":"51087200414","jurisdiction":"Henrico","suppressed":false,"rate_bin":2,"rate_bin_label":"1.25% \u2013 1.75%","hot_core":false,"cold_core":false,"zone":1,"zone_label":"Henrico\u2013Chesterfield suburban ring","race_bin":1,"race_bin_label":"Under 20%","pov_bin":1,"pov_bin_label":"Under 10%"},"geometry":{"type":"Polygon","coordinates":[[[-77.54172,37.67136],[-77.54186,37.67058],[-77.54483,37.65976],[-77.54655,37.65389],[-77.54712,37.65176],[-77.54721,37.6511],[-77.54721,37.64923],[-77.54808,37.64925],[-77.5562,37.64898],[-77.5605,37.64903],[-77.56084,37.65037],[-77.56164,37.65322],[-77.5617,37.65533],[-77.56197,37.65761],[-77.56205,37.66131],[-77.56213,37.66279],[-77.56205,37.66419],[-77.56121,37.66549],[-77.5607,37.66638],[-77.56045,37.66699],[-77.56008,37.66752],[-77.55924,37.66812],[-77.558,37.66875],[-77.55767,37.66903],[-77.55704,37.67026],[-77.55672,37.67075],[-77.55502,37.67296],[-77.5546,37.67336],[-77.55385,37.67353],[-77.55267,37.6733],[-77.55164,37.67325],[-77.54994,37.6735],[-77.54928,37.6738],[-77.54883,37.67474],[-77.54848,37.67499],[-77.54757,37.67499],[-77.54565,37.67462],[-77.54389,37.67443],[-77.54338,37.67429],[-77.54295,37.67399],[-77.54257,37.67346],[-77.54192,37.67215],[-77.54172,37.67136]]]}},{"type":"Feature","properties":{"geoid":"51087200415","jurisdiction":"Henrico","suppressed":false,"rate_bin":1,"rate_bin_label":"Under 1.25%","hot_core":false,"cold_core":false,"zone":6,"zone_label":"Henrico far West End","race_bin":1,"race_bin_label":"Under 20%","pov_bin":1,"pov_bin_label":"Under 10%"},"geometry":{"type":"Polygon","coordinates":[[[-77.49919,37.70092],[-77.49997,37.69837],[-77.50033,37.69702],[-77.50067,37.69528],[-77.50122,37.69138],[-77.50323,37.677],[-77.50382,37.67717],[-77.51465,37.68033],[-77.5162,37.68076],[-77.51843,37.68127],[-77.51993,37.68156],[-77.52253,37.68194],[-77.52485,37.68217],[-77.52786,37.6823],[-77.52973,37.68228],[-77.5312,37.68222],[-77.53391,37.68201],[-77.53513,37.68187],[-77.54029,37.68105],[-77.54068,37.6835],[-77.54095,37.68425],[-77.54152,37.68511],[-77.54269,37.68617],[-77.54213,37.68646],[-77.54168,37.68644],[-77.54137,37.687],[-77.54062,37.68764],[-77.54052,37.68795],[-77.54014,37.68819],[-77.53969,37.68822],[-77.53927,37.68844],[-77.53851,37.68859],[-77.53778,37.68857],[-77.53724,37.68876],[-77.53677,37.68941],[-77.53625,37.68944],[-77.53591,37.68974],[-77.53572,37.6896],[-77.53526,37.68984],[-77.53469,37.69041],[-77.53417,37.69053],[-77.53387,37.69042],[-77.53348,37.69074],[-77.53322,37.69116],[-77.53325,37.69147],[-77.53296,37.69203],[-77.53298,37.69297],[-77.53242,37.69344],[-77.53253,37.69365],[-77.53172,37.69441],[-77.53077,37.69458],[-77.53054,37.6948],[-77.53018,37.69452],[-77.52893,37.69409],[-77.52855,37.69405],[-77.52787,37.69372],[-77.52734,37.694],[-77.52627,37.69435],[-77.52611,37.69474],[-77.52619,37.69523],[-77.52643,37.69557],[-77.52686,37.69562],[-77.52743,37.69602],[-77.52743,37.69631],[-77.52775,37.69679],[-77.52726,37.69743],[-77.52655,37.69766],[-77.5262,37.69747],[-77.52546,37.69743],[-77.52468,37.69704],[-77.52405,37.69785],[-77.52432,37.69794],[-77.52387,37.69887],[-77.523,37.69917],[-77.52216,37.70019],[-77.52135,37.69996],[-77.52122,37.69938],[-77.52156,37.69839],[-77.52135,37.69769],[-77.52099,37.69779],[-77.52059,37.69758],[-77.52016,37.69758],[-77.51938,37.69816],[-77.51872,37.6985],[-77.51791,37.69867],[-77.51776,37.699],[-77.51731,37.69939],[-77.51664,37.69965],[-77.51516,37.69989],[-77.51401,37.69977],[-77.51335,37.69962],[-77.51336,37.69983],[-77.51382,37.70013],[-77.51354,37.7007],[-77.51292,37.70087],[-77.51225,37.70123],[-77.51185,37.70168],[-77.51131,37.70179],[-77.5111,37.70121],[-77.51049,37.70103],[-77.51024,37.70075],[-77.50976,37.70065],[-77.5088,37.70063],[-77.50837,37.70078],[-77.50745,37.70052],[-77.50698,37.70018],[-77.50691,37.69993],[-77.50647,37.69993],[-77.50639,37.70038],[-77.5051,37.70051],[-77.50398,37.70072],[-77.50334,37.70055],[-77.50314,37.70009],[-77.50273,37.69972],[-77.50224,37.69974],[-77.50132,37.70002],[-77.50031,37.7006],[-77.49919,37.70092]]]}},{"type":"Feature","properties":{"geoid":"51087200416","jurisdiction":"Henrico","suppressed":false,"rate_bin":3,"rate_bin_label":"1.75% \u2013 2.25%","hot_core":false,"cold_core":false,"zone":1,"zone_label":"Henrico\u2013Chesterfield suburban ring","race_bin":1,"race_bin_label":"Under 20%","pov_bin":1,"pov_bin_label":"Under 10%"},"geometry":{"type":"Polygon","coordinates":[[[-77.50323,37.677],[-77.50581,37.6586],[-77.50739,37.64728],[-77.50757,37.64566],[-77.50758,37.64471],[-77.50743,37.64311],[-77.51017,37.64323],[-77.51128,37.64346],[-77.51202,37.64375],[-77.51342,37.64448],[-77.51487,37.64469],[-77.5162,37.64501],[-77.5181,37.64532],[-77.52025,37.65086],[-77.52092,37.65242],[-77.52322,37.6568],[-77.52379,37.6576],[-77.5327,37.66842],[-77.53489,37.67111],[-77.53644,37.67296],[-77.5385,37.67543],[-77.53915,37.67635],[-77.53967,37.6776],[-77.54029,37.68105],[-77.53513,37.68187],[-77.53391,37.68201],[-77.5312,37.68222],[-77.52973,37.68228],[-77.52786,37.6823],[-77.52485,37.68217],[-77.52253,37.68194],[-77.51993,37.68156],[-77.51843,37.68127],[-77.5162,37.68076],[-77.51465,37.68033],[-77.50382,37.67717],[-77.50323,37.677]]]}},{"type":"Feature","properties":{"geoid":"51087200417","jurisdiction":"Henrico","suppressed":false,"rate_bin":4,"rate_bin_label":"2.25% \u2013 3.25%","hot_core":false,"cold_core":false,"zone":1,"zone_label":"Henrico\u2013Chesterfield suburban ring","race_bin":2,"race_bin_label":"20% \u2013 40%","pov_bin":1,"pov_bin_label":"Under 10%"},"geometry":{"type":"Polygon","coordinates":[[[-77.49952,37.61859],[-77.49876,37.61751],[-77.4967,37.61374],[-77.49855,37.61369],[-77.5097,37.61324],[-77.51089,37.61296],[-77.51165,37.6126],[-77.51239,37.61204],[-77.51301,37.61135],[-77.51378,37.61073],[-77.51456,37.61033],[-77.51691,37.60903],[-77.51815,37.60846],[-77.51867,37.60927],[-77.52084,37.61337],[-77.51784,37.61424],[-77.51695,37.6149],[-77.51599,37.61527],[-77.50843,37.61668],[-77.50786,37.61683],[-77.50659,37.61732],[-77.50496,37.61753],[-77.50182,37.61813],[-77.49999,37.61842],[-77.49952,37.61859]]]}},{"type":"Feature","properties":{"geoid":"51087200418","jurisdiction":"Henrico","suppressed":false,"rate_bin":4,"rate_bin_label":"2.25% \u2013 3.25%","hot_core":false,"cold_core":false,"zone":1,"zone_label":"Henrico\u2013Chesterfield suburban ring","race_bin":2,"race_bin_label":"20% \u2013 40%","pov_bin":2,"pov_bin_label":"10% \u2013 20%"},"geometry":{"type":"Polygon","coordinates":[[[-77.5242,37.61972],[-77.52216,37.62075],[-77.51986,37.62199],[-77.51906,37.6223],[-77.51753,37.62253],[-77.51278,37.62282],[-77.5119,37.62276],[-77.50846,37.62244],[-77.50727,37.62237],[-77.50352,37.6223],[-77.50292,37.62226],[-77.50247,37.62165],[-77.50145,37.62063],[-77.49952,37.61859],[-77.49999,37.61842],[-77.50182,37.61813],[-77.50496,37.61753],[-77.50659,37.61732],[-77.50786,37.61683],[-77.50843,37.61668],[-77.51599,37.61527],[-77.51695,37.6149],[-77.51784,37.61424],[-77.52084,37.61337],[-77.52359,37.61862],[-77.5242,37.61972]]]}},{"type":"Feature","properties":{"geoid":"51087200501","jurisdiction":"Henrico","suppressed":false,"rate_bin":2,"rate_bin_label":"1.25% \u2013 1.75%","hot_core":false,"cold_core":false,"zone":1,"zone_label":"Henrico\u2013Chesterfield suburban ring","race_bin":1,"race_bin_label":"Under 20%","pov_bin":3,"pov_bin_label":"20% \u2013 30%"},"geometry":{"type":"Polygon","coordinates":[[[-77.51625,37.60574],[-77.51431,37.60551],[-77.51242,37.60536],[-77.50965,37.60522],[-77.50629,37.60517],[-77.50551,37.60512],[-77.50416,37.60485],[-77.50279,37.6043],[-77.50172,37.6036],[-77.5011,37.60301],[-77.50068,37.60246],[-77.49961,37.60082],[-77.49916,37.60026],[-77.49848,37.59963],[-77.49775,37.59912],[-77.49663,37.59855],[-77.49548,37.59821],[-77.49136,37.59749],[-77.49152,37.59683],[-77.4929,37.59298],[-77.49306,37.59203],[-77.49299,37.59087],[-77.49277,37.58962],[-77.49236,37.58853],[-77.49177,37.58734],[-77.49156,37.58651],[-77.49153,37.58485],[-77.49179,37.58385],[-77.49237,37.58241],[-77.4929,37.58179],[-77.49353,37.58229],[-77.49381,37.58199],[-77.49648,37.58416],[-77.49812,37.58554],[-77.5038,37.59012],[-77.50888,37.59425],[-77.51067,37.59578],[-77.51328,37.59801],[-77.51384,37.5986],[-77.51436,37.59964],[-77.51487,37.60213],[-77.51529,37.60384],[-77.51557,37.60455],[-77.51625,37.60574]]]}},{"type":"Feature","properties":{"geoid":"51087200502","jurisdiction":"Henrico","suppressed":false,"rate_bin":3,"rate_bin_label":"1.75% \u2013 2.25%","hot_core":false,"cold_core":false,"zone":1,"zone_label":"Henrico\u2013Chesterfield suburban ring","race_bin":1,"race_bin_label":"Under 20%","pov_bin":1,"pov_bin_label":"Under 10%"},"geometry":{"type":"Polygon","coordinates":[[[-77.4967,37.61374],[-77.49501,37.61374],[-77.4932,37.61384],[-77.49161,37.61398],[-77.48723,37.61497],[-77.48429,37.60857],[-77.48393,37.60773],[-77.4839,37.60684],[-77.4795,37.60697],[-77.47938,37.60599],[-77.47936,37.6037],[-77.4767,37.60373],[-77.47695,37.60244],[-77.4782,37.59897],[-77.47815,37.59889],[-77.47825,37.59855],[-77.47785,37.59849],[-77.47722,37.59787],[-77.47834,37.59513],[-77.47913,37.5931],[-77.47942,37.59081],[-77.47936,37.58868],[-77.47921,37.58765],[-77.47833,37.58756],[-77.47804,37.58729],[-77.47577,37.58414],[-77.47571,37.58395],[-77.47409,37.58181],[-77.47385,37.58063],[-77.47253,37.57875],[-77.47309,37.57833],[-77.47682,37.57629],[-77.48027,37.57428],[-77.48237,37.57314],[-77.4886,37.57835],[-77.49065,37.58008],[-77.49087,37.58012],[-77.4929,37.58179],[-77.49237,37.58241],[-77.49179,37.58385],[-77.49153,37.58485],[-77.49156,37.58651],[-77.49177,37.58734],[-77.49236,37.58853],[-77.49277,37.58962],[-77.49299,37.59087],[-77.49306,37.59203],[-77.4929,37.59298],[-77.49152,37.59683],[-77.49136,37.59749],[-77.49096,37.59949],[-77.49076,37.60081],[-77.49087,37.60186],[-77.49123,37.60267],[-77.49154,37.60315],[-77.49229,37.60397],[-77.49304,37.60461],[-77.49387,37.6052],[-77.49427,37.60572],[-77.49562,37.60858],[-77.49608,37.60964],[-77.49617,37.61087],[-77.49607,37.61204],[-77.49614,37.61259],[-77.4967,37.61374]]]}},{"type":"Feature","properties":{"geoid":"51087200503","jurisdiction":"Henrico","suppressed":false,"rate_bin":3,"rate_bin_label":"1.75% \u2013 2.25%","hot_core":false,"cold_core":false,"zone":1,"zone_label":"Henrico\u2013Chesterfield suburban ring","race_bin":2,"race_bin_label":"20% \u2013 40%","pov_bin":2,"pov_bin_label":"10% \u2013 20%"},"geometry":{"type":"Polygon","coordinates":[[[-77.5181,37.64532],[-77.5162,37.64501],[-77.51487,37.64469],[-77.51342,37.64448],[-77.51202,37.64375],[-77.51128,37.64346],[-77.51017,37.64323],[-77.50743,37.64311],[-77.50657,37.64306],[-77.50491,37.64276],[-77.50191,37.64246],[-77.49778,37.64179],[-77.49704,37.6417],[-77.49608,37.64175],[-77.49509,37.64196],[-77.49403,37.64231],[-77.49373,37.64196],[-77.49062,37.63927],[-77.49032,37.63909],[-77.48671,37.63596],[-77.48619,37.63545],[-77.48559,37.63465],[-77.48402,37.63241],[-77.48356,37.63167],[-77.48329,37.63011],[-77.4831,37.62943],[-77.48257,37.62859],[-77.48161,37.62744],[-77.47991,37.62553],[-77.47874,37.62425],[-77.47949,37.6241],[-77.48015,37.62314],[-77.48028,37.62217],[-77.48121,37.6217],[-77.48226,37.62162],[-77.48278,37.62135],[-77.48292,37.62101],[-77.48358,37.62109],[-77.48388,37.62084],[-77.48399,37.62016],[-77.48479,37.61997],[-77.48527,37.61948],[-77.48528,37.61913],[-77.48599,37.61867],[-77.48631,37.61866],[-77.48735,37.61831],[-77.48872,37.6182],[-77.48723,37.61497],[-77.49161,37.61398],[-77.4932,37.61384],[-77.49501,37.61374],[-77.4967,37.61374],[-77.49876,37.61751],[-77.49952,37.61859],[-77.50145,37.62063],[-77.50247,37.62165],[-77.50292,37.62226],[-77.50401,37.62523],[-77.50437,37.62597],[-77.50682,37.63011],[-77.50821,37.6326],[-77.50903,37.63402],[-77.50966,37.63493],[-77.51044,37.63581],[-77.51369,37.63896],[-77.51566,37.64092],[-77.51603,37.64141],[-77.51682,37.64246],[-77.51738,37.6435],[-77.5181,37.64532]]]}},{"type":"Feature","properties":{"geoid":"51087200600","jurisdiction":"Henrico","suppressed":false,"rate_bin":4,"rate_bin_label":"2.25% \u2013 3.25%","hot_core":false,"cold_core":false,"zone":1,"zone_label":"Henrico\u2013Chesterfield suburban ring","race_bin":1,"race_bin_label":"Under 20%","pov_bin":2,"pov_bin_label":"10% \u2013 20%"},"geometry":{"type":"Polygon","coordinates":[[[-77.47874,37.62425],[-77.47721,37.62252],[-77.47427,37.61803],[-77.47391,37.61732],[-77.47378,37.61669],[-77.47296,37.61316],[-77.4728,37.61272],[-77.47131,37.61022],[-77.47109,37.60978],[-77.47107,37.60888],[-77.4716,37.60409],[-77.47162,37.60341],[-77.4709,37.5984],[-77.47547,37.59855],[-77.4768,37.59854],[-77.47782,37.59873],[-77.47815,37.59889],[-77.4782,37.59897],[-77.47695,37.60244],[-77.4767,37.60373],[-77.47936,37.6037],[-77.47938,37.60599],[-77.4795,37.60697],[-77.4839,37.60684],[-77.48393,37.60773],[-77.48429,37.60857],[-77.48723,37.61497],[-77.48872,37.6182],[-77.48735,37.61831],[-77.48631,37.61866],[-77.48599,37.61867],[-77.48528,37.61913],[-77.48527,37.61948],[-77.48479,37.61997],[-77.48399,37.62016],[-77.48388,37.62084],[-77.48358,37.62109],[-77.48292,37.62101],[-77.48278,37.62135],[-77.48226,37.62162],[-77.48121,37.6217],[-77.48028,37.62217],[-77.48015,37.62314],[-77.47949,37.6241],[-77.47874,37.62425]]]}},{"type":"Feature","properties":{"geoid":"51087200700","jurisdiction":"Henrico","suppressed":false,"rate_bin":2,"rate_bin_label":"1.25% \u2013 1.75%","hot_core":false,"cold_core":false,"zone":1,"zone_label":"Henrico\u2013Chesterfield suburban ring","race_bin":2,"race_bin_label":"20% \u2013 40%","pov_bin":2,"pov_bin_label":"10% \u2013 20%"},"geometry":{"type":"Polygon","coordinates":[[[-77.47378,37.61669],[-77.46559,37.61714],[-77.46434,37.61727],[-77.46016,37.61751],[-77.45828,37.61751],[-77.45718,37.61761],[-77.45704,37.61773],[-77.45689,37.61641],[-77.45688,37.6147],[-77.45699,37.61332],[-77.457,37.61047],[-77.45683,37.60952],[-77.45663,37.60894],[-77.45539,37.60641],[-77.45494,37.6053],[-77.45489,37.60465],[-77.45445,37.60231],[-77.45433,37.6019],[-77.45524,37.60178],[-77.45448,37.5975],[-77.46063,37.59707],[-77.46584,37.59676],[-77.46606,37.59913],[-77.4669,37.59898],[-77.46876,37.59862],[-77.4709,37.5984],[-77.47162,37.60341],[-77.4716,37.60409],[-77.47107,37.60888],[-77.47109,37.60978],[-77.47131,37.61022],[-77.4728,37.61272],[-77.47296,37.61316],[-77.47378,37.61669]]]}},{"type":"Feature","properties":{"geoid":"51087200801","jurisdiction":"Henrico","suppressed":false,"rate_bin":2,"rate_bin_label":"1.25% \u2013 1.75%","hot_core":false,"cold_core":false,"zone":1,"zone_label":"Henrico\u2013Chesterfield suburban ring","race_bin":2,"race_bin_label":"20% \u2013 40%","pov_bin":2,"pov_bin_label":"10% \u2013 20%"},"geometry":{"type":"Polygon","coordinates":[[[-77.49403,37.64231],[-77.4927,37.64282],[-77.49198,37.64297],[-77.49094,37.64302],[-77.48994,37.64288],[-77.48859,37.64251],[-77.4877,37.64236],[-77.48628,37.64229],[-77.48544,37.64239],[-77.48438,37.64276],[-77.48271,37.64373],[-77.47905,37.64496],[-77.47844,37.64513],[-77.47736,37.64522],[-77.47623,37.64507],[-77.47548,37.64481],[-77.47446,37.6442],[-77.46889,37.64041],[-77.46778,37.63968],[-77.46195,37.63571],[-77.46147,37.63509],[-77.45928,37.63522],[-77.45902,37.63341],[-77.45868,37.63033],[-77.45847,37.6281],[-77.45825,37.62687],[-77.45778,37.62277],[-77.45745,37.62042],[-77.45732,37.62003],[-77.45704,37.61773],[-77.45718,37.61761],[-77.45828,37.61751],[-77.46016,37.61751],[-77.46434,37.61727],[-77.46559,37.61714],[-77.47378,37.61669],[-77.47391,37.61732],[-77.47427,37.61803],[-77.47721,37.62252],[-77.47874,37.62425],[-77.47991,37.62553],[-77.48161,37.62744],[-77.48257,37.62859],[-77.4831,37.62943],[-77.48329,37.63011],[-77.48356,37.63167],[-77.48402,37.63241],[-77.48559,37.63465],[-77.48619,37.63545],[-77.48671,37.63596],[-77.49032,37.63909],[-77.49062,37.63927],[-77.49373,37.64196],[-77.49403,37.64231]]]}},{"type":"Feature","properties":{"geoid":"51087200802","jurisdiction":"Henrico","suppressed":false,"rate_bin":4,"rate_bin_label":"2.25% \u2013 3.25%","hot_core":false,"cold_core":false,"zone":5,"zone_label":"Henrico\u2013Richmond mixed","race_bin":2,"race_bin_label":"20% \u2013 40%","pov_bin":1,"pov_bin_label":"Under 10%"},"geometry":{"type":"Polygon","coordinates":[[[-77.45847,37.6281],[-77.45704,37.62832],[-77.4513,37.62943],[-77.45045,37.62958],[-77.44923,37.6297],[-77.44878,37.62972],[-77.44123,37.6295],[-77.43711,37.62951],[-77.43594,37.62933],[-77.43458,37.62897],[-77.43601,37.62726],[-77.43762,37.62479],[-77.44061,37.62013],[-77.44203,37.61825],[-77.44241,37.61768],[-77.44658,37.61112],[-77.44712,37.60995],[-77.44818,37.60833],[-77.44982,37.6057],[-77.45032,37.60438],[-77.4504,37.60368],[-77.45026,37.60245],[-77.45433,37.6019],[-77.45445,37.60231],[-77.45489,37.60465],[-77.45494,37.6053],[-77.45539,37.60641],[-77.45663,37.60894],[-77.45683,37.60952],[-77.457,37.61047],[-77.45699,37.61332],[-77.45688,37.6147],[-77.45689,37.61641],[-77.45704,37.61773],[-77.45732,37.62003],[-77.45745,37.62042],[-77.45778,37.62277],[-77.45825,37.62687],[-77.45847,37.6281]]]}},{"type":"Feature","properties":{"geoid":"51087200805","jurisdiction":"Henrico","suppressed":false,"rate_bin":5,"rate_bin_label":"Over 3.25%","hot_core":false,"cold_core":false,"zone":5,"zone_label":"Henrico\u2013Richmond mixed","race_bin":5,"race_bin_label":"Over 80%","pov_bin":3,"pov_bin_label":"20% \u2013 30%"},"geometry":{"type":"Polygon","coordinates":[[[-77.43762,37.59857],[-77.43651,37.5987],[-77.43569,37.59887],[-77.43493,37.59914],[-77.43207,37.59944],[-77.43137,37.59927],[-77.43102,37.59931],[-77.42988,37.59884],[-77.42901,37.59898],[-77.42854,37.59894],[-77.42729,37.59862],[-77.42632,37.59863],[-77.42494,37.5983],[-77.42439,37.59829],[-77.42451,37.59851],[-77.424,37.59838],[-77.42238,37.59843],[-77.4208,37.59928],[-77.42034,37.59929],[-77.41984,37.59959],[-77.41959,37.5994],[-77.41862,37.59957],[-77.41748,37.5999],[-77.41637,37.59972],[-77.41474,37.60036],[-77.4144,37.60072],[-77.41403,37.60087],[-77.4134,37.60139],[-77.41252,37.60155],[-77.41213,37.60151],[-77.41121,37.6017],[-77.41097,37.60166],[-77.40895,37.59911],[-77.40847,37.59835],[-77.40782,37.59695],[-77.4077,37.5962],[-77.40779,37.59552],[-77.40818,37.59425],[-77.40836,37.59331],[-77.40842,37.591],[-77.40854,37.59038],[-77.40927,37.58846],[-77.40976,37.58765],[-77.4111,37.58639],[-77.41163,37.58569],[-77.41203,37.58493],[-77.41228,37.58429],[-77.4132,37.57993],[-77.41332,37.57996],[-77.41864,37.58223],[-77.42311,37.58227],[-77.42484,37.58211],[-77.42859,37.58184],[-77.42978,37.58183],[-77.43058,37.5816],[-77.43091,37.5813],[-77.43119,37.58069],[-77.43144,37.58085],[-77.43366,37.58222],[-77.43805,37.58474],[-77.43935,37.58549],[-77.43803,37.5867],[-77.43769,37.58727],[-77.43753,37.58796],[-77.4379,37.5888],[-77.43803,37.58967],[-77.4374,37.59081],[-77.43743,37.59129],[-77.43815,37.59198],[-77.43872,37.5927],[-77.43972,37.59331],[-77.43995,37.59337],[-77.44085,37.59405],[-77.44094,37.59437],[-77.44071,37.59582],[-77.44076,37.59653],[-77.44051,37.59763],[-77.43974,37.59814],[-77.43876,37.59857],[-77.43828,37.59855],[-77.4379,37.5987],[-77.43762,37.59857]]]}},{"type":"Feature","properties":{"geoid":"51087200806","jurisdiction":"Henrico","suppressed":false,"rate_bin":3,"rate_bin_label":"1.75% \u2013 2.25%","hot_core":false,"cold_core":false,"zone":1,"zone_label":"Henrico\u2013Chesterfield suburban ring","race_bin":3,"race_bin_label":"40% \u2013 60%","pov_bin":2,"pov_bin_label":"10% \u2013 20%"},"geometry":{"type":"Polygon","coordinates":[[[-77.44982,37.6057],[-77.44626,37.60577],[-77.4436,37.6059],[-77.43958,37.60604],[-77.43556,37.60611],[-77.43572,37.60253],[-77.43368,37.60257],[-77.43006,37.60272],[-77.42928,37.60281],[-77.42493,37.60301],[-77.42419,37.60292],[-77.42356,37.60259],[-77.42419,37.60185],[-77.42462,37.60111],[-77.42632,37.59863],[-77.42729,37.59862],[-77.42854,37.59894],[-77.42901,37.59898],[-77.42988,37.59884],[-77.43102,37.59931],[-77.43137,37.59927],[-77.43207,37.59944],[-77.43493,37.59914],[-77.43569,37.59887],[-77.43651,37.5987],[-77.43762,37.59857],[-77.43762,37.59869],[-77.44006,37.59986],[-77.44313,37.60126],[-77.44361,37.60151],[-77.44751,37.60222],[-77.44758,37.60281],[-77.45026,37.60245],[-77.4504,37.60368],[-77.45032,37.60438],[-77.44982,37.6057]]]}},{"type":"Feature","properties":{"geoid":"51087200807","jurisdiction":"Henrico","suppressed":false,"rate_bin":4,"rate_bin_label":"2.25% \u2013 3.25%","hot_core":false,"cold_core":false,"zone":5,"zone_label":"Henrico\u2013Richmond mixed","race_bin":4,"race_bin_label":"60% \u2013 80%","pov_bin":3,"pov_bin_label":"20% \u2013 30%"},"geometry":{"type":"Polygon","coordinates":[[[-77.44241,37.61768],[-77.44076,37.61659],[-77.44052,37.61619],[-77.43964,37.61665],[-77.4393,37.61622],[-77.43886,37.61614],[-77.43891,37.61644],[-77.43829,37.61664],[-77.43765,37.61718],[-77.43636,37.61641],[-77.43558,37.61623],[-77.43425,37.61574],[-77.43342,37.6152],[-77.43217,37.61488],[-77.43103,37.61496],[-77.42973,37.61423],[-77.42869,37.61377],[-77.42835,37.61338],[-77.4279,37.61348],[-77.4274,37.61338],[-77.4269,37.61348],[-77.42638,37.61342],[-77.4249,37.6135],[-77.42428,37.61339],[-77.42445,37.61416],[-77.42403,37.61433],[-77.42372,37.61471],[-77.42238,37.61539],[-77.42222,37.61528],[-77.42137,37.61534],[-77.42096,37.61584],[-77.42013,37.61632],[-77.42006,37.6165],[-77.41927,37.61651],[-77.41804,37.61605],[-77.41733,37.61594],[-77.41608,37.61557],[-77.41423,37.61532],[-77.41318,37.61482],[-77.41305,37.61413],[-77.4122,37.61375],[-77.41166,37.61323],[-77.41114,37.61294],[-77.41132,37.61173],[-77.41118,37.61156],[-77.41046,37.61126],[-77.40977,37.61116],[-77.41108,37.61047],[-77.41209,37.60975],[-77.4128,37.60896],[-77.41311,37.60844],[-77.41336,37.60769],[-77.41344,37.6069],[-77.41336,37.60628],[-77.41306,37.60543],[-77.41171,37.6028],[-77.41097,37.60166],[-77.41121,37.6017],[-77.41213,37.60151],[-77.41252,37.60155],[-77.4134,37.60139],[-77.41403,37.60087],[-77.4144,37.60072],[-77.41474,37.60036],[-77.41637,37.59972],[-77.41748,37.5999],[-77.41862,37.59957],[-77.41959,37.5994],[-77.41984,37.59959],[-77.42034,37.59929],[-77.4208,37.59928],[-77.42238,37.59843],[-77.424,37.59838],[-77.42451,37.59851],[-77.42439,37.59829],[-77.42494,37.5983],[-77.42632,37.59863],[-77.42462,37.60111],[-77.42419,37.60185],[-77.42356,37.60259],[-77.42419,37.60292],[-77.42493,37.60301],[-77.42928,37.60281],[-77.43006,37.60272],[-77.43368,37.60257],[-77.43572,37.60253],[-77.43556,37.60611],[-77.43958,37.60604],[-77.4436,37.6059],[-77.44626,37.60577],[-77.44982,37.6057],[-77.44818,37.60833],[-77.44712,37.60995],[-77.44658,37.61112],[-77.44241,37.61768]]]}},{"type":"Feature","properties":{"geoid":"51087200904","jurisdiction":"Henrico","suppressed":false,"rate_bin":4,"rate_bin_label":"2.25% \u2013 3.25%","hot_core":false,"cold_core":false,"zone":1,"zone_label":"Henrico\u2013Chesterfield suburban ring","race_bin":3,"race_bin_label":"40% \u2013 60%","pov_bin":1,"pov_bin_label":"Under 10%"},"geometry":{"type":"Polygon","coordinates":[[[-77.45063,37.65796],[-77.45031,37.65941],[-77.44986,37.66106],[-77.44903,37.66378],[-77.44871,37.66517],[-77.44845,37.66712],[-77.44831,37.6698],[-77.44836,37.67093],[-77.44857,37.67273],[-77.44903,37.6748],[-77.44963,37.67664],[-77.45113,37.68027],[-77.45073,37.68074],[-77.45106,37.68182],[-77.4509,37.68255],[-77.45064,37.68286],[-77.44984,37.68334],[-77.44904,37.68392],[-77.44884,37.68436],[-77.44857,37.68444],[-77.44594,37.68409],[-77.44563,37.68357],[-77.44461,37.68298],[-77.44372,37.6826],[-77.44313,37.6821],[-77.44308,37.68163],[-77.44223,37.68105],[-77.4416,37.68012],[-77.44131,37.67922],[-77.44073,37.67859],[-77.44012,37.67688],[-77.44035,37.67618],[-77.44021,37.6756],[-77.44033,37.67492],[-77.44026,37.67401],[-77.44044,37.67338],[-77.44011,37.67284],[-77.43997,37.67108],[-77.44002,37.67044],[-77.43971,37.66865],[-77.43953,37.66808],[-77.43846,37.66667],[-77.43803,37.66631],[-77.43742,37.66523],[-77.43682,37.66486],[-77.43656,37.6641],[-77.43621,37.66375],[-77.43539,37.66333],[-77.43447,37.6625],[-77.43354,37.66187],[-77.43295,37.66105],[-77.43232,37.66036],[-77.43076,37.65813],[-77.43057,37.65765],[-77.43075,37.65683],[-77.43095,37.65655],[-77.43099,37.6547],[-77.43078,37.65375],[-77.43046,37.65291],[-77.43033,37.65213],[-77.43039,37.65169],[-77.43015,37.65134],[-77.42935,37.65108],[-77.42878,37.65078],[-77.42795,37.65077],[-77.4274,37.65041],[-77.42676,37.65026],[-77.42645,37.64993],[-77.42553,37.64965],[-77.42507,37.64919],[-77.42425,37.64863],[-77.42378,37.64739],[-77.42354,37.64697],[-77.42283,37.64499],[-77.42252,37.64455],[-77.4216,37.64203],[-77.42116,37.64113],[-77.41994,37.63816],[-77.42015,37.63762],[-77.42063,37.63713],[-77.42068,37.6365],[-77.42019,37.63629],[-77.42011,37.63598],[-77.41929,37.63568],[-77.41938,37.63498],[-77.41876,37.63426],[-77.41825,37.63317],[-77.41772,37.63275],[-77.41715,37.63257],[-77.41618,37.63183],[-77.416,37.63142],[-77.41465,37.6311],[-77.41418,37.6308],[-77.41418,37.63057],[-77.41378,37.63027],[-77.41192,37.62966],[-77.41143,37.62932],[-77.41102,37.62926],[-77.41087,37.62901],[-77.41091,37.62853],[-77.41036,37.62804],[-77.4095,37.62784],[-77.40939,37.62748],[-77.40841,37.62748],[-77.408,37.62718],[-77.40742,37.62713],[-77.40717,37.62735],[-77.40683,37.62728],[-77.40597,37.62645],[-77.40553,37.62617],[-77.40525,37.6258],[-77.40531,37.62495],[-77.40472,37.62409],[-77.40463,37.62373],[-77.40467,37.62261],[-77.40513,37.62183],[-77.40566,37.62136],[-77.40563,37.62072],[-77.40626,37.61975],[-77.4059,37.61938],[-77.40597,37.61877],[-77.40729,37.61736],[-77.4081,37.61603],[-77.40871,37.61466],[-77.40828,37.61388],[-77.40719,37.61252],[-77.40977,37.61116],[-77.41046,37.61126],[-77.41118,37.61156],[-77.41132,37.61173],[-77.41114,37.61294],[-77.41166,37.61323],[-77.4122,37.61375],[-77.41305,37.61413],[-77.41318,37.61482],[-77.41423,37.61532],[-77.41608,37.61557],[-77.41733,37.61594],[-77.41804,37.61605],[-77.41927,37.61651],[-77.42006,37.6165],[-77.42013,37.61632],[-77.42096,37.61584],[-77.42137,37.61534],[-77.42222,37.61528],[-77.42238,37.61539],[-77.42372,37.61471],[-77.42403,37.61433],[-77.42445,37.61416],[-77.42428,37.61339],[-77.4249,37.6135],[-77.42638,37.61342],[-77.4269,37.61348],[-77.4274,37.61338],[-77.4279,37.61348],[-77.42835,37.61338],[-77.42869,37.61377],[-77.42973,37.61423],[-77.43103,37.61496],[-77.43217,37.61488],[-77.43342,37.6152],[-77.43425,37.61574],[-77.43558,37.61623],[-77.43636,37.61641],[-77.43765,37.61718],[-77.43829,37.61664],[-77.43891,37.61644],[-77.43886,37.61614],[-77.4393,37.61622],[-77.43964,37.61665],[-77.44052,37.61619],[-77.44076,37.61659],[-77.44241,37.61768],[-77.44203,37.61825],[-77.44061,37.62013],[-77.43762,37.62479],[-77.43601,37.62726],[-77.43458,37.62897],[-77.43594,37.62933],[-77.43711,37.62951],[-77.44123,37.6295],[-77.44878,37.62972],[-77.44923,37.6297],[-77.45015,37.63139],[-77.45103,37.63338],[-77.45168,37.63534],[-77.45205,37.63675],[-77.4524,37.63845],[-77.45256,37.6396],[-77.45266,37.64104],[-77.45269,37.64256],[-77.45257,37.64465],[-77.4524,37.64595],[-77.45165,37.65025],[-77.45124,37.6531],[-77.45063,37.65796]]]}},{"type":"Feature","properties":{"geoid":"51087200905","jurisdiction":"Henrico","suppressed":false,"rate_bin":4,"rate_bin_label":"2.25% \u2013 3.25%","hot_core":false,"cold_core":false,"zone":1,"zone_label":"Henrico\u2013Chesterfield suburban ring","race_bin":2,"race_bin_label":"20% \u2013 40%","pov_bin":1,"pov_bin_label":"Under 10%"},"geometry":{"type":"Polygon","coordinates":[[[-77.48286,37.6714],[-77.47986,37.66838],[-77.47924,37.66789],[-77.47735,37.66695],[-77.47668,37.66647],[-77.47466,37.66477],[-77.47392,37.66382],[-77.47343,37.66247],[-77.47332,37.66126],[-77.4732,37.65953],[-77.47331,37.65797],[-77.47319,37.65717],[-77.47302,37.65682],[-77.47001,37.65261],[-77.46889,37.65097],[-77.46799,37.64957],[-77.4665,37.6474],[-77.46572,37.64644],[-77.46286,37.64361],[-77.46007,37.64096],[-77.45971,37.63897],[-77.45928,37.63522],[-77.46147,37.63509],[-77.46195,37.63571],[-77.46778,37.63968],[-77.46889,37.64041],[-77.47446,37.6442],[-77.47548,37.64481],[-77.47623,37.64507],[-77.47736,37.64522],[-77.47844,37.64513],[-77.47905,37.64496],[-77.48271,37.64373],[-77.48438,37.64276],[-77.48544,37.64239],[-77.48628,37.64229],[-77.4877,37.64236],[-77.48859,37.64251],[-77.48994,37.64288],[-77.49094,37.64302],[-77.49198,37.64297],[-77.4927,37.64282],[-77.49403,37.64231],[-77.49424,37.64285],[-77.4944,37.64381],[-77.49462,37.64438],[-77.49555,37.64622],[-77.49664,37.64894],[-77.49669,37.64955],[-77.49651,37.65013],[-77.49607,37.65092],[-77.49459,37.65422],[-77.49406,37.65512],[-77.49348,37.65582],[-77.48766,37.66149],[-77.48723,37.66196],[-77.48639,37.66367],[-77.48494,37.66701],[-77.48379,37.66942],[-77.48362,37.66989],[-77.48286,37.6714]]]}},{"type":"Feature","properties":{"geoid":"51087200906","jurisdiction":"Henrico","suppressed":false,"rate_bin":3,"rate_bin_label":"1.75% \u2013 2.25%","hot_core":false,"cold_core":false,"zone":1,"zone_label":"Henrico\u2013Chesterfield suburban ring","race_bin":2,"race_bin_label":"20% \u2013 40%","pov_bin":1,"pov_bin_label":"Under 10%"},"geometry":{"type":"Polygon","coordinates":[[[-77.50323,37.677],[-77.50122,37.69138],[-77.50051,37.69032],[-77.50008,37.68931],[-77.49958,37.68856],[-77.49819,37.68682],[-77.49767,37.68584],[-77.49639,37.68228],[-77.49602,37.68147],[-77.49512,37.6801],[-77.49382,37.67832],[-77.49322,37.67763],[-77.49263,37.67713],[-77.4919,37.67666],[-77.48658,37.6738],[-77.48442,37.67268],[-77.48367,37.67221],[-77.48286,37.6714],[-77.48362,37.66989],[-77.48379,37.66942],[-77.48494,37.66701],[-77.48639,37.66367],[-77.48723,37.66196],[-77.48766,37.66149],[-77.49348,37.65582],[-77.49406,37.65512],[-77.49459,37.65422],[-77.49607,37.65092],[-77.49651,37.65013],[-77.49669,37.64955],[-77.49664,37.64894],[-77.49555,37.64622],[-77.49462,37.64438],[-77.4944,37.64381],[-77.49424,37.64285],[-77.49403,37.64231],[-77.49509,37.64196],[-77.49608,37.64175],[-77.49704,37.6417],[-77.49778,37.64179],[-77.50191,37.64246],[-77.50491,37.64276],[-77.50657,37.64306],[-77.50743,37.64311],[-77.50758,37.64471],[-77.50757,37.64566],[-77.50739,37.64728],[-77.50581,37.6586],[-77.50323,37.677]]]}},{"type":"Feature","properties":{"geoid":"51087200907","jurisdiction":"Henrico","suppressed":false,"rate_bin":2,"rate_bin_label":"1.25% \u2013 1.75%","hot_core":false,"cold_core":false,"zone":6,"zone_label":"Henrico far West End","race_bin":2,"race_bin_label":"20% \u2013 40%","pov_bin":1,"pov_bin_label":"Under 10%"},"geometry":{"type":"Polygon","coordinates":[[[-77.50122,37.69138],[-77.50067,37.69528],[-77.50033,37.69702],[-77.49997,37.69837],[-77.49919,37.70092],[-77.49895,37.70103],[-77.49816,37.70103],[-77.49743,37.70092],[-77.497,37.70111],[-77.4977,37.70132],[-77.49752,37.70163],[-77.49711,37.70174],[-77.4966,37.70163],[-77.49551,37.70164],[-77.49489,37.70153],[-77.49399,37.70101],[-77.49384,37.70058],[-77.4934,37.70007],[-77.49178,37.69883],[-77.4917,37.69809],[-77.49222,37.69757],[-77.4925,37.69685],[-77.49184,37.69629],[-77.49152,37.6962],[-77.49129,37.6957],[-77.49149,37.69445],[-77.49083,37.69374],[-77.49061,37.6931],[-77.49018,37.69268],[-77.49036,37.69217],[-77.48968,37.69189],[-77.48907,37.69146],[-77.48891,37.69109],[-77.4884,37.69102],[-77.48797,37.69039],[-77.48804,37.68984],[-77.48963,37.68946],[-77.48999,37.68912],[-77.49011,37.68877],[-77.48921,37.68832],[-77.4887,37.68816],[-77.48829,37.68785],[-77.4879,37.68716],[-77.4879,37.68677],[-77.4882,37.68619],[-77.488,37.68574],[-77.48664,37.68481],[-77.48631,37.68474],[-77.48605,37.68505],[-77.48559,37.68513],[-77.48528,37.68438],[-77.48407,37.68406],[-77.4839,37.68384],[-77.48404,37.68353],[-77.48306,37.68297],[-77.48261,37.68304],[-77.48231,37.68363],[-77.48136,37.68304],[-77.48099,37.68232],[-77.48064,37.68194],[-77.47963,37.68175],[-77.47892,37.68131],[-77.47847,37.68085],[-77.47742,37.68097],[-77.47727,37.68133],[-77.47767,37.68159],[-77.4776,37.68203],[-77.4772,37.68292],[-77.47697,37.68402],[-77.47653,37.68462],[-77.47637,37.68538],[-77.47589,37.68561],[-77.47543,37.68551],[-77.47461,37.68555],[-77.47411,37.6863],[-77.47354,37.6868],[-77.47253,37.68721],[-77.472,37.68755],[-77.4713,37.68766],[-77.47071,37.68747],[-77.46973,37.68696],[-77.46949,37.68662],[-77.46943,37.68616],[-77.46847,37.6857],[-77.46754,37.68502],[-77.46661,37.6841],[-77.46591,37.68367],[-77.46609,37.6832],[-77.46481,37.68239],[-77.46456,37.68216],[-77.46438,37.68162],[-77.46449,37.68097],[-77.46423,37.68065],[-77.46304,37.68028],[-77.46236,37.68016],[-77.4608,37.68033],[-77.46073,37.67916],[-77.46103,37.67861],[-77.46079,37.67841],[-77.46007,37.67818],[-77.45918,37.67829],[-77.45793,37.67804],[-77.4574,37.67783],[-77.45621,37.67811],[-77.45509,37.67878],[-77.45492,37.67911],[-77.45511,37.67933],[-77.45587,37.67973],[-77.45587,37.67989],[-77.45481,37.68046],[-77.454,37.68048],[-77.45309,37.67971],[-77.45193,37.67968],[-77.45111,37.67995],[-77.45113,37.68027],[-77.44963,37.67664],[-77.44903,37.6748],[-77.44857,37.67273],[-77.44836,37.67093],[-77.44831,37.6698],[-77.44845,37.66712],[-77.44871,37.66517],[-77.44903,37.66378],[-77.44986,37.66106],[-77.45031,37.65941],[-77.45063,37.65796],[-77.46747,37.66001],[-77.46995,37.66034],[-77.47213,37.66085],[-77.47332,37.66126],[-77.47343,37.66247],[-77.47392,37.66382],[-77.47466,37.66477],[-77.47668,37.66647],[-77.47735,37.66695],[-77.47924,37.66789],[-77.47986,37.66838],[-77.48286,37.6714],[-77.48367,37.67221],[-77.48442,37.67268],[-77.48658,37.6738],[-77.4919,37.67666],[-77.49263,37.67713],[-77.49322,37.67763],[-77.49382,37.67832],[-77.49512,37.6801],[-77.49602,37.68147],[-77.49639,37.68228],[-77.49767,37.68584],[-77.49819,37.68682],[-77.49958,37.68856],[-77.50008,37.68931],[-77.50051,37.69032],[-77.50122,37.69138]]]}},{"type":"Feature","properties":{"geoid":"51087200908","jurisdiction":"Henrico","suppressed":false,"rate_bin":1,"rate_bin_label":"Under 1.25%","hot_core":false,"cold_core":false,"zone":1,"zone_label":"Henrico\u2013Chesterfield suburban ring","race_bin":3,"race_bin_label":"40% \u2013 60%","pov_bin":1,"pov_bin_label":"Under 10%"},"geometry":{"type":"Polygon","coordinates":[[[-77.47332,37.66126],[-77.47213,37.66085],[-77.46995,37.66034],[-77.46747,37.66001],[-77.45063,37.65796],[-77.45124,37.6531],[-77.45165,37.65025],[-77.4524,37.64595],[-77.45257,37.64465],[-77.45269,37.64256],[-77.45266,37.64104],[-77.45256,37.6396],[-77.4524,37.63845],[-77.45205,37.63675],[-77.45168,37.63534],[-77.45103,37.63338],[-77.45015,37.63139],[-77.44923,37.6297],[-77.45045,37.62958],[-77.4513,37.62943],[-77.45704,37.62832],[-77.45847,37.6281],[-77.45868,37.63033],[-77.45902,37.63341],[-77.45928,37.63522],[-77.45971,37.63897],[-77.46007,37.64096],[-77.46286,37.64361],[-77.46572,37.64644],[-77.4665,37.6474],[-77.46799,37.64957],[-77.46889,37.65097],[-77.47001,37.65261],[-77.47302,37.65682],[-77.47319,37.65717],[-77.47331,37.65797],[-77.4732,37.65953],[-77.47332,37.66126]]]}},{"type":"Feature","properties":{"geoid":"51087201001","jurisdiction":"Henrico","suppressed":false,"rate_bin":3,"rate_bin_label":"1.75% \u2013 2.25%","hot_core":false,"cold_core":false,"zone":1,"zone_label":"Henrico\u2013Chesterfield suburban ring","race_bin":5,"race_bin_label":"Over 80%","pov_bin":1,"pov_bin_label":"Under 10%"},"geometry":{"type":"Polygon","coordinates":[[[-77.40977,37.61116],[-77.40719,37.61252],[-77.4064,37.61197],[-77.40516,37.61095],[-77.40458,37.60992],[-77.40467,37.60918],[-77.40527,37.6077],[-77.40527,37.60715],[-77.40485,37.60627],[-77.40396,37.60553],[-77.4036,37.60511],[-77.40294,37.60534],[-77.40147,37.60571],[-77.40094,37.60611],[-77.40028,37.60617],[-77.39985,37.60607],[-77.39939,37.60531],[-77.3979,37.60384],[-77.39704,37.60262],[-77.39633,37.60201],[-77.39604,37.60191],[-77.39505,37.60211],[-77.39462,37.60199],[-77.39383,37.60157],[-77.39283,37.6005],[-77.39202,37.59999],[-77.39168,37.59886],[-77.39113,37.59809],[-77.39074,37.59793],[-77.39014,37.59819],[-77.38913,37.59815],[-77.38866,37.59843],[-77.3879,37.59808],[-77.38723,37.59805],[-77.38697,37.59767],[-77.38639,37.59759],[-77.38585,37.59732],[-77.3849,37.59654],[-77.38438,37.5964],[-77.38419,37.59616],[-77.38365,37.59594],[-77.38242,37.59489],[-77.38175,37.59451],[-77.38059,37.59459],[-77.37956,37.59428],[-77.37854,37.59407],[-77.37723,37.59401],[-77.37687,37.59413],[-77.37656,37.59385],[-77.37529,37.59384],[-77.37419,37.59352],[-77.37397,37.59334],[-77.37358,37.59342],[-77.37251,37.59315],[-77.37159,37.59235],[-77.36997,37.59121],[-77.36875,37.59055],[-77.36825,37.5905],[-77.36712,37.59076],[-77.36663,37.59073],[-77.36464,37.58962],[-77.36335,37.58911],[-77.36267,37.58869],[-77.3628,37.58774],[-77.36262,37.58721],[-77.36189,37.58667],[-77.36124,37.58698],[-77.36071,37.58676],[-77.36022,37.58582],[-77.35958,37.58552],[-77.35841,37.58473],[-77.35852,37.58411],[-77.35812,37.58382],[-77.35791,37.58314],[-77.35749,37.58287],[-77.35695,37.58281],[-77.35669,37.58308],[-77.35615,37.58305],[-77.35479,37.58265],[-77.35443,37.58238],[-77.35428,37.58177],[-77.35348,37.58146],[-77.35295,37.58106],[-77.35227,37.58123],[-77.35191,37.58078],[-77.35167,37.58097],[-77.35081,37.58081],[-77.35018,37.58044],[-77.35022,37.58006],[-77.34954,37.57995],[-77.34873,37.57951],[-77.34794,37.57955],[-77.34691,37.57931],[-77.34506,37.57854],[-77.34457,37.5782],[-77.34399,37.57861],[-77.34277,37.57853],[-77.34171,37.57808],[-77.33984,37.57755],[-77.3381,37.57721],[-77.3374,37.57641],[-77.33697,37.57574],[-77.3405,37.575],[-77.34111,37.57471],[-77.34647,37.57148],[-77.34837,37.57028],[-77.34927,37.56977],[-77.35055,37.56927],[-77.35335,37.56855],[-77.35454,37.5682],[-77.35788,37.56699],[-77.35816,37.56693],[-77.36013,37.56621],[-77.36164,37.56566],[-77.3623,37.56535],[-77.36984,37.56257],[-77.371,37.56219],[-77.37254,37.56189],[-77.37542,37.56152],[-77.37818,37.566],[-77.38056,37.56982],[-77.38115,37.57059],[-77.38228,37.57182],[-77.38307,37.57245],[-77.38379,37.5728],[-77.3884,37.57462],[-77.38889,37.57475],[-77.39124,37.57568],[-77.39136,37.57579],[-77.39838,37.5785],[-77.40413,37.58018],[-77.40629,37.58094],[-77.40675,37.58118],[-77.40758,37.58186],[-77.40875,37.58311],[-77.40959,37.58384],[-77.4105,37.5844],[-77.41203,37.58493],[-77.41163,37.58569],[-77.4111,37.58639],[-77.40976,37.58765],[-77.40927,37.58846],[-77.40854,37.59038],[-77.40842,37.591],[-77.40836,37.59331],[-77.40818,37.59425],[-77.40779,37.59552],[-77.4077,37.5962],[-77.40782,37.59695],[-77.40847,37.59835],[-77.40895,37.59911],[-77.41097,37.60166],[-77.41171,37.6028],[-77.41306,37.60543],[-77.41336,37.60628],[-77.41344,37.6069],[-77.41336,37.60769],[-77.41311,37.60844],[-77.4128,37.60896],[-77.41209,37.60975],[-77.41108,37.61047],[-77.40977,37.61116]]]}},{"type":"Feature","properties":{"geoid":"51087201002","jurisdiction":"Henrico","suppressed":false,"rate_bin":3,"rate_bin_label":"1.75% \u2013 2.25%","hot_core":false,"cold_core":false,"zone":5,"zone_label":"Henrico\u2013Richmond mixed","race_bin":5,"race_bin_label":"Over 80%","pov_bin":3,"pov_bin_label":"20% \u2013 30%"},"geometry":{"type":"Polygon","coordinates":[[[-77.41322,37.57627],[-77.4136,37.57735],[-77.41361,37.57856],[-77.41332,37.57996],[-77.4132,37.57993],[-77.41228,37.58429],[-77.41203,37.58493],[-77.4105,37.5844],[-77.40959,37.58384],[-77.40875,37.58311],[-77.40758,37.58186],[-77.40675,37.58118],[-77.40629,37.58094],[-77.40413,37.58018],[-77.39838,37.5785],[-77.39136,37.57579],[-77.39124,37.57568],[-77.38889,37.57475],[-77.3884,37.57462],[-77.38379,37.5728],[-77.38307,37.57245],[-77.38228,37.57182],[-77.38359,37.57168],[-77.39426,37.57052],[-77.39934,37.56993],[-77.40067,37.56975],[-77.40108,37.56983],[-77.40239,37.56787],[-77.40416,37.56533],[-77.40506,37.56399],[-77.40894,37.55792],[-77.41269,37.55951],[-77.41325,37.56039],[-77.41343,37.56103],[-77.41344,37.56159],[-77.41365,37.56197],[-77.41415,37.56233],[-77.41524,37.56292],[-77.41468,37.56374],[-77.41405,37.56406],[-77.41158,37.56509],[-77.41101,37.56549],[-77.41034,37.56617],[-77.40978,37.56727],[-77.40951,37.56813],[-77.40951,37.56887],[-77.40967,37.56996],[-77.41001,37.57144],[-77.41036,37.57214],[-77.41193,37.57435],[-77.41322,37.57627]]]}},{"type":"Feature","properties":{"geoid":"51087201003","jurisdiction":"Henrico","suppressed":false,"rate_bin":5,"rate_bin_label":"Over 3.25%","hot_core":false,"cold_core":false,"zone":1,"zone_label":"Henrico\u2013Chesterfield suburban ring","race_bin":5,"race_bin_label":"Over 80%","pov_bin":2,"pov_bin_label":"10% \u2013 20%"},"geometry":{"type":"Polygon","coordinates":[[[-77.41154,37.55259],[-77.40946,37.55584],[-77.40831,37.55765],[-77.40894,37.55792],[-77.40506,37.56399],[-77.40416,37.56533],[-77.40239,37.56787],[-77.40108,37.56983],[-77.40067,37.56975],[-77.39934,37.56993],[-77.39426,37.57052],[-77.38359,37.57168],[-77.38228,37.57182],[-77.38115,37.57059],[-77.38056,37.56982],[-77.37818,37.566],[-77.37542,37.56152],[-77.37738,37.56132],[-77.3781,37.56096],[-77.37972,37.55921],[-77.38028,37.55894],[-77.3812,37.55895],[-77.38176,37.55853],[-77.38304,37.55734],[-77.38413,37.55606],[-77.38423,37.55561],[-77.3842,37.55469],[-77.38437,37.55427],[-77.38618,37.55236],[-77.38716,37.55141],[-77.38775,37.55059],[-77.38818,37.55022],[-77.38933,37.55004],[-77.39158,37.54975],[-77.39508,37.54935],[-77.39496,37.54987],[-77.39942,37.54945],[-77.40438,37.55062],[-77.4072,37.55122],[-77.41171,37.55234],[-77.41154,37.55259]]]}},{"type":"Feature","properties":{"geoid":"51087201102","jurisdiction":"Henrico","suppressed":false,"rate_bin":3,"rate_bin_label":"1.75% \u2013 2.25%","hot_core":false,"cold_core":false,"zone":2,"zone_label":"Southern suburban belt","race_bin":4,"race_bin_label":"60% \u2013 80%","pov_bin":2,"pov_bin_label":"10% \u2013 20%"},"geometry":{"type":"Polygon","coordinates":[[[-77.39582,37.54674],[-77.39456,37.54541],[-77.39321,37.54417],[-77.39159,37.54283],[-77.38636,37.53896],[-77.38497,37.53788],[-77.38313,37.53638],[-77.37887,37.5327],[-77.37811,37.53211],[-77.37655,37.53117],[-77.37574,37.53081],[-77.37441,37.53036],[-77.37333,37.53009],[-77.37217,37.52989],[-77.37065,37.52981],[-77.36894,37.52989],[-77.36773,37.53009],[-77.36631,37.53045],[-77.36283,37.53159],[-77.36238,37.53062],[-77.36392,37.5307],[-77.36393,37.53018],[-77.36457,37.52678],[-77.36615,37.51864],[-77.36809,37.51868],[-77.37077,37.51841],[-77.37377,37.51829],[-77.37691,37.51836],[-77.37863,37.51837],[-77.38292,37.51817],[-77.38456,37.51814],[-77.38536,37.51804],[-77.3876,37.51748],[-77.38794,37.51744],[-77.38882,37.51922],[-77.3891,37.51927],[-77.39181,37.52242],[-77.39323,37.52399],[-77.39427,37.52468],[-77.39391,37.52611],[-77.39367,37.52703],[-77.39281,37.52766],[-77.39193,37.52819],[-77.39175,37.529],[-77.39131,37.53012],[-77.38604,37.52892],[-77.38551,37.53517],[-77.38797,37.53623],[-77.38778,37.53675],[-77.3906,37.53718],[-77.39325,37.5373],[-77.39396,37.53881],[-77.39341,37.53899],[-77.39451,37.54116],[-77.39365,37.54143],[-77.39499,37.54402],[-77.39616,37.54631],[-77.39582,37.54674]]]}},{"type":"Feature","properties":{"geoid":"51087201103","jurisdiction":"Henrico","suppressed":false,"rate_bin":2,"rate_bin_label":"1.25% \u2013 1.75%","hot_core":false,"cold_core":false,"zone":1,"zone_label":"Henrico\u2013Chesterfield suburban ring","race_bin":4,"race_bin_label":"60% \u2013 80%","pov_bin":3,"pov_bin_label":"20% \u2013 30%"},"geometry":{"type":"Polygon","coordinates":[[[-77.37542,37.56152],[-77.37254,37.56189],[-77.371,37.56219],[-77.36984,37.56257],[-77.3623,37.56535],[-77.36164,37.56566],[-77.36013,37.56621],[-77.3593,37.56476],[-77.35917,37.56411],[-77.3592,37.56339],[-77.35999,37.5591],[-77.36067,37.55586],[-77.36084,37.55526],[-77.36132,37.55431],[-77.36137,37.55341],[-77.36206,37.55307],[-77.36264,37.55213],[-77.36426,37.54934],[-77.36439,37.54895],[-77.36569,37.54847],[-77.36576,37.54831],[-77.3646,37.54629],[-77.36656,37.54572],[-77.36812,37.54522],[-77.36899,37.54485],[-77.36998,37.54425],[-77.3708,37.54548],[-77.37125,37.54627],[-77.37148,37.54687],[-77.37165,37.54786],[-77.37164,37.54853],[-77.37124,37.55225],[-77.37128,37.55365],[-77.37154,37.55475],[-77.37202,37.55588],[-77.37242,37.55655],[-77.37356,37.55818],[-77.37542,37.56152]]]}},{"type":"Feature","properties":{"geoid":"51087201104","jurisdiction":"Henrico","suppressed":false,"rate_bin":5,"rate_bin_label":"Over 3.25%","hot_core":false,"cold_core":false,"zone":1,"zone_label":"Henrico\u2013Chesterfield suburban ring","race_bin":4,"race_bin_label":"60% \u2013 80%","pov_bin":1,"pov_bin_label":"Under 10%"},"geometry":{"type":"Polygon","coordinates":[[[-77.39508,37.54935],[-77.39158,37.54975],[-77.38933,37.55004],[-77.38818,37.55022],[-77.38775,37.55059],[-77.38716,37.55141],[-77.38618,37.55236],[-77.38437,37.55427],[-77.3842,37.55469],[-77.38423,37.55561],[-77.38413,37.55606],[-77.38304,37.55734],[-77.38176,37.55853],[-77.3812,37.55895],[-77.38028,37.55894],[-77.37972,37.55921],[-77.3781,37.56096],[-77.37738,37.56132],[-77.37542,37.56152],[-77.37356,37.55818],[-77.37242,37.55655],[-77.37202,37.55588],[-77.37154,37.55475],[-77.37128,37.55365],[-77.37124,37.55225],[-77.37164,37.54853],[-77.37165,37.54786],[-77.37148,37.54687],[-77.37125,37.54627],[-77.3708,37.54548],[-77.36998,37.54425],[-77.36549,37.53744],[-77.36533,37.53715],[-77.36344,37.53428],[-77.36292,37.5336],[-77.36124,37.53203],[-77.36283,37.53159],[-77.36631,37.53045],[-77.36773,37.53009],[-77.36894,37.52989],[-77.37065,37.52981],[-77.37217,37.52989],[-77.37333,37.53009],[-77.37441,37.53036],[-77.37574,37.53081],[-77.37655,37.53117],[-77.37811,37.53211],[-77.37887,37.5327],[-77.38313,37.53638],[-77.38497,37.53788],[-77.38636,37.53896],[-77.39159,37.54283],[-77.39321,37.54417],[-77.39456,37.54541],[-77.39582,37.54674],[-77.39553,37.54737],[-77.39508,37.54935]]]}},{"type":"Feature","properties":{"geoid":"51087201203","jurisdiction":"Henrico","suppressed":false,"rate_bin":5,"rate_bin_label":"Over 3.25%","hot_core":false,"cold_core":false,"zone":2,"zone_label":"Southern suburban belt","race_bin":4,"race_bin_label":"60% \u2013 80%","pov_bin":2,"pov_bin_label":"10% \u2013 20%"},"geometry":{"type":"Polygon","coordinates":[[[-77.36013,37.56621],[-77.35816,37.56693],[-77.35788,37.56699],[-77.35454,37.5682],[-77.35335,37.56855],[-77.35055,37.56927],[-77.34927,37.56977],[-77.34837,37.57028],[-77.34647,37.57148],[-77.34111,37.57471],[-77.3405,37.575],[-77.33697,37.57574],[-77.33664,37.57533],[-77.33576,37.57478],[-77.3348,37.57467],[-77.33418,37.57445],[-77.33313,37.57425],[-77.33151,37.57374],[-77.33072,37.57329],[-77.3303,37.57288],[-77.32962,37.57256],[-77.32839,37.57226],[-77.32712,37.57178],[-77.32669,37.57143],[-77.32648,37.57096],[-77.32654,37.57023],[-77.32623,37.57],[-77.32555,37.56989],[-77.3246,37.56958],[-77.32409,37.56924],[-77.32339,37.56907],[-77.32282,37.56875],[-77.32207,37.56816],[-77.32125,37.56778],[-77.32055,37.56788],[-77.31893,37.56748],[-77.31784,37.56735],[-77.31671,37.56747],[-77.31606,37.56702],[-77.31493,37.5658],[-77.31341,37.56461],[-77.31195,37.56445],[-77.31159,37.56453],[-77.31106,37.56492],[-77.31058,37.56474],[-77.30986,37.56416],[-77.30806,37.56293],[-77.3072,37.56186],[-77.30594,37.56101],[-77.30428,37.56041],[-77.30233,37.5598],[-77.30113,37.55971],[-77.29914,37.55972],[-77.29771,37.5602],[-77.29672,37.56042],[-77.29616,37.56033],[-77.29555,37.55972],[-77.2966,37.55825],[-77.29911,37.5566],[-77.30183,37.55654],[-77.30321,37.55694],[-77.30362,37.55617],[-77.30435,37.55646],[-77.30466,37.55634],[-77.30497,37.55723],[-77.30534,37.55697],[-77.30637,37.55659],[-77.30669,37.55658],[-77.30736,37.55628],[-77.30844,37.5545],[-77.3083,37.55418],[-77.30788,37.55406],[-77.30757,37.55349],[-77.30752,37.55252],[-77.30892,37.55108],[-77.30969,37.54954],[-77.31024,37.54894],[-77.31037,37.54839],[-77.31072,37.5481],[-77.31116,37.54741],[-77.31244,37.5469],[-77.31268,37.54637],[-77.3132,37.54595],[-77.31758,37.54854],[-77.32375,37.55224],[-77.32314,37.55289],[-77.32581,37.55448],[-77.32653,37.5551],[-77.3277,37.55584],[-77.32878,37.55678],[-77.32895,37.55729],[-77.32993,37.55727],[-77.33,37.55761],[-77.32983,37.55797],[-77.32971,37.55876],[-77.32977,37.56004],[-77.3304,37.5603],[-77.33088,37.56063],[-77.33137,37.56052],[-77.33203,37.56103],[-77.33225,37.56145],[-77.33264,37.5615],[-77.33314,37.56058],[-77.33326,37.55994],[-77.33386,37.55953],[-77.33427,37.55893],[-77.33487,37.55874],[-77.33495,37.55831],[-77.33538,37.55808],[-77.33551,37.55774],[-77.33604,37.55743],[-77.33718,37.5574],[-77.33757,37.55717],[-77.33847,37.55739],[-77.33862,37.55696],[-77.34223,37.55766],[-77.34314,37.55464],[-77.34304,37.55455],[-77.3414,37.55423],[-77.34236,37.55101],[-77.3431,37.55105],[-77.34526,37.55097],[-77.34607,37.55106],[-77.34796,37.55157],[-77.34875,37.55167],[-77.34948,37.55163],[-77.35056,37.55136],[-77.35348,37.55019],[-77.35614,37.54897],[-77.35746,37.54846],[-77.36164,37.54732],[-77.3646,37.54629],[-77.36576,37.54831],[-77.36569,37.54847],[-77.36439,37.54895],[-77.36426,37.54934],[-77.36264,37.55213],[-77.36206,37.55307],[-77.36137,37.55341],[-77.36132,37.55431],[-77.36084,37.55526],[-77.36067,37.55586],[-77.35999,37.5591],[-77.3592,37.56339],[-77.35917,37.56411],[-77.3593,37.56476],[-77.36013,37.56621]]]}},{"type":"Feature","properties":{"geoid":"51087201204","jurisdiction":"Henrico","suppressed":false,"rate_bin":5,"rate_bin_label":"Over 3.25%","hot_core":false,"cold_core":false,"zone":2,"zone_label":"Southern suburban belt","race_bin":3,"race_bin_label":"40% \u2013 60%","pov_bin":3,"pov_bin_label":"20% \u2013 30%"},"geometry":{"type":"Polygon","coordinates":[[[-77.3132,37.54595],[-77.31345,37.54548],[-77.31329,37.54478],[-77.31377,37.54351],[-77.31404,37.5434],[-77.31472,37.5425],[-77.31464,37.54215],[-77.31487,37.5415],[-77.31526,37.54127],[-77.31519,37.54093],[-77.3154,37.54023],[-77.31717,37.53908],[-77.31839,37.53802],[-77.31943,37.53738],[-77.32141,37.53977],[-77.32207,37.54048],[-77.32579,37.54414],[-77.32828,37.54663],[-77.33108,37.54937],[-77.33146,37.54966],[-77.33337,37.55054],[-77.33455,37.5509],[-77.33546,37.55097],[-77.33725,37.55083],[-77.33864,37.55053],[-77.33998,37.55052],[-77.34193,37.55095],[-77.34236,37.55101],[-77.3414,37.55423],[-77.34304,37.55455],[-77.34314,37.55464],[-77.34223,37.55766],[-77.33862,37.55696],[-77.33847,37.55739],[-77.33757,37.55717],[-77.33718,37.5574],[-77.33604,37.55743],[-77.33551,37.55774],[-77.33538,37.55808],[-77.33495,37.55831],[-77.33487,37.55874],[-77.33427,37.55893],[-77.33386,37.55953],[-77.33326,37.55994],[-77.33314,37.56058],[-77.33264,37.5615],[-77.33225,37.56145],[-77.33203,37.56103],[-77.33137,37.56052],[-77.33088,37.56063],[-77.3304,37.5603],[-77.32977,37.56004],[-77.32971,37.55876],[-77.32983,37.55797],[-77.33,37.55761],[-77.32993,37.55727],[-77.32895,37.55729],[-77.32878,37.55678],[-77.3277,37.55584],[-77.32653,37.5551],[-77.32581,37.55448],[-77.32314,37.55289],[-77.32375,37.55224],[-77.31758,37.54854],[-77.3132,37.54595]]]}},{"type":"Feature","properties":{"geoid":"51087201205","jurisdiction":"Henrico","suppressed":false,"rate_bin":4,"rate_bin_label":"2.25% \u2013 3.25%","hot_core":false,"cold_core":false,"zone":2,"zone_label":"Southern suburban belt","race_bin":4,"race_bin_label":"60% \u2013 80%","pov_bin":2,"pov_bin_label":"10% \u2013 20%"},"geometry":{"type":"Polygon","coordinates":[[[-77.34199,37.53647],[-77.34137,37.53719],[-77.34085,37.53755],[-77.33715,37.53992],[-77.33872,37.54155],[-77.33902,37.5417],[-77.34407,37.54218],[-77.34352,37.54521],[-77.34324,37.54611],[-77.34266,37.5473],[-77.34259,37.5481],[-77.3431,37.54984],[-77.3431,37.55105],[-77.34236,37.55101],[-77.34193,37.55095],[-77.33998,37.55052],[-77.33864,37.55053],[-77.33725,37.55083],[-77.33546,37.55097],[-77.33455,37.5509],[-77.33337,37.55054],[-77.33146,37.54966],[-77.33108,37.54937],[-77.32828,37.54663],[-77.32579,37.54414],[-77.32207,37.54048],[-77.32141,37.53977],[-77.31943,37.53738],[-77.31822,37.53572],[-77.31716,37.53409],[-77.31591,37.53245],[-77.31549,37.53204],[-77.31459,37.53142],[-77.31331,37.53065],[-77.31216,37.52968],[-77.31193,37.5294],[-77.31596,37.52973],[-77.31872,37.52992],[-77.32134,37.53003],[-77.32663,37.53008],[-77.33062,37.53015],[-77.33484,37.53041],[-77.33851,37.53077],[-77.34457,37.53154],[-77.34414,37.53243],[-77.34272,37.53424],[-77.34243,37.53492],[-77.34221,37.53599],[-77.34199,37.53647]]]}},{"type":"Feature","properties":{"geoid":"51087201206","jurisdiction":"Henrico","suppressed":false,"rate_bin":4,"rate_bin_label":"2.25% \u2013 3.25%","hot_core":false,"cold_core":false,"zone":2,"zone_label":"Southern suburban belt","race_bin":5,"race_bin_label":"Over 80%","pov_bin":3,"pov_bin_label":"20% \u2013 30%"},"geometry":{"type":"Polygon","coordinates":[[[-77.35614,37.54897],[-77.35348,37.55019],[-77.35056,37.55136],[-77.34948,37.55163],[-77.34875,37.55167],[-77.34796,37.55157],[-77.34607,37.55106],[-77.34526,37.55097],[-77.3431,37.55105],[-77.3431,37.54984],[-77.34259,37.5481],[-77.34266,37.5473],[-77.34324,37.54611],[-77.34352,37.54521],[-77.34407,37.54218],[-77.33902,37.5417],[-77.33872,37.54155],[-77.33715,37.53992],[-77.34085,37.53755],[-77.34137,37.53719],[-77.34199,37.53647],[-77.34269,37.5367],[-77.34343,37.53671],[-77.34474,37.53644],[-77.34619,37.53655],[-77.34682,37.53678],[-77.34979,37.53852],[-77.35009,37.53879],[-77.35119,37.54027],[-77.35164,37.54051],[-77.35485,37.54106],[-77.35437,37.54271],[-77.35456,37.54358],[-77.3561,37.54872],[-77.35614,37.54897]]]}},{"type":"Feature","properties":{"geoid":"51087201403","jurisdiction":"Henrico","suppressed":false,"rate_bin":4,"rate_bin_label":"2.25% \u2013 3.25%","hot_core":false,"cold_core":false,"zone":2,"zone_label":"Southern suburban belt","race_bin":3,"race_bin_label":"40% \u2013 60%","pov_bin":1,"pov_bin_label":"Under 10%"},"geometry":{"type":"Polygon","coordinates":[[[-77.31943,37.53738],[-77.31839,37.53802],[-77.31717,37.53908],[-77.3154,37.54023],[-77.31519,37.54093],[-77.31526,37.54127],[-77.31487,37.5415],[-77.31464,37.54215],[-77.31472,37.5425],[-77.31404,37.5434],[-77.31377,37.54351],[-77.31329,37.54478],[-77.31345,37.54548],[-77.3132,37.54595],[-77.31268,37.54637],[-77.31244,37.5469],[-77.31116,37.54741],[-77.31072,37.5481],[-77.31037,37.54839],[-77.31024,37.54894],[-77.30969,37.54954],[-77.30892,37.55108],[-77.30752,37.55252],[-77.30757,37.55349],[-77.30788,37.55406],[-77.3083,37.55418],[-77.30844,37.5545],[-77.30736,37.55628],[-77.30669,37.55658],[-77.30637,37.55659],[-77.30534,37.55697],[-77.30497,37.55723],[-77.30466,37.55634],[-77.30435,37.55646],[-77.30362,37.55617],[-77.30321,37.55694],[-77.30183,37.55654],[-77.29911,37.5566],[-77.2966,37.55825],[-77.29555,37.55972],[-77.29616,37.56033],[-77.29477,37.56084],[-77.29334,37.56101],[-77.29194,37.56083],[-77.29088,37.56049],[-77.28988,37.55964],[-77.28838,37.55749],[-77.28691,37.55631],[-77.2861,37.55599],[-77.28521,37.55592],[-77.284,37.55535],[-77.28366,37.55531],[-77.28338,37.55554],[-77.28273,37.55555],[-77.28189,37.55572],[-77.28076,37.555],[-77.2803,37.55503],[-77.27977,37.55451],[-77.27896,37.55409],[-77.27808,37.5542],[-77.27702,37.55407],[-77.27652,37.55354],[-77.2757,37.55293],[-77.27505,37.55274],[-77.27424,37.55275],[-77.2736,37.55243],[-77.27243,37.5523],[-77.27151,37.55228],[-77.2706,37.55179],[-77.2699,37.55154],[-77.26905,37.55166],[-77.26813,37.55164],[-77.26612,37.5519],[-77.26454,37.55092],[-77.26399,37.5502],[-77.26346,37.54965],[-77.26314,37.54977],[-77.26137,37.5497],[-77.26045,37.54932],[-77.25974,37.54891],[-77.25929,37.54837],[-77.25943,37.54766],[-77.25923,37.54697],[-77.25755,37.54629],[-77.2571,37.54598],[-77.25666,37.54537],[-77.25584,37.54519],[-77.25472,37.54461],[-77.25434,37.54395],[-77.25414,37.54335],[-77.25372,37.54273],[-77.25265,37.54223],[-77.25207,37.54248],[-77.25118,37.54232],[-77.25031,37.54183],[-77.24994,37.54122],[-77.24923,37.54075],[-77.24811,37.54046],[-77.24771,37.54047],[-77.24681,37.53931],[-77.24661,37.53923],[-77.24468,37.53902],[-77.24392,37.53944],[-77.24323,37.53938],[-77.24265,37.53871],[-77.24209,37.53859],[-77.24129,37.53858],[-77.24102,37.53797],[-77.24073,37.5378],[-77.2399,37.53793],[-77.23843,37.53857],[-77.23831,37.53889],[-77.23774,37.53909],[-77.23724,37.53887],[-77.23673,37.53896],[-77.23596,37.53888],[-77.23513,37.53857],[-77.2343,37.53887],[-77.23378,37.53883],[-77.23324,37.53907],[-77.23295,37.53939],[-77.23236,37.53969],[-77.23149,37.53947],[-77.23115,37.53904],[-77.23102,37.53817],[-77.23059,37.53762],[-77.23056,37.53724],[-77.22973,37.53688],[-77.22898,37.53683],[-77.22847,37.53636],[-77.22754,37.53481],[-77.22697,37.53417],[-77.22651,37.53387],[-77.22543,37.53416],[-77.22451,37.53392],[-77.22335,37.53399],[-77.22303,37.5339],[-77.22304,37.53356],[-77.22242,37.53332],[-77.22124,37.53323],[-77.22062,37.5327],[-77.2205,37.53244],[-77.22063,37.53171],[-77.22015,37.53107],[-77.2204,37.53014],[-77.22082,37.5293],[-77.22055,37.52886],[-77.22055,37.5277],[-77.22025,37.52722],[-77.21958,37.52709],[-77.2189,37.52682],[-77.21861,37.52688],[-77.21789,37.52642],[-77.21674,37.52585],[-77.21525,37.52554],[-77.21485,37.52537],[-77.21443,37.52433],[-77.21414,37.52411],[-77.21251,37.52323],[-77.21241,37.52263],[-77.21267,37.52207],[-77.21239,37.52136],[-77.21151,37.52099],[-77.21121,37.52066],[-77.21075,37.52074],[-77.21029,37.52044],[-77.21012,37.52008],[-77.20943,37.51926],[-77.20933,37.51899],[-77.20942,37.51825],[-77.20928,37.51777],[-77.21015,37.51767],[-77.21875,37.51662],[-77.22759,37.51552],[-77.23032,37.51519],[-77.23253,37.51489],[-77.23793,37.51424],[-77.24048,37.51402],[-77.24286,37.51409],[-77.24561,37.51443],[-77.2469,37.51472],[-77.25591,37.51723],[-77.26417,37.51951],[-77.28082,37.52379],[-77.28286,37.52432],[-77.28347,37.52452],[-77.28827,37.52573],[-77.29034,37.52614],[-77.29801,37.5274],[-77.30588,37.5287],[-77.30802,37.52902],[-77.30973,37.52922],[-77.31193,37.5294],[-77.31216,37.52968],[-77.31331,37.53065],[-77.31459,37.53142],[-77.31549,37.53204],[-77.31591,37.53245],[-77.31716,37.53409],[-77.31822,37.53572],[-77.31943,37.53738]]]}},{"type":"Feature","properties":{"geoid":"51087201404","jurisdiction":"Henrico","suppressed":false,"rate_bin":4,"rate_bin_label":"2.25% \u2013 3.25%","hot_core":false,"cold_core":false,"zone":2,"zone_label":"Southern suburban belt","race_bin":1,"race_bin_label":"Under 20%","pov_bin":1,"pov_bin_label":"Under 10%"},"geometry":{"type":"Polygon","coordinates":[[[-77.30425,37.51151],[-77.30409,37.5122],[-77.30251,37.51183],[-77.30172,37.51155],[-77.30072,37.51685],[-77.30027,37.51882],[-77.3,37.51978],[-77.29764,37.51931],[-77.2973,37.5193],[-77.29519,37.51894],[-77.2928,37.51839],[-77.29116,37.51786],[-77.28974,37.51729],[-77.28913,37.51817],[-77.28884,37.51885],[-77.28875,37.51959],[-77.28705,37.5198],[-77.28336,37.52078],[-77.28217,37.52099],[-77.2818,37.52164],[-77.28082,37.52379],[-77.26417,37.51951],[-77.25591,37.51723],[-77.2469,37.51472],[-77.24561,37.51443],[-77.24286,37.51409],[-77.24048,37.51402],[-77.23793,37.51424],[-77.23253,37.51489],[-77.23032,37.51519],[-77.22759,37.51552],[-77.21875,37.51662],[-77.21015,37.51767],[-77.20928,37.51777],[-77.2091,37.51746],[-77.20891,37.51656],[-77.2087,37.5163],[-77.20774,37.51603],[-77.20739,37.5162],[-77.20671,37.51616],[-77.20624,37.51598],[-77.20577,37.51528],[-77.20652,37.51523],[-77.20712,37.51429],[-77.20701,37.51345],[-77.20637,37.51362],[-77.20622,37.51335],[-77.20563,37.51296],[-77.20454,37.5127],[-77.20403,37.51312],[-77.20371,37.51322],[-77.20342,37.513],[-77.20267,37.51287],[-77.2025,37.51226],[-77.20167,37.51198],[-77.20168,37.51158],[-77.20132,37.5111],[-77.1994,37.5099],[-77.19886,37.50971],[-77.19848,37.50943],[-77.19818,37.50897],[-77.19738,37.50893],[-77.19681,37.50855],[-77.19539,37.50815],[-77.19479,37.50783],[-77.19398,37.50754],[-77.19372,37.5072],[-77.19296,37.5066],[-77.19279,37.50607],[-77.19286,37.50549],[-77.19279,37.50489],[-77.19248,37.50429],[-77.19252,37.50398],[-77.19288,37.50366],[-77.19287,37.50341],[-77.19196,37.50287],[-77.19194,37.50124],[-77.19144,37.50069],[-77.19116,37.50057],[-77.1906,37.50062],[-77.18986,37.50014],[-77.18905,37.50014],[-77.1886,37.50028],[-77.18816,37.50022],[-77.18788,37.49975],[-77.18843,37.4993],[-77.18863,37.4987],[-77.18858,37.49829],[-77.18835,37.49796],[-77.18806,37.49797],[-77.18744,37.49756],[-77.18667,37.49775],[-77.18655,37.49809],[-77.18605,37.49798],[-77.18598,37.49736],[-77.18501,37.49629],[-77.18484,37.49572],[-77.18385,37.49528],[-77.18304,37.49475],[-77.18242,37.49393],[-77.18138,37.49334],[-77.1812,37.49315],[-77.18049,37.49357],[-77.17994,37.49333],[-77.18049,37.49312],[-77.1805,37.49294],[-77.18103,37.49288],[-77.18235,37.49358],[-77.1832,37.49354],[-77.18294,37.49296],[-77.18329,37.49279],[-77.18424,37.49277],[-77.18462,37.4926],[-77.18496,37.49219],[-77.18506,37.49101],[-77.18545,37.49061],[-77.18525,37.49027],[-77.18467,37.4903],[-77.1847,37.4907],[-77.18434,37.49111],[-77.18412,37.49099],[-77.18424,37.48937],[-77.18476,37.4891],[-77.18473,37.48889],[-77.18416,37.48826],[-77.18439,37.48783],[-77.1837,37.48716],[-77.1832,37.48735],[-77.18321,37.48774],[-77.18299,37.48827],[-77.18266,37.48819],[-77.18246,37.48764],[-77.18256,37.48719],[-77.1823,37.48693],[-77.18247,37.48672],[-77.18246,37.48619],[-77.18297,37.48568],[-77.18348,37.48472],[-77.18342,37.48445],[-77.18405,37.48423],[-77.18471,37.48412],[-77.18537,37.48386],[-77.18559,37.48328],[-77.18638,37.48343],[-77.18633,37.48297],[-77.18702,37.48283],[-77.18751,37.48253],[-77.18751,37.4819],[-77.18807,37.48128],[-77.18902,37.48114],[-77.18916,37.48098],[-77.1899,37.48076],[-77.19039,37.48034],[-77.19131,37.47933],[-77.19203,37.47942],[-77.19309,37.47847],[-77.1931,37.47824],[-77.19353,37.47806],[-77.19356,37.47763],[-77.19397,37.47723],[-77.19395,37.47693],[-77.19448,37.47704],[-77.19472,37.47672],[-77.19647,37.47615],[-77.19657,37.47593],[-77.19691,37.47611],[-77.19718,37.47591],[-77.19784,37.47609],[-77.19849,37.4759],[-77.19862,37.4761],[-77.1992,37.47586],[-77.19937,37.47555],[-77.19985,37.47543],[-77.20018,37.47506],[-77.20114,37.47476],[-77.20189,37.47463],[-77.20254,37.47488],[-77.2029,37.47475],[-77.20331,37.47434],[-77.20333,37.47404],[-77.20393,37.47354],[-77.20496,37.47378],[-77.20565,37.47362],[-77.20619,37.47306],[-77.20607,37.47247],[-77.20641,37.4721],[-77.20642,37.47167],[-77.20689,37.47138],[-77.20765,37.4711],[-77.208,37.47049],[-77.2079,37.47007],[-77.20761,37.46989],[-77.20777,37.46913],[-77.20809,37.469],[-77.20813,37.46856],[-77.20851,37.46824],[-77.20905,37.46819],[-77.20927,37.4677],[-77.21083,37.46747],[-77.21119,37.46726],[-77.21151,37.46737],[-77.21189,37.46786],[-77.21224,37.46796],[-77.21267,37.46771],[-77.21344,37.46769],[-77.21373,37.46779],[-77.2142,37.46763],[-77.21567,37.46764],[-77.21579,37.46735],[-77.2164,37.46724],[-77.21755,37.46766],[-77.21839,37.46734],[-77.21872,37.46702],[-77.21885,37.46715],[-77.21922,37.46679],[-77.21937,37.46641],[-77.21994,37.46589],[-77.22053,37.46566],[-77.22076,37.46575],[-77.22119,37.46536],[-77.22158,37.46538],[-77.22174,37.46515],[-77.22247,37.46529],[-77.22313,37.46577],[-77.22384,37.46571],[-77.22653,37.46658],[-77.23274,37.46705],[-77.23647,37.46805],[-77.23751,37.46861],[-77.23787,37.46834],[-77.23818,37.46841],[-77.23853,37.46875],[-77.23908,37.46902],[-77.23921,37.46946],[-77.23878,37.46957],[-77.23875,37.47043],[-77.23926,37.47088],[-77.23981,37.47089],[-77.24022,37.47116],[-77.24079,37.47135],[-77.24102,37.47125],[-77.24187,37.4716],[-77.24197,37.47182],[-77.24257,37.47194],[-77.24233,37.47244],[-77.24186,37.47275],[-77.24216,37.47306],[-77.24365,37.4732],[-77.24383,37.47337],[-77.24428,37.47327],[-77.24529,37.47337],[-77.24572,37.47363],[-77.24656,37.47359],[-77.24664,37.47341],[-77.2483,37.4734],[-77.25443,37.47463],[-77.25565,37.47555],[-77.25599,37.4764],[-77.25635,37.47666],[-77.25646,37.47709],[-77.25633,37.47802],[-77.25667,37.47866],[-77.2566,37.47896],[-77.25691,37.47913],[-77.25732,37.47904],[-77.25811,37.47928],[-77.25843,37.47925],[-77.2586,37.47964],[-77.25918,37.47967],[-77.26005,37.48016],[-77.26005,37.48042],[-77.26037,37.48047],[-77.26058,37.48092],[-77.26095,37.48083],[-77.26153,37.4812],[-77.26236,37.48198],[-77.26322,37.48199],[-77.26325,37.48215],[-77.26387,37.48246],[-77.26395,37.48282],[-77.26506,37.48236],[-77.26613,37.48251],[-77.26635,37.48282],[-77.26714,37.48299],[-77.26776,37.48324],[-77.2678,37.48346],[-77.26738,37.48339],[-77.26808,37.48434],[-77.26861,37.48463],[-77.26898,37.48521],[-77.26934,37.48525],[-77.26952,37.48463],[-77.27003,37.4849],[-77.27054,37.4847],[-77.27057,37.48447],[-77.27124,37.48439],[-77.27183,37.48459],[-77.27237,37.4845],[-77.27268,37.48417],[-77.27577,37.48472],[-77.27594,37.48429],[-77.27634,37.48422],[-77.27669,37.4837],[-77.27751,37.48298],[-77.27754,37.48266],[-77.27886,37.48212],[-77.27907,37.48221],[-77.27985,37.48198],[-77.28009,37.48124],[-77.28082,37.4813],[-77.28098,37.48113],[-77.2821,37.48106],[-77.2829,37.48149],[-77.2835,37.48137],[-77.28368,37.48114],[-77.28412,37.48111],[-77.28516,37.48139],[-77.28593,37.48178],[-77.28608,37.48208],[-77.28677,37.48197],[-77.287,37.48174],[-77.28739,37.48174],[-77.28767,37.48232],[-77.288,37.48219],[-77.28848,37.48235],[-77.28932,37.48235],[-77.28928,37.48253],[-77.29017,37.483],[-77.29075,37.48294],[-77.2914,37.48265],[-77.292,37.48293],[-77.29298,37.48289],[-77.29346,37.48279],[-77.29399,37.48308],[-77.29455,37.48308],[-77.2949,37.4829],[-77.29521,37.48308],[-77.29564,37.48276],[-77.29609,37.48284],[-77.29645,37.48247],[-77.29678,37.48268],[-77.29721,37.48253],[-77.2972,37.48219],[-77.29802,37.48166],[-77.29885,37.48201],[-77.30002,37.48202],[-77.30072,37.48251],[-77.29982,37.48374],[-77.29862,37.48528],[-77.29761,37.48651],[-77.29588,37.48849],[-77.3001,37.48927],[-77.29968,37.49115],[-77.29987,37.49194],[-77.30228,37.49483],[-77.30339,37.49638],[-77.30591,37.49958],[-77.30618,37.50017],[-77.3063,37.5009],[-77.30624,37.50145],[-77.30439,37.51072],[-77.30425,37.51151]]]}},{"type":"Feature","properties":{"geoid":"51087201405","jurisdiction":"Henrico","suppressed":false,"rate_bin":5,"rate_bin_label":"Over 3.25%","hot_core":false,"cold_core":false,"zone":1,"zone_label":"Henrico\u2013Chesterfield suburban ring","race_bin":5,"race_bin_label":"Over 80%","pov_bin":1,"pov_bin_label":"Under 10%"},"geometry":{"type":"Polygon","coordinates":[[[-77.36998,37.54425],[-77.36899,37.54485],[-77.36812,37.54522],[-77.36656,37.54572],[-77.3646,37.54629],[-77.36164,37.54732],[-77.35746,37.54846],[-77.35614,37.54897],[-77.3561,37.54872],[-77.35456,37.54358],[-77.35437,37.54271],[-77.35485,37.54106],[-77.35164,37.54051],[-77.35119,37.54027],[-77.35009,37.53879],[-77.34979,37.53852],[-77.34682,37.53678],[-77.34619,37.53655],[-77.34474,37.53644],[-77.34343,37.53671],[-77.34269,37.5367],[-77.34199,37.53647],[-77.34221,37.53599],[-77.34243,37.53492],[-77.34272,37.53424],[-77.34414,37.53243],[-77.34457,37.53154],[-77.35284,37.53259],[-77.35533,37.53272],[-77.35773,37.53263],[-77.35901,37.53246],[-77.36124,37.53203],[-77.36292,37.5336],[-77.36344,37.53428],[-77.36533,37.53715],[-77.36549,37.53744],[-77.36998,37.54425]]]}},{"type":"Feature","properties":{"geoid":"51087201406","jurisdiction":"Henrico","suppressed":false,"rate_bin":2,"rate_bin_label":"1.25% \u2013 1.75%","hot_core":false,"cold_core":false,"zone":2,"zone_label":"Southern suburban belt","race_bin":3,"race_bin_label":"40% \u2013 60%","pov_bin":2,"pov_bin_label":"10% \u2013 20%"},"geometry":{"type":"Polygon","coordinates":[[[-77.36283,37.53159],[-77.36124,37.53203],[-77.35901,37.53246],[-77.35773,37.53263],[-77.35533,37.53272],[-77.35284,37.53259],[-77.34457,37.53154],[-77.33851,37.53077],[-77.33484,37.53041],[-77.33062,37.53015],[-77.32663,37.53008],[-77.32839,37.52333],[-77.32844,37.52266],[-77.32824,37.52132],[-77.33152,37.52004],[-77.3354,37.51904],[-77.33663,37.51871],[-77.33874,37.51822],[-77.34066,37.51803],[-77.34063,37.51294],[-77.34063,37.50934],[-77.34059,37.50523],[-77.34062,37.50356],[-77.34091,37.50226],[-77.34181,37.49984],[-77.34324,37.50034],[-77.34629,37.50173],[-77.3476,37.50255],[-77.34941,37.5039],[-77.34938,37.50529],[-77.34959,37.51566],[-77.34964,37.51615],[-77.34998,37.51734],[-77.35135,37.51762],[-77.35272,37.51784],[-77.35439,37.51796],[-77.35515,37.51793],[-77.35637,37.51806],[-77.35898,37.51823],[-77.36615,37.51864],[-77.36457,37.52678],[-77.36393,37.53018],[-77.36392,37.5307],[-77.36238,37.53062],[-77.36283,37.53159]]]}},{"type":"Feature","properties":{"geoid":"51087201502","jurisdiction":"Henrico","suppressed":false,"rate_bin":3,"rate_bin_label":"1.75% \u2013 2.25%","hot_core":false,"cold_core":false,"zone":2,"zone_label":"Southern suburban belt","race_bin":3,"race_bin_label":"40% \u2013 60%","pov_bin":1,"pov_bin_label":"Under 10%"},"geometry":{"type":"Polygon","coordinates":[[[-77.38291,37.4656],[-77.3792,37.46822],[-77.37836,37.46878],[-77.37722,37.4694],[-77.37274,37.47154],[-77.37102,37.47261],[-77.36462,37.47734],[-77.35814,37.4821],[-77.35649,37.48333],[-77.35556,37.48427],[-77.35497,37.48526],[-77.35469,37.48607],[-77.35343,37.49161],[-77.35291,37.49299],[-77.35232,37.49398],[-77.35088,37.4962],[-77.35035,37.49746],[-77.3498,37.50038],[-77.34948,37.50258],[-77.34941,37.5039],[-77.3476,37.50255],[-77.34629,37.50173],[-77.34324,37.50034],[-77.34181,37.49984],[-77.34147,37.4997],[-77.34018,37.49878],[-77.33834,37.49775],[-77.33519,37.49569],[-77.32774,37.49433],[-77.3001,37.48927],[-77.29588,37.48849],[-77.29761,37.48651],[-77.29862,37.48528],[-77.29982,37.48374],[-77.30072,37.48251],[-77.30198,37.48067],[-77.30307,37.47895],[-77.30424,37.47695],[-77.30198,37.47607],[-77.3028,37.47467],[-77.30295,37.47392],[-77.30253,37.46931],[-77.30229,37.46606],[-77.30209,37.46568],[-77.30032,37.46257],[-77.29999,37.46185],[-77.29989,37.46133],[-77.29937,37.4533],[-77.29932,37.45051],[-77.29953,37.44998],[-77.30074,37.44891],[-77.30441,37.44552],[-77.30462,37.44498],[-77.30442,37.43762],[-77.30475,37.43711],[-77.31036,37.43359],[-77.31305,37.42977],[-77.31498,37.43053],[-77.3157,37.43072],[-77.32575,37.4327],[-77.32715,37.43318],[-77.33094,37.43547],[-77.33327,37.43668],[-77.3353,37.43769],[-77.33663,37.43822],[-77.33947,37.4392],[-77.34115,37.43984],[-77.34218,37.44037],[-77.34464,37.44172],[-77.34613,37.44239],[-77.3492,37.44345],[-77.3527,37.44477],[-77.3551,37.44573],[-77.36128,37.44825],[-77.3625,37.44892],[-77.36811,37.45274],[-77.36964,37.45365],[-77.37247,37.45504],[-77.37297,37.45533],[-77.37411,37.45633],[-77.38291,37.4656]]]}},{"type":"Feature","properties":{"geoid":"51087201503","jurisdiction":"Henrico","suppressed":false,"rate_bin":4,"rate_bin_label":"2.25% \u2013 3.25%","hot_core":false,"cold_core":false,"zone":2,"zone_label":"Southern suburban belt","race_bin":4,"race_bin_label":"60% \u2013 80%","pov_bin":1,"pov_bin_label":"Under 10%"},"geometry":{"type":"Polygon","coordinates":[[[-77.414,37.51725],[-77.41018,37.51722],[-77.40925,37.51498],[-77.40888,37.51462],[-77.40822,37.5143],[-77.40831,37.51061],[-77.40697,37.51038],[-77.40341,37.50931],[-77.40074,37.50854],[-77.39983,37.5082],[-77.39843,37.50748],[-77.39679,37.50633],[-77.39563,37.50569],[-77.39388,37.50495],[-77.39149,37.50412],[-77.39062,37.50389],[-77.3889,37.50364],[-77.38443,37.50338],[-77.38106,37.50327],[-77.38,37.50214],[-77.37963,37.50157],[-77.37938,37.50094],[-77.37935,37.49801],[-77.37922,37.49691],[-77.37905,37.49652],[-77.37929,37.49616],[-77.37914,37.49208],[-77.37918,37.49175],[-77.38047,37.48623],[-77.38069,37.48589],[-77.38737,37.48466],[-77.3897,37.4843],[-77.39357,37.4845],[-77.39555,37.48465],[-77.39622,37.48443],[-77.39667,37.48481],[-77.40217,37.48877],[-77.40296,37.48948],[-77.40351,37.49016],[-77.40405,37.49124],[-77.40539,37.49753],[-77.40566,37.49833],[-77.40602,37.49888],[-77.40669,37.49954],[-77.40827,37.50068],[-77.409,37.50143],[-77.40933,37.50192],[-77.4124,37.50736],[-77.4133,37.50876],[-77.41445,37.51013],[-77.41462,37.51069],[-77.41466,37.51234],[-77.41461,37.51272],[-77.41419,37.51422],[-77.414,37.51725]]]}},{"type":"Feature","properties":{"geoid":"51087201504","jurisdiction":"Henrico","suppressed":false,"rate_bin":4,"rate_bin_label":"2.25% \u2013 3.25%","hot_core":false,"cold_core":false,"zone":2,"zone_label":"Southern suburban belt","race_bin":4,"race_bin_label":"60% \u2013 80%","pov_bin":3,"pov_bin_label":"20% \u2013 30%"},"geometry":{"type":"Polygon","coordinates":[[[-77.39388,37.50495],[-77.39383,37.50669],[-77.39386,37.50766],[-77.39378,37.50997],[-77.39373,37.51255],[-77.39366,37.51309],[-77.39341,37.51318],[-77.39427,37.51488],[-77.39221,37.51565],[-77.39197,37.51519],[-77.38739,37.51706],[-77.3876,37.51748],[-77.38536,37.51804],[-77.38456,37.51814],[-77.38292,37.51817],[-77.37863,37.51837],[-77.37691,37.51836],[-77.37377,37.51829],[-77.37077,37.51841],[-77.36809,37.51868],[-77.36615,37.51864],[-77.35898,37.51823],[-77.35637,37.51806],[-77.35515,37.51793],[-77.35439,37.51796],[-77.35272,37.51784],[-77.35135,37.51762],[-77.34998,37.51734],[-77.34964,37.51615],[-77.34959,37.51566],[-77.34938,37.50529],[-77.34941,37.5039],[-77.34948,37.50258],[-77.3498,37.50038],[-77.35035,37.49746],[-77.35088,37.4962],[-77.35232,37.49398],[-77.35291,37.49299],[-77.35343,37.49161],[-77.35469,37.48607],[-77.35497,37.48526],[-77.35556,37.48427],[-77.35649,37.48333],[-77.35814,37.4821],[-77.36462,37.47734],[-77.37102,37.47261],[-77.37274,37.47154],[-77.37722,37.4694],[-77.37836,37.46878],[-77.3792,37.46822],[-77.38291,37.4656],[-77.38404,37.46683],[-77.38469,37.46743],[-77.38659,37.46897],[-77.38809,37.47028],[-77.38847,37.47075],[-77.38895,37.47158],[-77.38933,37.47259],[-77.39055,37.47631],[-77.39104,37.47763],[-77.39171,37.47876],[-77.39265,37.48003],[-77.3954,37.48361],[-77.39622,37.48443],[-77.39555,37.48465],[-77.39357,37.4845],[-77.3897,37.4843],[-77.38737,37.48466],[-77.38069,37.48589],[-77.38047,37.48623],[-77.37918,37.49175],[-77.37914,37.49208],[-77.37929,37.49616],[-77.37905,37.49652],[-77.37922,37.49691],[-77.37935,37.49801],[-77.37938,37.50094],[-77.37963,37.50157],[-77.38,37.50214],[-77.38106,37.50327],[-77.38443,37.50338],[-77.3889,37.50364],[-77.39062,37.50389],[-77.39149,37.50412],[-77.39388,37.50495]]]}},{"type":"Feature","properties":{"geoid":"51087201601","jurisdiction":"Henrico","suppressed":false,"rate_bin":4,"rate_bin_label":"2.25% \u2013 3.25%","hot_core":false,"cold_core":false,"zone":2,"zone_label":"Southern suburban belt","race_bin":2,"race_bin_label":"20% \u2013 40%","pov_bin":1,"pov_bin_label":"Under 10%"},"geometry":{"type":"Polygon","coordinates":[[[-77.30072,37.48251],[-77.30002,37.48202],[-77.29885,37.48201],[-77.29802,37.48166],[-77.2972,37.48219],[-77.29721,37.48253],[-77.29678,37.48268],[-77.29645,37.48247],[-77.29609,37.48284],[-77.29564,37.48276],[-77.29521,37.48308],[-77.2949,37.4829],[-77.29455,37.48308],[-77.29399,37.48308],[-77.29346,37.48279],[-77.29298,37.48289],[-77.292,37.48293],[-77.2914,37.48265],[-77.29075,37.48294],[-77.29017,37.483],[-77.28928,37.48253],[-77.28932,37.48235],[-77.28848,37.48235],[-77.288,37.48219],[-77.28767,37.48232],[-77.28739,37.48174],[-77.287,37.48174],[-77.28677,37.48197],[-77.28608,37.48208],[-77.28593,37.48178],[-77.28516,37.48139],[-77.28412,37.48111],[-77.28368,37.48114],[-77.2835,37.48137],[-77.2829,37.48149],[-77.2821,37.48106],[-77.28098,37.48113],[-77.28082,37.4813],[-77.28009,37.48124],[-77.27985,37.48198],[-77.27907,37.48221],[-77.27886,37.48212],[-77.27754,37.48266],[-77.27751,37.48298],[-77.27669,37.4837],[-77.27634,37.48422],[-77.27594,37.48429],[-77.27577,37.48472],[-77.27268,37.48417],[-77.27237,37.4845],[-77.27183,37.48459],[-77.27124,37.48439],[-77.27057,37.48447],[-77.27054,37.4847],[-77.27003,37.4849],[-77.26952,37.48463],[-77.26934,37.48525],[-77.26898,37.48521],[-77.26861,37.48463],[-77.26808,37.48434],[-77.26738,37.48339],[-77.2678,37.48346],[-77.26776,37.48324],[-77.26714,37.48299],[-77.26635,37.48282],[-77.26613,37.48251],[-77.26506,37.48236],[-77.26395,37.48282],[-77.26387,37.48246],[-77.26325,37.48215],[-77.26322,37.48199],[-77.26236,37.48198],[-77.26153,37.4812],[-77.26095,37.48083],[-77.26058,37.48092],[-77.26037,37.48047],[-77.26005,37.48042],[-77.26005,37.48016],[-77.25918,37.47967],[-77.2586,37.47964],[-77.25843,37.47925],[-77.25811,37.47928],[-77.25732,37.47904],[-77.25691,37.47913],[-77.2566,37.47896],[-77.25667,37.47866],[-77.25633,37.47802],[-77.25646,37.47709],[-77.25635,37.47666],[-77.25599,37.4764],[-77.25565,37.47555],[-77.25443,37.47463],[-77.2483,37.4734],[-77.24664,37.47341],[-77.24656,37.47359],[-77.24572,37.47363],[-77.24529,37.47337],[-77.24428,37.47327],[-77.24383,37.47337],[-77.24365,37.4732],[-77.24216,37.47306],[-77.24186,37.47275],[-77.24233,37.47244],[-77.24257,37.47194],[-77.24197,37.47182],[-77.24187,37.4716],[-77.24102,37.47125],[-77.24079,37.47135],[-77.24022,37.47116],[-77.23981,37.47089],[-77.23926,37.47088],[-77.23875,37.47043],[-77.23878,37.46957],[-77.23921,37.46946],[-77.23908,37.46902],[-77.23853,37.46875],[-77.23818,37.46841],[-77.23787,37.46834],[-77.23751,37.46861],[-77.23647,37.46805],[-77.23274,37.46705],[-77.22653,37.46658],[-77.22384,37.46571],[-77.22313,37.46577],[-77.22247,37.46529],[-77.22174,37.46515],[-77.22158,37.46538],[-77.22119,37.46536],[-77.22076,37.46575],[-77.22053,37.46566],[-77.21994,37.46589],[-77.21937,37.46641],[-77.21922,37.46679],[-77.21885,37.46715],[-77.21872,37.46702],[-77.21839,37.46734],[-77.21755,37.46766],[-77.2164,37.46724],[-77.21579,37.46735],[-77.21567,37.46764],[-77.2142,37.46763],[-77.21373,37.46779],[-77.21344,37.46769],[-77.21267,37.46771],[-77.21224,37.46796],[-77.21189,37.46786],[-77.21151,37.46737],[-77.21119,37.46726],[-77.21083,37.46747],[-77.20927,37.4677],[-77.20905,37.46819],[-77.20851,37.46824],[-77.20813,37.46856],[-77.20809,37.469],[-77.20777,37.46913],[-77.20761,37.46989],[-77.2079,37.47007],[-77.208,37.47049],[-77.20765,37.4711],[-77.20689,37.47138],[-77.20642,37.47167],[-77.20641,37.4721],[-77.20607,37.47247],[-77.20619,37.47306],[-77.20565,37.47362],[-77.20496,37.47378],[-77.20393,37.47354],[-77.20333,37.47404],[-77.20331,37.47434],[-77.2029,37.47475],[-77.20254,37.47488],[-77.20189,37.47463],[-77.20114,37.47476],[-77.20018,37.47506],[-77.19985,37.47543],[-77.19937,37.47555],[-77.1992,37.47586],[-77.19862,37.4761],[-77.19849,37.4759],[-77.19784,37.47609],[-77.19718,37.47591],[-77.19691,37.47611],[-77.19657,37.47593],[-77.19647,37.47615],[-77.19472,37.47672],[-77.19448,37.47704],[-77.19395,37.47693],[-77.19397,37.47723],[-77.19356,37.47763],[-77.19353,37.47806],[-77.1931,37.47824],[-77.19309,37.47847],[-77.19203,37.47942],[-77.19131,37.47933],[-77.19039,37.48034],[-77.1899,37.48076],[-77.18916,37.48098],[-77.18902,37.48114],[-77.18807,37.48128],[-77.18751,37.4819],[-77.18751,37.48253],[-77.18702,37.48283],[-77.18633,37.48297],[-77.18638,37.48343],[-77.18559,37.48328],[-77.18537,37.48386],[-77.18471,37.48412],[-77.18405,37.48423],[-77.18342,37.48445],[-77.18348,37.48472],[-77.18297,37.48568],[-77.18246,37.48619],[-77.18247,37.48672],[-77.1823,37.48693],[-77.18256,37.48719],[-77.18246,37.48764],[-77.18266,37.48819],[-77.18299,37.48827],[-77.18321,37.48774],[-77.1832,37.48735],[-77.1837,37.48716],[-77.18439,37.48783],[-77.18416,37.48826],[-77.18473,37.48889],[-77.18476,37.4891],[-77.18424,37.48937],[-77.18412,37.49099],[-77.18434,37.49111],[-77.1847,37.4907],[-77.18467,37.4903],[-77.18525,37.49027],[-77.18545,37.49061],[-77.18506,37.49101],[-77.18496,37.49219],[-77.18462,37.4926],[-77.18424,37.49277],[-77.18329,37.49279],[-77.18294,37.49296],[-77.1832,37.49354],[-77.18235,37.49358],[-77.18103,37.49288],[-77.1805,37.49294],[-77.18049,37.49312],[-77.17994,37.49333],[-77.17996,37.49266],[-77.17925,37.49224],[-77.17929,37.49176],[-77.17854,37.4914],[-77.17805,37.49149],[-77.17751,37.49134],[-77.17698,37.49137],[-77.17732,37.4906],[-77.17864,37.48851],[-77.18337,37.48004],[-77.18633,37.47458],[-77.18796,37.47175],[-77.1927,37.46303],[-77.1948,37.45908],[-77.1969,37.4554],[-77.19783,37.45356],[-77.20173,37.4463],[-77.20535,37.43969],[-77.20866,37.43362],[-77.21114,37.42902],[-77.2119,37.42755],[-77.21308,37.42542],[-77.21522,37.42148],[-77.21752,37.41723],[-77.21877,37.41499],[-77.21928,37.4144],[-77.21938,37.41385],[-77.21972,37.41288],[-77.21963,37.41263],[-77.22055,37.41167],[-77.22059,37.41129],[-77.22112,37.41076],[-77.22131,37.41024],[-77.22152,37.41014],[-77.22136,37.40961],[-77.2216,37.40955],[-77.22171,37.40877],[-77.2224,37.40754],[-77.2226,37.40761],[-77.22284,37.4071],[-77.22316,37.40699],[-77.22374,37.40654],[-77.22433,37.40626],[-77.22414,37.40593],[-77.22474,37.4058],[-77.22535,37.40588],[-77.22597,37.40537],[-77.22587,37.40508],[-77.22538,37.40485],[-77.22527,37.40461],[-77.22485,37.40455],[-77.22479,37.40433],[-77.22428,37.40387],[-77.22441,37.40318],[-77.2233,37.4027],[-77.22206,37.40136],[-77.22054,37.40061],[-77.22017,37.39998],[-77.22025,37.39943],[-77.22093,37.39914],[-77.22115,37.39869],[-77.22085,37.39762],[-77.2206,37.39745],[-77.22044,37.39695],[-77.2204,37.39621],[-77.22009,37.39596],[-77.21986,37.39551],[-77.2192,37.39508],[-77.21816,37.39496],[-77.21787,37.39505],[-77.21708,37.39495],[-77.21668,37.39463],[-77.21604,37.39437],[-77.21575,37.39438],[-77.21479,37.39382],[-77.21459,37.39352],[-77.21525,37.39271],[-77.21504,37.39244],[-77.21493,37.39139],[-77.21521,37.39042],[-77.21591,37.38955],[-77.21641,37.3895],[-77.2171,37.38839],[-77.21703,37.38757],[-77.21732,37.38706],[-77.21775,37.3867],[-77.21779,37.38633],[-77.21711,37.38597],[-77.21583,37.38602],[-77.21507,37.38593],[-77.21497,37.38575],[-77.21536,37.38528],[-77.21634,37.38471],[-77.21767,37.3843],[-77.21874,37.38388],[-77.22017,37.38388],[-77.22039,37.38372],[-77.22066,37.38303],[-77.22092,37.38279],[-77.22212,37.38227],[-77.22294,37.38237],[-77.22341,37.38232],[-77.22421,37.38162],[-77.22461,37.38157],[-77.22469,37.3809],[-77.22452,37.38041],[-77.22415,37.38041],[-77.22469,37.37976],[-77.22514,37.37997],[-77.22548,37.37985],[-77.22631,37.37997],[-77.2272,37.38038],[-77.22706,37.38059],[-77.22766,37.38106],[-77.22815,37.3809],[-77.22828,37.38121],[-77.22863,37.38141],[-77.22823,37.38216],[-77.22876,37.38229],[-77.22952,37.38293],[-77.22994,37.38289],[-77.23041,37.3826],[-77.23039,37.38223],[-77.23148,37.38217],[-77.23173,37.38232],[-77.23228,37.38209],[-77.23246,37.38243],[-77.23199,37.3826],[-77.23191,37.38285],[-77.23221,37.38345],[-77.23283,37.3833],[-77.23307,37.38299],[-77.23343,37.38302],[-77.23374,37.38248],[-77.23355,37.38223],[-77.23414,37.3822],[-77.23397,37.38161],[-77.23461,37.38156],[-77.23472,37.3819],[-77.2352,37.38227],[-77.23506,37.38247],[-77.23546,37.38273],[-77.23529,37.38374],[-77.23533,37.3842],[-77.2362,37.38477],[-77.2369,37.38577],[-77.23819,37.3861],[-77.23851,37.38643],[-77.23816,37.3867],[-77.23858,37.38722],[-77.2383,37.38747],[-77.23913,37.38807],[-77.23956,37.38804],[-77.23948,37.3885],[-77.24017,37.38842],[-77.24075,37.38866],[-77.2408,37.38844],[-77.24177,37.3887],[-77.24199,37.38858],[-77.24259,37.38891],[-77.24321,37.38969],[-77.24339,37.3906],[-77.24392,37.39092],[-77.24472,37.39108],[-77.24545,37.39073],[-77.24584,37.39109],[-77.24639,37.39087],[-77.24679,37.39121],[-77.24728,37.39229],[-77.24705,37.39284],[-77.24658,37.3929],[-77.24635,37.39318],[-77.24594,37.3931],[-77.24548,37.39272],[-77.24496,37.3927],[-77.24497,37.39293],[-77.24578,37.39381],[-77.24605,37.39448],[-77.24666,37.39469],[-77.24776,37.3945],[-77.24839,37.39485],[-77.24875,37.39473],[-77.24888,37.39363],[-77.24852,37.39297],[-77.24863,37.39276],[-77.24946,37.39232],[-77.24996,37.39218],[-77.25046,37.39236],[-77.25078,37.39228],[-77.25091,37.39193],[-77.25086,37.39134],[-77.25108,37.39063],[-77.25153,37.39018],[-77.25151,37.38989],[-77.25095,37.38944],[-77.25092,37.38907],[-77.25128,37.38872],[-77.25336,37.38792],[-77.25395,37.38761],[-77.25399,37.38717],[-77.25293,37.38664],[-77.25264,37.38662],[-77.25141,37.38692],[-77.25086,37.38688],[-77.2504,37.38665],[-77.2499,37.38603],[-77.24951,37.38525],[-77.24869,37.38428],[-77.24821,37.38329],[-77.24835,37.3826],[-77.24937,37.38221],[-77.24966,37.382],[-77.25035,37.38141],[-77.25072,37.38097],[-77.25157,37.37935],[-77.25368,37.37913],[-77.255,37.37914],[-77.25505,37.3785],[-77.2547,37.37789],[-77.25504,37.37801],[-77.25538,37.37839],[-77.25534,37.37872],[-77.25574,37.37919],[-77.25628,37.37941],[-77.25678,37.37924],[-77.25782,37.37915],[-77.25689,37.37952],[-77.25618,37.37965],[-77.25659,37.37977],[-77.2575,37.37965],[-77.25857,37.37964],[-77.25909,37.37944],[-77.25962,37.3795],[-77.26122,37.37921],[-77.26161,37.37892],[-77.2625,37.37866],[-77.26299,37.37862],[-77.26382,37.37829],[-77.26278,37.37782],[-77.26201,37.37756],[-77.26306,37.37743],[-77.26354,37.37719],[-77.26393,37.37667],[-77.26414,37.37678],[-77.26432,37.37647],[-77.2652,37.37648],[-77.26556,37.37591],[-77.26589,37.37604],[-77.26623,37.37555],[-77.26647,37.37548],[-77.267,37.37468],[-77.26753,37.37349],[-77.26779,37.37251],[-77.26779,37.37168],[-77.2679,37.37139],[-77.26787,37.3704],[-77.26767,37.36823],[-77.26753,37.36734],[-77.26761,37.36696],[-77.26725,37.36478],[-77.26723,37.36413],[-77.26701,37.36234],[-77.26703,37.36071],[-77.26741,37.35945],[-77.26784,37.35854],[-77.26826,37.35789],[-77.2697,37.3562],[-77.27138,37.35478],[-77.27273,37.35386],[-77.27303,37.35372],[-77.27263,37.35326],[-77.27708,37.35223],[-77.27826,37.35234],[-77.27971,37.35206],[-77.28141,37.35209],[-77.28223,37.35196],[-77.28334,37.35206],[-77.28504,37.35199],[-77.28646,37.35197],[-77.28785,37.35221],[-77.28936,37.35265],[-77.2908,37.35296],[-77.29175,37.35329],[-77.29283,37.35344],[-77.29352,37.35372],[-77.29447,37.35425],[-77.29607,37.35481],[-77.29766,37.35545],[-77.30082,37.35662],[-77.30239,37.3574],[-77.30379,37.35793],[-77.30513,37.3586],[-77.30537,37.35908],[-77.30668,37.36],[-77.3074,37.36085],[-77.30802,37.36141],[-77.30844,37.3622],[-77.30919,37.36273],[-77.30979,37.36396],[-77.31006,37.36482],[-77.3103,37.36528],[-77.31075,37.36578],[-77.31081,37.36687],[-77.31114,37.36849],[-77.31099,37.37008],[-77.31128,37.37083],[-77.31117,37.37123],[-77.31139,37.37233],[-77.31132,37.37261],[-77.31153,37.37328],[-77.30999,37.37449],[-77.30884,37.37517],[-77.30848,37.37558],[-77.30796,37.37662],[-77.30773,37.37734],[-77.30713,37.37769],[-77.30634,37.37846],[-77.30607,37.37883],[-77.30612,37.37935],[-77.30574,37.3798],[-77.30628,37.38001],[-77.30636,37.38044],[-77.30542,37.38009],[-77.30522,37.3807],[-77.3048,37.38145],[-77.3053,37.38186],[-77.30331,37.38457],[-77.30264,37.38543],[-77.30168,37.3869],[-77.30117,37.38751],[-77.30024,37.38896],[-77.29989,37.38933],[-77.30004,37.38887],[-77.2988,37.39065],[-77.29884,37.39084],[-77.29848,37.39176],[-77.2982,37.39209],[-77.29817,37.39268],[-77.29794,37.39329],[-77.29763,37.39456],[-77.29732,37.3967],[-77.29744,37.39854],[-77.29766,37.39979],[-77.29786,37.40205],[-77.29797,37.40244],[-77.29847,37.40275],[-77.29808,37.40273],[-77.29804,37.403],[-77.29829,37.40378],[-77.29885,37.40439],[-77.29997,37.4051],[-77.30063,37.40524],[-77.30234,37.40575],[-77.30421,37.40594],[-77.30377,37.40669],[-77.30275,37.40798],[-77.3003,37.40965],[-77.29999,37.40966],[-77.29937,37.41018],[-77.29853,37.41262],[-77.2986,37.41272],[-77.29859,37.41458],[-77.29852,37.41512],[-77.29871,37.41556],[-77.29845,37.41636],[-77.29874,37.4166],[-77.29876,37.41731],[-77.29857,37.4183],[-77.29913,37.41868],[-77.29878,37.42013],[-77.2985,37.42045],[-77.29738,37.42058],[-77.29706,37.42088],[-77.29832,37.42254],[-77.29868,37.42307],[-77.29945,37.42466],[-77.29996,37.42528],[-77.30098,37.4259],[-77.30233,37.42626],[-77.30636,37.42719],[-77.30772,37.42758],[-77.31305,37.42977],[-77.31036,37.43359],[-77.30475,37.43711],[-77.30442,37.43762],[-77.30462,37.44498],[-77.30441,37.44552],[-77.30074,37.44891],[-77.29953,37.44998],[-77.29932,37.45051],[-77.29937,37.4533],[-77.29989,37.46133],[-77.29999,37.46185],[-77.30032,37.46257],[-77.30209,37.46568],[-77.30229,37.46606],[-77.30253,37.46931],[-77.30295,37.47392],[-77.3028,37.47467],[-77.30198,37.47607],[-77.30424,37.47695],[-77.30307,37.47895],[-77.30198,37.48067],[-77.30072,37.48251]]]}},{"type":"Feature","properties":{"geoid":"51087201602","jurisdiction":"Henrico","suppressed":false,"rate_bin":4,"rate_bin_label":"2.25% \u2013 3.25%","hot_core":false,"cold_core":false,"zone":2,"zone_label":"Southern suburban belt","race_bin":2,"race_bin_label":"20% \u2013 40%","pov_bin":1,"pov_bin_label":"Under 10%"},"geometry":{"type":"Polygon","coordinates":[[[-77.42768,37.43657],[-77.42703,37.43754],[-77.42689,37.43789],[-77.42543,37.43978],[-77.42519,37.44026],[-77.42456,37.44094],[-77.42438,37.44146],[-77.42415,37.44148],[-77.42365,37.44246],[-77.42279,37.44362],[-77.42278,37.44388],[-77.42241,37.44427],[-77.4222,37.44479],[-77.42258,37.44476],[-77.42236,37.44511],[-77.42192,37.44504],[-77.42094,37.4469],[-77.42074,37.44752],[-77.41957,37.44697],[-77.41894,37.44655],[-77.41872,37.44697],[-77.41847,37.44825],[-77.41851,37.44858],[-77.41828,37.44902],[-77.418,37.45014],[-77.41775,37.45081],[-77.41751,37.45181],[-77.41766,37.45214],[-77.41747,37.4529],[-77.41763,37.45434],[-77.4178,37.45462],[-77.41803,37.45611],[-77.41842,37.45808],[-77.41859,37.45857],[-77.41837,37.45897],[-77.41814,37.45785],[-77.4179,37.45742],[-77.41784,37.45833],[-77.41802,37.45879],[-77.41858,37.45946],[-77.41895,37.46061],[-77.41927,37.46196],[-77.41952,37.46261],[-77.41968,37.46439],[-77.41998,37.46503],[-77.41998,37.4657],[-77.42025,37.46597],[-77.42041,37.46707],[-77.42067,37.46761],[-77.42071,37.468],[-77.42016,37.46795],[-77.4207,37.46816],[-77.42109,37.46857],[-77.421,37.46876],[-77.42112,37.4697],[-77.4214,37.47062],[-77.42136,37.4711],[-77.42164,37.47131],[-77.4217,37.47239],[-77.42182,37.47268],[-77.42179,37.4742],[-77.42184,37.47516],[-77.42164,37.47753],[-77.4214,37.47841],[-77.42141,37.48018],[-77.42123,37.48103],[-77.42149,37.48126],[-77.42124,37.48151],[-77.42136,37.48343],[-77.42121,37.48384],[-77.42137,37.48461],[-77.42118,37.48518],[-77.42129,37.48546],[-77.42088,37.48589],[-77.42124,37.48599],[-77.42101,37.48681],[-77.4214,37.48712],[-77.42124,37.48792],[-77.42157,37.48822],[-77.42138,37.48853],[-77.42137,37.48948],[-77.42151,37.48968],[-77.42148,37.49028],[-77.4216,37.49076],[-77.42168,37.49195],[-77.42221,37.49372],[-77.42227,37.49433],[-77.42281,37.49614],[-77.42258,37.49715],[-77.42202,37.49784],[-77.42208,37.49812],[-77.42171,37.49899],[-77.42103,37.49978],[-77.42087,37.50013],[-77.41997,37.50133],[-77.41899,37.50234],[-77.41852,37.50297],[-77.41872,37.50314],[-77.41832,37.50321],[-77.418,37.50429],[-77.41764,37.50469],[-77.41738,37.50547],[-77.41731,37.50599],[-77.41705,37.50677],[-77.41659,37.50898],[-77.41655,37.50994],[-77.41642,37.5107],[-77.41647,37.51195],[-77.41641,37.51351],[-77.41649,37.51418],[-77.41648,37.5158],[-77.4164,37.51708],[-77.41651,37.51713],[-77.41639,37.51727],[-77.414,37.51725],[-77.41419,37.51422],[-77.41461,37.51272],[-77.41466,37.51234],[-77.41462,37.51069],[-77.41445,37.51013],[-77.4133,37.50876],[-77.4124,37.50736],[-77.40933,37.50192],[-77.409,37.50143],[-77.40827,37.50068],[-77.40669,37.49954],[-77.40602,37.49888],[-77.40566,37.49833],[-77.40539,37.49753],[-77.40405,37.49124],[-77.40351,37.49016],[-77.40296,37.48948],[-77.40217,37.48877],[-77.39667,37.48481],[-77.39622,37.48443],[-77.3954,37.48361],[-77.39265,37.48003],[-77.39171,37.47876],[-77.39104,37.47763],[-77.39055,37.47631],[-77.38933,37.47259],[-77.38895,37.47158],[-77.38847,37.47075],[-77.38809,37.47028],[-77.38659,37.46897],[-77.38469,37.46743],[-77.38404,37.46683],[-77.38291,37.4656],[-77.37411,37.45633],[-77.37297,37.45533],[-77.37247,37.45504],[-77.36964,37.45365],[-77.36811,37.45274],[-77.3625,37.44892],[-77.36128,37.44825],[-77.3551,37.44573],[-77.3527,37.44477],[-77.3492,37.44345],[-77.34613,37.44239],[-77.34464,37.44172],[-77.34218,37.44037],[-77.34115,37.43984],[-77.33947,37.4392],[-77.33663,37.43822],[-77.3353,37.43769],[-77.33327,37.43668],[-77.33094,37.43547],[-77.32715,37.43318],[-77.32575,37.4327],[-77.3157,37.43072],[-77.31498,37.43053],[-77.31305,37.42977],[-77.30772,37.42758],[-77.30636,37.42719],[-77.30233,37.42626],[-77.30098,37.4259],[-77.29996,37.42528],[-77.29945,37.42466],[-77.29868,37.42307],[-77.29832,37.42254],[-77.29706,37.42088],[-77.29738,37.42058],[-77.2985,37.42045],[-77.29878,37.42013],[-77.29913,37.41868],[-77.29857,37.4183],[-77.29876,37.41731],[-77.29874,37.4166],[-77.29845,37.41636],[-77.29871,37.41556],[-77.29852,37.41512],[-77.29859,37.41458],[-77.2986,37.41272],[-77.29853,37.41262],[-77.29937,37.41018],[-77.29999,37.40966],[-77.3003,37.40965],[-77.30275,37.40798],[-77.30377,37.40669],[-77.30421,37.40594],[-77.30475,37.40594],[-77.30639,37.4055],[-77.30731,37.40508],[-77.30797,37.40467],[-77.30865,37.40402],[-77.30885,37.4036],[-77.30937,37.40294],[-77.30947,37.40244],[-77.30949,37.40127],[-77.30928,37.40047],[-77.30901,37.40059],[-77.30899,37.40025],[-77.30979,37.40022],[-77.30978,37.4],[-77.30918,37.39925],[-77.30917,37.39902],[-77.30846,37.39883],[-77.30826,37.39845],[-77.30866,37.39763],[-77.30849,37.39757],[-77.30841,37.39632],[-77.30855,37.39523],[-77.30877,37.39477],[-77.30877,37.39432],[-77.30812,37.39454],[-77.30812,37.39437],[-77.30861,37.39427],[-77.30842,37.39409],[-77.3088,37.39382],[-77.30898,37.39393],[-77.30942,37.39302],[-77.30895,37.39262],[-77.30914,37.39311],[-77.30875,37.39297],[-77.3087,37.39247],[-77.30901,37.3922],[-77.30901,37.39249],[-77.30949,37.39232],[-77.30962,37.39246],[-77.31028,37.39149],[-77.31023,37.39117],[-77.31062,37.39101],[-77.31099,37.39056],[-77.31092,37.39022],[-77.31134,37.38962],[-77.31167,37.38885],[-77.31246,37.3877],[-77.3131,37.38705],[-77.31392,37.38595],[-77.31474,37.38469],[-77.31559,37.38284],[-77.31582,37.38253],[-77.31695,37.38145],[-77.31828,37.38041],[-77.31871,37.38017],[-77.32095,37.37928],[-77.3238,37.37843],[-77.32518,37.37788],[-77.3262,37.3776],[-77.32749,37.37744],[-77.32755,37.37768],[-77.32806,37.37728],[-77.32815,37.3774],[-77.32965,37.37762],[-77.33148,37.37754],[-77.33153,37.37783],[-77.33184,37.37756],[-77.33237,37.37746],[-77.33289,37.37765],[-77.33335,37.37764],[-77.33355,37.37782],[-77.33507,37.37775],[-77.33505,37.37837],[-77.3356,37.37826],[-77.33581,37.37788],[-77.33729,37.37807],[-77.33781,37.37788],[-77.33852,37.37815],[-77.33892,37.37806],[-77.34029,37.37816],[-77.34059,37.37804],[-77.34268,37.3782],[-77.34358,37.37804],[-77.34483,37.37836],[-77.34578,37.37844],[-77.34593,37.37861],[-77.34663,37.37849],[-77.34923,37.37847],[-77.35043,37.37823],[-77.35138,37.37785],[-77.3564,37.37685],[-77.35791,37.37639],[-77.35946,37.37561],[-77.36035,37.37488],[-77.36194,37.37606],[-77.36115,37.3767],[-77.36102,37.37843],[-77.36034,37.37908],[-77.3594,37.37937],[-77.35907,37.37968],[-77.35908,37.38051],[-77.35828,37.38115],[-77.35809,37.38202],[-77.35771,37.38284],[-77.35771,37.38353],[-77.35812,37.38368],[-77.35789,37.38419],[-77.35844,37.38513],[-77.35913,37.38525],[-77.35971,37.38514],[-77.35881,37.38548],[-77.35874,37.38568],[-77.35947,37.38676],[-77.36081,37.38816],[-77.36216,37.38917],[-77.3643,37.39045],[-77.36521,37.39092],[-77.36722,37.39164],[-77.36885,37.39203],[-77.3695,37.39204],[-77.37085,37.39164],[-77.37178,37.39107],[-77.37268,37.3902],[-77.37327,37.3891],[-77.37355,37.38816],[-77.37338,37.38661],[-77.37346,37.38509],[-77.37367,37.3844],[-77.37433,37.38382],[-77.37495,37.38371],[-77.3755,37.38329],[-77.37537,37.3831],[-77.37574,37.3817],[-77.37768,37.38226],[-77.37982,37.38305],[-77.38085,37.38317],[-77.38214,37.38354],[-77.38317,37.38397],[-77.38405,37.38449],[-77.38561,37.38603],[-77.38596,37.38604],[-77.38622,37.38635],[-77.38673,37.38624],[-77.38767,37.38627],[-77.38746,37.38664],[-77.38618,37.38661],[-77.38601,37.38692],[-77.38665,37.38713],[-77.38614,37.38778],[-77.3865,37.38818],[-77.38609,37.38918],[-77.38593,37.39048],[-77.38571,37.39095],[-77.38577,37.39153],[-77.38543,37.39201],[-77.38517,37.39279],[-77.38426,37.39407],[-77.38391,37.39498],[-77.38384,37.39576],[-77.38399,37.39651],[-77.38459,37.39728],[-77.38459,37.39753],[-77.38551,37.39816],[-77.38608,37.39816],[-77.38612,37.39851],[-77.38716,37.39876],[-77.38752,37.39903],[-77.38838,37.3992],[-77.38858,37.39966],[-77.38954,37.39978],[-77.38962,37.40018],[-77.39053,37.4004],[-77.39078,37.40081],[-77.39152,37.40104],[-77.39201,37.40153],[-77.39245,37.4018],[-77.39278,37.4022],[-77.39331,37.40259],[-77.39431,37.40364],[-77.39561,37.40349],[-77.39644,37.40364],[-77.39707,37.4036],[-77.39731,37.40381],[-77.39621,37.40389],[-77.39523,37.40433],[-77.39556,37.40448],[-77.39635,37.40448],[-77.39714,37.40433],[-77.39752,37.40438],[-77.39835,37.40501],[-77.39854,37.40538],[-77.39687,37.40566],[-77.3964,37.40534],[-77.39587,37.4055],[-77.39566,37.40515],[-77.39499,37.40481],[-77.39547,37.40607],[-77.39569,37.40635],[-77.39552,37.40657],[-77.39572,37.40711],[-77.3968,37.407],[-77.39707,37.40716],[-77.39566,37.40748],[-77.39593,37.40784],[-77.39578,37.4083],[-77.39605,37.41049],[-77.39611,37.41154],[-77.39626,37.4125],[-77.39656,37.41293],[-77.39638,37.41378],[-77.39668,37.41408],[-77.39671,37.41465],[-77.39697,37.41499],[-77.39722,37.4157],[-77.39762,37.41791],[-77.39801,37.41897],[-77.39831,37.42004],[-77.39875,37.42096],[-77.39908,37.42127],[-77.40029,37.42206],[-77.40059,37.42239],[-77.40165,37.42295],[-77.4029,37.42333],[-77.40307,37.42355],[-77.40428,37.42346],[-77.40448,37.42362],[-77.40572,37.42328],[-77.40561,37.4229],[-77.40526,37.42285],[-77.40461,37.42249],[-77.40409,37.42274],[-77.40362,37.42254],[-77.40312,37.42204],[-77.40257,37.42199],[-77.40171,37.4208],[-77.40157,37.42028],[-77.40171,37.41989],[-77.40221,37.41933],[-77.40234,37.41883],[-77.40301,37.418],[-77.40364,37.41788],[-77.40425,37.41841],[-77.40602,37.41962],[-77.40659,37.41982],[-77.40678,37.42007],[-77.40645,37.42077],[-77.40687,37.42169],[-77.40676,37.42242],[-77.40608,37.4228],[-77.4062,37.42306],[-77.4069,37.42306],[-77.40768,37.42283],[-77.40916,37.42259],[-77.41012,37.42228],[-77.41177,37.4219],[-77.41208,37.42175],[-77.41294,37.42162],[-77.41383,37.42169],[-77.41444,37.42161],[-77.41377,37.42101],[-77.41346,37.4199],[-77.41412,37.41973],[-77.41447,37.42043],[-77.41479,37.42085],[-77.41542,37.42122],[-77.41546,37.42147],[-77.41797,37.4214],[-77.41869,37.42128],[-77.41915,37.4215],[-77.41991,37.42153],[-77.42065,37.42182],[-77.42128,37.42232],[-77.42223,37.42273],[-77.4232,37.42332],[-77.42365,37.4235],[-77.4251,37.42437],[-77.42625,37.42542],[-77.42687,37.42615],[-77.4273,37.42688],[-77.42779,37.428],[-77.42798,37.42871],[-77.42825,37.42895],[-77.42816,37.42923],[-77.42845,37.42998],[-77.42899,37.43066],[-77.42865,37.4306],[-77.42899,37.43216],[-77.42896,37.43324],[-77.42863,37.43393],[-77.42861,37.43459],[-77.42768,37.43657]]]}},{"type":"Feature","properties":{"geoid":"51087201701","jurisdiction":"Henrico","suppressed":false,"rate_bin":4,"rate_bin_label":"2.25% \u2013 3.25%","hot_core":false,"cold_core":false,"zone":2,"zone_label":"Southern suburban belt","race_bin":2,"race_bin_label":"20% \u2013 40%","pov_bin":1,"pov_bin_label":"Under 10%"},"geometry":{"type":"Polygon","coordinates":[[[-77.32663,37.53008],[-77.32134,37.53003],[-77.31872,37.52992],[-77.31596,37.52973],[-77.31193,37.5294],[-77.30973,37.52922],[-77.30802,37.52902],[-77.30588,37.5287],[-77.29801,37.5274],[-77.29034,37.52614],[-77.28827,37.52573],[-77.28347,37.52452],[-77.28286,37.52432],[-77.28082,37.52379],[-77.2818,37.52164],[-77.28217,37.52099],[-77.28336,37.52078],[-77.28705,37.5198],[-77.28875,37.51959],[-77.28884,37.51885],[-77.28913,37.51817],[-77.28974,37.51729],[-77.29116,37.51786],[-77.2928,37.51839],[-77.29519,37.51894],[-77.2973,37.5193],[-77.29764,37.51931],[-77.3,37.51978],[-77.30027,37.51882],[-77.30072,37.51685],[-77.30172,37.51155],[-77.30251,37.51183],[-77.30409,37.5122],[-77.30425,37.51151],[-77.30678,37.51197],[-77.30977,37.51248],[-77.3102,37.513],[-77.31028,37.51356],[-77.31077,37.51353],[-77.31133,37.51368],[-77.31319,37.51389],[-77.31384,37.51584],[-77.31465,37.51801],[-77.31452,37.51889],[-77.31869,37.51967],[-77.32039,37.52003],[-77.32091,37.52059],[-77.32128,37.52119],[-77.3218,37.52295],[-77.32566,37.52223],[-77.32698,37.52184],[-77.32824,37.52132],[-77.32844,37.52266],[-77.32839,37.52333],[-77.32663,37.53008]]]}},{"type":"Feature","properties":{"geoid":"51087980100","jurisdiction":"Henrico","suppressed":true,"rate_bin":null,"rate_bin_label":"Fewer than 5 flagged parcels \u2014 rate not shown","hot_core":false,"cold_core":false,"zone":null,"zone_label":null,"race_bin":null,"race_bin_label":"No data","pov_bin":null,"pov_bin_label":"No data"},"geometry":{"type":"Polygon","coordinates":[[[-77.34181,37.49984],[-77.34091,37.50226],[-77.34062,37.50356],[-77.34059,37.50523],[-77.34063,37.50934],[-77.34063,37.51294],[-77.34066,37.51803],[-77.33874,37.51822],[-77.33663,37.51871],[-77.3354,37.51904],[-77.33152,37.52004],[-77.32824,37.52132],[-77.32698,37.52184],[-77.32566,37.52223],[-77.3218,37.52295],[-77.32128,37.52119],[-77.32091,37.52059],[-77.32039,37.52003],[-77.31869,37.51967],[-77.31452,37.51889],[-77.31465,37.51801],[-77.31384,37.51584],[-77.31319,37.51389],[-77.31133,37.51368],[-77.31077,37.51353],[-77.31028,37.51356],[-77.3102,37.513],[-77.30977,37.51248],[-77.30678,37.51197],[-77.30425,37.51151],[-77.30439,37.51072],[-77.30624,37.50145],[-77.3063,37.5009],[-77.30618,37.50017],[-77.30591,37.49958],[-77.30339,37.49638],[-77.30228,37.49483],[-77.29987,37.49194],[-77.29968,37.49115],[-77.3001,37.48927],[-77.32774,37.49433],[-77.33519,37.49569],[-77.33834,37.49775],[-77.34018,37.49878],[-77.34147,37.4997],[-77.34181,37.49984]]]}},{"type":"Feature","properties":{"geoid":"51570830100","jurisdiction":"Colonial Heights","suppressed":false,"rate_bin":5,"rate_bin_label":"Over 3.25%","hot_core":false,"cold_core":false,"zone":4,"zone_label":"Petersburg\u2013Colonial Heights corridor","race_bin":1,"race_bin_label":"Under 20%","pov_bin":1,"pov_bin_label":"Under 10%"},"geometry":{"type":"Polygon","coordinates":[[[-77.38938,37.28737],[-77.38915,37.28736],[-77.38892,37.28735],[-77.38658,37.28672],[-77.386,37.28661],[-77.38359,37.28525],[-77.38249,37.28512],[-77.3817,37.28474],[-77.37911,37.28406],[-77.37829,37.28451],[-77.37754,37.28586],[-77.37696,37.28747],[-77.37649,37.2897],[-77.37552,37.29127],[-77.37504,37.2927],[-77.3736,37.29575],[-77.3728,37.29695],[-77.3682,37.29855],[-77.36811,37.29778],[-77.36816,37.29675],[-77.36839,37.2955],[-77.36803,37.29464],[-77.36566,37.2926],[-77.36509,37.29201],[-77.36442,37.29073],[-77.36436,37.29034],[-77.3651,37.28939],[-77.36528,37.2884],[-77.36498,37.28733],[-77.36389,37.28651],[-77.36334,37.2857],[-77.36252,37.28502],[-77.36256,37.28455],[-77.36228,37.28409],[-77.36237,37.28386],[-77.36213,37.28358],[-77.36232,37.28216],[-77.36332,37.28094],[-77.36397,37.28032],[-77.36428,37.28029],[-77.36647,37.27884],[-77.36696,37.27842],[-77.36804,37.27811],[-77.36866,37.27806],[-77.36959,37.27752],[-77.37238,37.27642],[-77.37294,37.27634],[-77.37324,37.27615],[-77.37348,37.27568],[-77.37375,37.27552],[-77.37456,37.27534],[-77.37548,37.27456],[-77.37579,37.2739],[-77.37649,37.27291],[-77.37729,37.27157],[-77.37808,37.27046],[-77.3778,37.27057],[-77.37749,37.27101],[-77.3776,37.27036],[-77.37795,37.26949],[-77.37886,37.26819],[-77.37919,37.26758],[-77.37942,37.26628],[-77.37939,37.26506],[-77.37946,37.26449],[-77.37935,37.26321],[-77.37933,37.2622],[-77.37917,37.26109],[-77.37927,37.25997],[-77.37951,37.2593],[-77.3796,37.25858],[-77.3796,37.25767],[-77.37945,37.25717],[-77.37944,37.25562],[-77.37959,37.25341],[-77.37973,37.25266],[-77.37963,37.25032],[-77.37951,37.25],[-77.37948,37.24848],[-77.37982,37.24687],[-77.38029,37.24554],[-77.38091,37.24462],[-77.38161,37.24378],[-77.38252,37.24284],[-77.38369,37.24199],[-77.38495,37.24133],[-77.3857,37.24116],[-77.39136,37.24095],[-77.39206,37.24085],[-77.39386,37.23989],[-77.39421,37.23952],[-77.39544,37.23938],[-77.39538,37.24037],[-77.39519,37.24136],[-77.39501,37.24187],[-77.39402,37.24367],[-77.39351,37.2448],[-77.39322,37.24605],[-77.39318,37.24731],[-77.3935,37.24885],[-77.39406,37.25008],[-77.39458,37.25088],[-77.39729,37.25457],[-77.39828,37.256],[-77.39879,37.25701],[-77.39909,37.25784],[-77.39924,37.25863],[-77.39929,37.25952],[-77.39923,37.26042],[-77.39889,37.26176],[-77.39855,37.26251],[-77.39611,37.26685],[-77.3905,37.27678],[-77.38984,37.27809],[-77.38933,37.27943],[-77.38907,37.28035],[-77.38879,37.28195],[-77.38872,37.28313],[-77.38877,37.28441],[-77.38889,37.28537],[-77.38938,37.28737]]]}},{"type":"Feature","properties":{"geoid":"51570830200","jurisdiction":"Colonial Heights","suppressed":false,"rate_bin":5,"rate_bin_label":"Over 3.25%","hot_core":false,"cold_core":false,"zone":4,"zone_label":"Petersburg\u2013Colonial Heights corridor","race_bin":1,"race_bin_label":"Under 20%","pov_bin":2,"pov_bin_label":"10% \u2013 20%"},"geometry":{"type":"Polygon","coordinates":[[[-77.41232,37.28303],[-77.41185,37.28262],[-77.41159,37.28272],[-77.41087,37.28243],[-77.40971,37.28171],[-77.40877,37.28089],[-77.40803,37.27991],[-77.40762,37.27901],[-77.40757,37.27763],[-77.40709,37.27531],[-77.40667,37.27446],[-77.40597,37.27398],[-77.4056,37.27341],[-77.40477,37.27277],[-77.404,37.27241],[-77.40367,37.27191],[-77.403,37.27163],[-77.40159,37.27162],[-77.40076,37.27169],[-77.39965,37.2719],[-77.39876,37.27233],[-77.39838,37.27283],[-77.39822,37.27327],[-77.39831,37.27448],[-77.398,37.27518],[-77.39808,37.27551],[-77.39841,37.27572],[-77.3998,37.27621],[-77.40133,37.27638],[-77.40195,37.27666],[-77.40246,37.27716],[-77.40233,37.27754],[-77.4017,37.27792],[-77.4019,37.27883],[-77.40246,37.27905],[-77.40281,37.27938],[-77.40302,37.28009],[-77.40189,37.28203],[-77.40109,37.28284],[-77.40016,37.28326],[-77.39866,37.28369],[-77.39744,37.28391],[-77.39581,37.28378],[-77.39451,37.28307],[-77.3932,37.28272],[-77.39205,37.28262],[-77.39172,37.28269],[-77.39156,37.28321],[-77.39161,37.28361],[-77.39194,37.2844],[-77.39124,37.28544],[-77.39099,37.28655],[-77.39033,37.2872],[-77.38938,37.28737],[-77.38889,37.28537],[-77.38877,37.28441],[-77.38872,37.28313],[-77.38879,37.28195],[-77.38907,37.28035],[-77.38933,37.27943],[-77.38984,37.27809],[-77.3905,37.27678],[-77.39611,37.26685],[-77.39855,37.26251],[-77.39889,37.26176],[-77.39923,37.26042],[-77.39929,37.25952],[-77.39989,37.25972],[-77.4002,37.2601],[-77.40162,37.26051],[-77.40272,37.2609],[-77.40474,37.26191],[-77.40518,37.26182],[-77.40583,37.26217],[-77.4064,37.26225],[-77.40709,37.26332],[-77.40742,37.26339],[-77.40793,37.26405],[-77.40847,37.26414],[-77.40899,37.26454],[-77.41,37.26458],[-77.41111,37.26473],[-77.41167,37.26471],[-77.41184,37.26871],[-77.41187,37.27017],[-77.4121,37.27478],[-77.41221,37.27767],[-77.41226,37.28098],[-77.41232,37.28303]]]}},{"type":"Feature","properties":{"geoid":"51570830300","jurisdiction":"Colonial Heights","suppressed":false,"rate_bin":5,"rate_bin_label":"Over 3.25%","hot_core":false,"cold_core":false,"zone":4,"zone_label":"Petersburg\u2013Colonial Heights corridor","race_bin":1,"race_bin_label":"Under 20%","pov_bin":1,"pov_bin_label":"Under 10%"},"geometry":{"type":"Polygon","coordinates":[[[-77.43179,37.27591],[-77.4317,37.27634],[-77.4309,37.27625],[-77.42755,37.27547],[-77.42311,37.27446],[-77.4268,37.27844],[-77.42601,37.28055],[-77.4265,37.28305],[-77.4246,37.28365],[-77.41536,37.28226],[-77.41481,37.28255],[-77.41445,37.28224],[-77.41355,37.28294],[-77.413,37.28319],[-77.41232,37.28303],[-77.41226,37.28098],[-77.41221,37.27767],[-77.4121,37.27478],[-77.41187,37.27017],[-77.41184,37.26871],[-77.41167,37.26471],[-77.41212,37.26462],[-77.41271,37.26349],[-77.41357,37.26354],[-77.41404,37.26375],[-77.41405,37.264],[-77.41445,37.26415],[-77.41567,37.26432],[-77.41651,37.26457],[-77.41699,37.26466],[-77.41733,37.265],[-77.41826,37.26561],[-77.41854,37.2659],[-77.41889,37.26587],[-77.41912,37.26554],[-77.41994,37.26501],[-77.42023,37.26458],[-77.42064,37.26456],[-77.42105,37.26516],[-77.4213,37.26516],[-77.42154,37.26478],[-77.42121,37.2641],[-77.42133,37.26375],[-77.42203,37.26388],[-77.42258,37.26417],[-77.42296,37.2639],[-77.42269,37.26322],[-77.42189,37.263],[-77.42174,37.26266],[-77.42261,37.26242],[-77.42659,37.26892],[-77.42677,37.26914],[-77.42969,37.27232],[-77.4317,37.27454],[-77.43179,37.27591]]]}},{"type":"Feature","properties":{"geoid":"51570830400","jurisdiction":"Colonial Heights","suppressed":false,"rate_bin":5,"rate_bin_label":"Over 3.25%","hot_core":true,"cold_core":false,"zone":4,"zone_label":"Petersburg\u2013Colonial Heights corridor","race_bin":2,"race_bin_label":"20% \u2013 40%","pov_bin":1,"pov_bin_label":"Under 10%"},"geometry":{"type":"Polygon","coordinates":[[[-77.41559,37.26395],[-77.41651,37.26457],[-77.41567,37.26432],[-77.41445,37.26415],[-77.41405,37.264],[-77.41404,37.26375],[-77.41357,37.26354],[-77.41271,37.26349],[-77.41212,37.26462],[-77.41167,37.26471],[-77.41153,37.26229],[-77.41142,37.25992],[-77.41121,37.25609],[-77.41078,37.24924],[-77.41065,37.24816],[-77.4098,37.24429],[-77.40959,37.24358],[-77.40936,37.24332],[-77.4059,37.24071],[-77.40541,37.24006],[-77.40419,37.23678],[-77.40503,37.2361],[-77.40577,37.23579],[-77.40641,37.23564],[-77.40716,37.23503],[-77.40802,37.23455],[-77.40918,37.23427],[-77.40988,37.23372],[-77.41082,37.23378],[-77.41312,37.23426],[-77.41356,37.23395],[-77.41542,37.2338],[-77.416,37.23336],[-77.4165,37.23321],[-77.41609,37.23573],[-77.41541,37.24015],[-77.4155,37.24134],[-77.4165,37.24335],[-77.41701,37.24475],[-77.4173,37.24595],[-77.4177,37.24715],[-77.41701,37.25025],[-77.41671,37.25095],[-77.41631,37.25254],[-77.41611,37.25364],[-77.41532,37.25648],[-77.41441,37.26095],[-77.4148,37.26275],[-77.41531,37.26375],[-77.41559,37.26395]]]}},{"type":"Feature","properties":{"geoid":"51570830500","jurisdiction":"Colonial Heights","suppressed":false,"rate_bin":5,"rate_bin_label":"Over 3.25%","hot_core":true,"cold_core":false,"zone":4,"zone_label":"Petersburg\u2013Colonial Heights corridor","race_bin":2,"race_bin_label":"20% \u2013 40%","pov_bin":1,"pov_bin_label":"Under 10%"},"geometry":{"type":"Polygon","coordinates":[[[-77.41167,37.26471],[-77.41111,37.26473],[-77.41,37.26458],[-77.40899,37.26454],[-77.40847,37.26414],[-77.40793,37.26405],[-77.40742,37.26339],[-77.40709,37.26332],[-77.4064,37.26225],[-77.40583,37.26217],[-77.40518,37.26182],[-77.40474,37.26191],[-77.40272,37.2609],[-77.40162,37.26051],[-77.4002,37.2601],[-77.39989,37.25972],[-77.39929,37.25952],[-77.39924,37.25863],[-77.39909,37.25784],[-77.39879,37.25701],[-77.39828,37.256],[-77.39729,37.25457],[-77.39458,37.25088],[-77.39406,37.25008],[-77.3935,37.24885],[-77.39318,37.24731],[-77.39322,37.24605],[-77.39351,37.2448],[-77.39402,37.24367],[-77.39501,37.24187],[-77.39519,37.24136],[-77.39538,37.24037],[-77.39544,37.23938],[-77.39601,37.23938],[-77.39862,37.23971],[-77.39942,37.24023],[-77.40055,37.24015],[-77.4021,37.23952],[-77.40324,37.23833],[-77.40333,37.23772],[-77.40367,37.23735],[-77.40419,37.23678],[-77.40541,37.24006],[-77.4059,37.24071],[-77.40936,37.24332],[-77.40959,37.24358],[-77.4098,37.24429],[-77.41065,37.24816],[-77.41078,37.24924],[-77.41121,37.25609],[-77.41142,37.25992],[-77.41153,37.26229],[-77.41167,37.26471]]]}},{"type":"Feature","properties":{"geoid":"51670820100","jurisdiction":"Hopewell","suppressed":false,"rate_bin":5,"rate_bin_label":"Over 3.25%","hot_core":false,"cold_core":false,"zone":8,"zone_label":"Hopewell: vacant homes & bare lots","race_bin":2,"race_bin_label":"20% \u2013 40%","pov_bin":4,"pov_bin_label":"30% \u2013 40%"},"geometry":{"type":"Polygon","coordinates":[[[-77.28402,37.31301],[-77.2816,37.30994],[-77.28083,37.31086],[-77.27995,37.31144],[-77.27907,37.31223],[-77.27864,37.31284],[-77.27793,37.31435],[-77.27784,37.31497],[-77.27793,37.31563],[-77.27834,37.31667],[-77.27811,37.31739],[-77.27775,37.3176],[-77.27701,37.31766],[-77.27599,37.31728],[-77.27484,37.31706],[-77.27394,37.31676],[-77.27335,37.31647],[-77.27259,37.31561],[-77.27191,37.31462],[-77.27133,37.31407],[-77.27094,37.31284],[-77.27068,37.31284],[-77.26968,37.31213],[-77.27005,37.31198],[-77.27047,37.31057],[-77.27049,37.3096],[-77.27017,37.3094],[-77.27057,37.3088],[-77.27159,37.30785],[-77.27384,37.30655],[-77.27474,37.30629],[-77.27568,37.30637],[-77.27608,37.30586],[-77.27833,37.305],[-77.28156,37.30328],[-77.28172,37.30346],[-77.28218,37.30361],[-77.28282,37.30341],[-77.28301,37.30349],[-77.2859,37.30694],[-77.28607,37.30749],[-77.28584,37.30768],[-77.28621,37.30797],[-77.28767,37.30845],[-77.29316,37.31275],[-77.29208,37.31294],[-77.29106,37.31325],[-77.28984,37.31388],[-77.28941,37.31468],[-77.28876,37.31492],[-77.28802,37.3154],[-77.28765,37.31575],[-77.28728,37.31685],[-77.28402,37.31301]]]}},{"type":"Feature","properties":{"geoid":"51670820300","jurisdiction":"Hopewell","suppressed":false,"rate_bin":5,"rate_bin_label":"Over 3.25%","hot_core":true,"cold_core":false,"zone":8,"zone_label":"Hopewell: vacant homes & bare lots","race_bin":3,"race_bin_label":"40% \u2013 60%","pov_bin":3,"pov_bin_label":"20% \u2013 30%"},"geometry":{"type":"Polygon","coordinates":[[[-77.29695,37.31016],[-77.29623,37.30958],[-77.29566,37.30946],[-77.29525,37.30958],[-77.29552,37.31001],[-77.29623,37.31022],[-77.29646,37.31135],[-77.29617,37.31141],[-77.2965,37.31266],[-77.29617,37.31262],[-77.29389,37.31267],[-77.29316,37.31275],[-77.28767,37.30845],[-77.28621,37.30797],[-77.28584,37.30768],[-77.28607,37.30749],[-77.2859,37.30694],[-77.28301,37.30349],[-77.28282,37.30341],[-77.28218,37.30361],[-77.28172,37.30346],[-77.28207,37.3027],[-77.28213,37.30189],[-77.2809,37.30122],[-77.27988,37.30038],[-77.27907,37.29844],[-77.2783,37.2978],[-77.27923,37.29567],[-77.27964,37.29509],[-77.28034,37.2945],[-77.28124,37.29406],[-77.28243,37.2938],[-77.28553,37.29359],[-77.28792,37.29344],[-77.2892,37.29312],[-77.28994,37.29268],[-77.29213,37.29112],[-77.29536,37.29402],[-77.29583,37.29427],[-77.29797,37.29234],[-77.29784,37.29476],[-77.29845,37.29649],[-77.30071,37.30268],[-77.30154,37.30346],[-77.30115,37.30402],[-77.30118,37.30455],[-77.30159,37.30508],[-77.30194,37.30525],[-77.30161,37.30589],[-77.3006,37.30952],[-77.30009,37.30982],[-77.29926,37.30977],[-77.29695,37.31016]]]}},{"type":"Feature","properties":{"geoid":"51670820400","jurisdiction":"Hopewell","suppressed":false,"rate_bin":4,"rate_bin_label":"2.25% \u2013 3.25%","hot_core":false,"cold_core":false,"zone":2,"zone_label":"Southern suburban belt","race_bin":2,"race_bin_label":"20% \u2013 40%","pov_bin":2,"pov_bin_label":"10% \u2013 20%"},"geometry":{"type":"Polygon","coordinates":[[[-77.33567,37.31304],[-77.33501,37.31456],[-77.33471,37.3144],[-77.33311,37.31314],[-77.33194,37.31232],[-77.33011,37.31135],[-77.32853,37.31084],[-77.32652,37.30999],[-77.32436,37.30877],[-77.32365,37.30851],[-77.32309,37.30844],[-77.32195,37.30855],[-77.32081,37.30842],[-77.31908,37.30833],[-77.31771,37.30841],[-77.31671,37.30856],[-77.31462,37.30904],[-77.31309,37.30964],[-77.31075,37.31039],[-77.3094,37.31074],[-77.30738,37.31119],[-77.30471,37.31173],[-77.30224,37.31212],[-77.30054,37.31235],[-77.29761,37.31254],[-77.29708,37.31047],[-77.29695,37.31016],[-77.29926,37.30977],[-77.30009,37.30982],[-77.3006,37.30952],[-77.30161,37.30589],[-77.30194,37.30525],[-77.30159,37.30508],[-77.30118,37.30455],[-77.30115,37.30402],[-77.30154,37.30346],[-77.30071,37.30268],[-77.30222,37.30237],[-77.3028,37.3024],[-77.30509,37.30279],[-77.30613,37.30282],[-77.31295,37.30186],[-77.31287,37.29891],[-77.31269,37.29471],[-77.31282,37.29134],[-77.31358,37.28814],[-77.31388,37.28755],[-77.31467,37.28727],[-77.31629,37.28732],[-77.31676,37.28726],[-77.31704,37.28699],[-77.31777,37.28551],[-77.31815,37.28489],[-77.3191,37.28357],[-77.31943,37.28293],[-77.3197,37.28185],[-77.31972,37.27972],[-77.31964,37.27806],[-77.31955,37.27746],[-77.31883,37.27528],[-77.31858,37.27484],[-77.31768,37.2741],[-77.31837,37.27343],[-77.32438,37.26782],[-77.32705,37.26946],[-77.32668,37.26987],[-77.3272,37.27041],[-77.32797,37.27137],[-77.32832,37.27195],[-77.32812,37.27252],[-77.32801,37.2735],[-77.32759,37.27464],[-77.32785,37.27511],[-77.32797,37.27589],[-77.328,37.27684],[-77.3278,37.27732],[-77.32691,37.27833],[-77.32666,37.27886],[-77.32627,37.2793],[-77.32527,37.2799],[-77.32498,37.28061],[-77.32559,37.28058],[-77.32973,37.28075],[-77.32983,37.2813],[-77.32987,37.28256],[-77.33013,37.28473],[-77.33009,37.28511],[-77.32967,37.2856],[-77.32914,37.28597],[-77.32881,37.28659],[-77.32843,37.28803],[-77.32846,37.28841],[-77.32901,37.2892],[-77.32912,37.29023],[-77.32856,37.29103],[-77.32843,37.29163],[-77.32815,37.29218],[-77.32726,37.29244],[-77.32682,37.29275],[-77.32669,37.29323],[-77.33043,37.29359],[-77.3296,37.29831],[-77.33105,37.29879],[-77.33182,37.29886],[-77.33356,37.2988],[-77.33618,37.30251],[-77.33644,37.30295],[-77.33687,37.30296],[-77.33728,37.30377],[-77.33769,37.30512],[-77.33777,37.30648],[-77.33764,37.30761],[-77.33735,37.30863],[-77.33567,37.31304]]]}},{"type":"Feature","properties":{"geoid":"51670820500","jurisdiction":"Hopewell","suppressed":false,"rate_bin":5,"rate_bin_label":"Over 3.25%","hot_core":false,"cold_core":false,"zone":2,"zone_label":"Southern suburban belt","race_bin":2,"race_bin_label":"20% \u2013 40%","pov_bin":2,"pov_bin_label":"10% \u2013 20%"},"geometry":{"type":"Polygon","coordinates":[[[-77.30071,37.30268],[-77.29845,37.29649],[-77.29784,37.29476],[-77.29797,37.29234],[-77.30023,37.29018],[-77.30462,37.28614],[-77.30777,37.28321],[-77.31004,37.28116],[-77.31589,37.27572],[-77.31768,37.2741],[-77.31858,37.27484],[-77.31883,37.27528],[-77.31955,37.27746],[-77.31964,37.27806],[-77.31972,37.27972],[-77.3197,37.28185],[-77.31943,37.28293],[-77.3191,37.28357],[-77.31815,37.28489],[-77.31777,37.28551],[-77.31704,37.28699],[-77.31676,37.28726],[-77.31629,37.28732],[-77.31467,37.28727],[-77.31388,37.28755],[-77.31358,37.28814],[-77.31282,37.29134],[-77.31269,37.29471],[-77.31287,37.29891],[-77.31295,37.30186],[-77.30613,37.30282],[-77.30509,37.30279],[-77.3028,37.3024],[-77.30222,37.30237],[-77.30071,37.30268]]]}},{"type":"Feature","properties":{"geoid":"51670820600","jurisdiction":"Hopewell","suppressed":false,"rate_bin":5,"rate_bin_label":"Over 3.25%","hot_core":false,"cold_core":false,"zone":8,"zone_label":"Hopewell: vacant homes & bare lots","race_bin":3,"race_bin_label":"40% \u2013 60%","pov_bin":2,"pov_bin_label":"10% \u2013 20%"},"geometry":{"type":"Polygon","coordinates":[[[-77.32438,37.26782],[-77.31837,37.27343],[-77.31768,37.2741],[-77.31589,37.27572],[-77.31004,37.28116],[-77.30777,37.28321],[-77.30462,37.28614],[-77.30023,37.29018],[-77.29797,37.29234],[-77.29583,37.29427],[-77.29536,37.29402],[-77.29213,37.29112],[-77.29503,37.28904],[-77.29779,37.2865],[-77.29937,37.28458],[-77.2985,37.28379],[-77.29614,37.28133],[-77.295,37.28017],[-77.29318,37.27802],[-77.29198,37.27669],[-77.29027,37.27527],[-77.28953,37.27444],[-77.289,37.27369],[-77.29099,37.27322],[-77.29388,37.27271],[-77.29428,37.27231],[-77.29465,37.2717],[-77.29624,37.27132],[-77.29688,37.27125],[-77.29764,37.27074],[-77.29855,37.27055],[-77.29912,37.26993],[-77.29977,37.26952],[-77.30021,37.26913],[-77.30064,37.26828],[-77.30134,37.26784],[-77.30166,37.2674],[-77.30208,37.26719],[-77.30207,37.26652],[-77.30253,37.26577],[-77.30264,37.26495],[-77.303,37.26428],[-77.30367,37.26386],[-77.30466,37.26351],[-77.30485,37.26242],[-77.30527,37.26204],[-77.30597,37.26188],[-77.30705,37.26207],[-77.3073,37.26197],[-77.30741,37.26155],[-77.30851,37.26126],[-77.3089,37.26098],[-77.30938,37.26118],[-77.30985,37.26161],[-77.31005,37.2621],[-77.31025,37.26332],[-77.3104,37.26471],[-77.31068,37.26623],[-77.31839,37.26441],[-77.31842,37.26541],[-77.32237,37.2654],[-77.32322,37.26416],[-77.32336,37.26373],[-77.32391,37.26262],[-77.32463,37.2616],[-77.32532,37.26093],[-77.32677,37.25988],[-77.32795,37.25911],[-77.32929,37.25838],[-77.33061,37.25787],[-77.33095,37.25764],[-77.33057,37.26204],[-77.32673,37.26561],[-77.32507,37.26724],[-77.32438,37.26782]]]}},{"type":"Feature","properties":{"geoid":"51670820700","jurisdiction":"Hopewell","suppressed":false,"rate_bin":5,"rate_bin_label":"Over 3.25%","hot_core":false,"cold_core":false,"zone":8,"zone_label":"Hopewell: vacant homes & bare lots","race_bin":4,"race_bin_label":"60% \u2013 80%","pov_bin":5,"pov_bin_label":"Over 40%"},"geometry":{"type":"Polygon","coordinates":[[[-77.29213,37.29112],[-77.28994,37.29268],[-77.2892,37.29312],[-77.28792,37.29344],[-77.28553,37.29359],[-77.28545,37.29277],[-77.2853,37.29226],[-77.28436,37.29096],[-77.28557,37.28995],[-77.28642,37.28948],[-77.28696,37.28931],[-77.28871,37.28908],[-77.28907,37.28845],[-77.28935,37.28748],[-77.28826,37.28741],[-77.28727,37.28709],[-77.28668,37.28658],[-77.28573,37.28644],[-77.28524,37.28604],[-77.28516,37.28527],[-77.28488,37.28493],[-77.28517,37.28408],[-77.28472,37.28357],[-77.28418,37.28255],[-77.2842,37.28208],[-77.28367,37.28143],[-77.28298,37.28074],[-77.28258,37.28058],[-77.28232,37.28076],[-77.28143,37.28012],[-77.28096,37.27999],[-77.28041,37.28007],[-77.27976,37.28032],[-77.27916,37.28071],[-77.27876,37.28061],[-77.27857,37.28033],[-77.27871,37.27924],[-77.27839,37.27872],[-77.27848,37.27808],[-77.27905,37.27784],[-77.27969,37.278],[-77.27999,37.27778],[-77.27984,37.27757],[-77.28018,37.2773],[-77.28054,37.27742],[-77.28133,37.27721],[-77.28164,37.2769],[-77.28215,37.27719],[-77.28243,37.27678],[-77.28213,37.27635],[-77.28219,37.27595],[-77.28275,37.27527],[-77.28422,37.27443],[-77.28545,37.27414],[-77.28687,37.2741],[-77.28913,37.27416],[-77.289,37.27369],[-77.28953,37.27444],[-77.29027,37.27527],[-77.29198,37.27669],[-77.29318,37.27802],[-77.295,37.28017],[-77.29614,37.28133],[-77.2985,37.28379],[-77.29937,37.28458],[-77.29779,37.2865],[-77.29503,37.28904],[-77.29213,37.29112]]]}},{"type":"Feature","properties":{"geoid":"51670980100","jurisdiction":"Hopewell","suppressed":true,"rate_bin":null,"rate_bin_label":"Fewer than 5 flagged parcels \u2014 rate not shown","hot_core":false,"cold_core":false,"zone":8,"zone_label":"Hopewell: vacant homes & bare lots","race_bin":null,"race_bin_label":"No data","pov_bin":null,"pov_bin_label":"No data"},"geometry":{"type":"Polygon","coordinates":[[[-77.28553,37.29359],[-77.28243,37.2938],[-77.28124,37.29406],[-77.28034,37.2945],[-77.27964,37.29509],[-77.27923,37.29567],[-77.2783,37.2978],[-77.27907,37.29844],[-77.27988,37.30038],[-77.2809,37.30122],[-77.28213,37.30189],[-77.28207,37.3027],[-77.28172,37.30346],[-77.28156,37.30328],[-77.27833,37.305],[-77.27608,37.30586],[-77.27568,37.30637],[-77.27474,37.30629],[-77.27384,37.30655],[-77.27159,37.30785],[-77.27057,37.3088],[-77.27017,37.3094],[-77.2694,37.30916],[-77.2687,37.30882],[-77.26827,37.3085],[-77.26796,37.30773],[-77.26719,37.30737],[-77.26533,37.30792],[-77.26524,37.30773],[-77.26728,37.30712],[-77.26726,37.30698],[-77.26636,37.30582],[-77.26611,37.30573],[-77.26597,37.30526],[-77.26489,37.30398],[-77.26393,37.30355],[-77.26331,37.30316],[-77.26275,37.30313],[-77.26225,37.30291],[-77.26145,37.30288],[-77.26077,37.30238],[-77.26043,37.30187],[-77.25801,37.29972],[-77.2573,37.29916],[-77.25589,37.29789],[-77.25587,37.29744],[-77.25548,37.2974],[-77.25359,37.29669],[-77.25312,37.29631],[-77.25247,37.29519],[-77.25231,37.29403],[-77.25245,37.29351],[-77.25275,37.29303],[-77.25413,37.29237],[-77.25453,37.29208],[-77.25501,37.29126],[-77.25505,37.29097],[-77.25559,37.29038],[-77.25612,37.28996],[-77.25842,37.28874],[-77.25952,37.28823],[-77.26068,37.28791],[-77.26096,37.28765],[-77.26103,37.28711],[-77.26073,37.28648],[-77.26068,37.28595],[-77.26094,37.2852],[-77.26109,37.28446],[-77.26016,37.28339],[-77.26056,37.28279],[-77.26138,37.28261],[-77.26226,37.28225],[-77.26274,37.28218],[-77.26329,37.28238],[-77.26481,37.28322],[-77.26542,37.28336],[-77.26611,37.28337],[-77.26718,37.28352],[-77.26852,37.28286],[-77.26976,37.28282],[-77.27032,37.28239],[-77.27148,37.28121],[-77.27176,37.28081],[-77.27191,37.27982],[-77.27178,37.27897],[-77.27291,37.2784],[-77.27361,37.27831],[-77.27394,37.27859],[-77.27425,37.27917],[-77.27445,37.27927],[-77.27571,37.28077],[-77.27615,37.28087],[-77.27656,37.28077],[-77.2773,37.28028],[-77.27757,37.28022],[-77.2783,37.28046],[-77.27857,37.28033],[-77.27876,37.28061],[-77.27916,37.28071],[-77.27976,37.28032],[-77.28041,37.28007],[-77.28096,37.27999],[-77.28143,37.28012],[-77.28232,37.28076],[-77.28258,37.28058],[-77.28298,37.28074],[-77.28367,37.28143],[-77.2842,37.28208],[-77.28418,37.28255],[-77.28472,37.28357],[-77.28517,37.28408],[-77.28488,37.28493],[-77.28516,37.28527],[-77.28524,37.28604],[-77.28573,37.28644],[-77.28668,37.28658],[-77.28727,37.28709],[-77.28826,37.28741],[-77.28935,37.28748],[-77.28907,37.28845],[-77.28871,37.28908],[-77.28696,37.28931],[-77.28642,37.28948],[-77.28557,37.28995],[-77.28436,37.29096],[-77.2853,37.29226],[-77.28545,37.29277],[-77.28553,37.29359]]]}},{"type":"Feature","properties":{"geoid":"51730810100","jurisdiction":"Petersburg","suppressed":false,"rate_bin":5,"rate_bin_label":"Over 3.25%","hot_core":false,"cold_core":false,"zone":9,"zone_label":"Petersburg core","race_bin":5,"race_bin_label":"Over 80%","pov_bin":5,"pov_bin_label":"Over 40%"},"geometry":{"type":"Polygon","coordinates":[[[-77.39535,37.23809],[-77.38996,37.23967],[-77.38959,37.23867],[-77.38978,37.23847],[-77.38961,37.23805],[-77.38921,37.23812],[-77.38707,37.23813],[-77.38577,37.23819],[-77.38386,37.23891],[-77.3829,37.23958],[-77.38129,37.24057],[-77.37841,37.24285],[-77.37702,37.24426],[-77.37678,37.24485],[-77.37608,37.24496],[-77.37564,37.24474],[-77.37528,37.24498],[-77.37445,37.24487],[-77.3736,37.24446],[-77.37344,37.24486],[-77.37315,37.24461],[-77.37227,37.24434],[-77.37129,37.24358],[-77.36977,37.2435],[-77.36927,37.2431],[-77.36885,37.2426],[-77.36791,37.24251],[-77.3675,37.24207],[-77.36681,37.24191],[-77.36665,37.24212],[-77.36592,37.24159],[-77.36569,37.24117],[-77.36489,37.24052],[-77.36441,37.24044],[-77.36422,37.24059],[-77.36375,37.24043],[-77.36298,37.23976],[-77.36219,37.23943],[-77.36201,37.23915],[-77.36168,37.23912],[-77.36155,37.23877],[-77.36085,37.23833],[-77.36081,37.23797],[-77.36144,37.23686],[-77.36234,37.23676],[-77.35827,37.23192],[-77.35992,37.23192],[-77.36101,37.232],[-77.3622,37.23222],[-77.36404,37.23274],[-77.36517,37.23289],[-77.3688,37.23253],[-77.37031,37.23212],[-77.37062,37.23188],[-77.37078,37.2315],[-77.37033,37.23052],[-77.36991,37.22983],[-77.36942,37.22937],[-77.36885,37.22835],[-77.36907,37.22717],[-77.36921,37.22683],[-77.37037,37.22515],[-77.3705,37.22434],[-77.36968,37.22295],[-77.36954,37.22254],[-77.36942,37.21783],[-77.36951,37.21731],[-77.36976,37.21709],[-77.37019,37.21703],[-77.37205,37.21707],[-77.37284,37.21692],[-77.37212,37.21551],[-77.374,37.21517],[-77.37458,37.2149],[-77.37556,37.21428],[-77.37709,37.21316],[-77.38404,37.21613],[-77.38375,37.21723],[-77.38328,37.2186],[-77.38312,37.21953],[-77.3832,37.22105],[-77.38344,37.22174],[-77.38383,37.2222],[-77.38493,37.22319],[-77.38627,37.22419],[-77.3877,37.22517],[-77.38855,37.22595],[-77.38927,37.22688],[-77.39312,37.22503],[-77.39388,37.22586],[-77.39447,37.22661],[-77.39524,37.22807],[-77.39562,37.22931],[-77.39573,37.23034],[-77.39573,37.23111],[-77.39535,37.23809]]]}},{"type":"Feature","properties":{"geoid":"51730810300","jurisdiction":"Petersburg","suppressed":false,"rate_bin":5,"rate_bin_label":"Over 3.25%","hot_core":true,"cold_core":false,"zone":4,"zone_label":"Petersburg\u2013Colonial Heights corridor","race_bin":4,"race_bin_label":"60% \u2013 80%","pov_bin":4,"pov_bin_label":"30% \u2013 40%"},"geometry":{"type":"Polygon","coordinates":[[[-77.44741,37.22307],[-77.44567,37.22316],[-77.44416,37.22344],[-77.44283,37.22348],[-77.44206,37.22342],[-77.44056,37.22356],[-77.43974,37.2238],[-77.43841,37.22432],[-77.4367,37.22466],[-77.43486,37.22491],[-77.43336,37.22503],[-77.43296,37.22525],[-77.43265,37.22587],[-77.43201,37.22659],[-77.43128,37.2271],[-77.43017,37.22754],[-77.43058,37.22795],[-77.42911,37.22862],[-77.4291,37.22933],[-77.42832,37.22965],[-77.42779,37.22947],[-77.42653,37.2295],[-77.42467,37.23012],[-77.42379,37.23051],[-77.42355,37.23079],[-77.42251,37.23115],[-77.42155,37.23111],[-77.42124,37.23124],[-77.42102,37.23182],[-77.42053,37.23204],[-77.42022,37.23201],[-77.41928,37.23249],[-77.4192,37.2323],[-77.41848,37.23215],[-77.41837,37.23235],[-77.41729,37.23268],[-77.4165,37.23321],[-77.416,37.23336],[-77.41542,37.2338],[-77.41356,37.23395],[-77.41312,37.23426],[-77.41082,37.23378],[-77.40988,37.23372],[-77.40918,37.23427],[-77.40802,37.23455],[-77.40716,37.23503],[-77.40641,37.23564],[-77.40577,37.23579],[-77.40503,37.2361],[-77.40419,37.23678],[-77.40332,37.23458],[-77.40316,37.23396],[-77.40496,37.23382],[-77.40612,37.23362],[-77.40722,37.23333],[-77.40717,37.23203],[-77.40731,37.23112],[-77.40714,37.22874],[-77.40623,37.2255],[-77.40742,37.22533],[-77.40902,37.22517],[-77.40981,37.22503],[-77.41198,37.22445],[-77.41358,37.22423],[-77.41508,37.22417],[-77.41617,37.22617],[-77.41749,37.22838],[-77.41762,37.22843],[-77.41956,37.2277],[-77.41914,37.22698],[-77.42364,37.2253],[-77.42779,37.22377],[-77.42847,37.22416],[-77.42946,37.22401],[-77.43129,37.22317],[-77.43103,37.22261],[-77.42868,37.21823],[-77.42844,37.21769],[-77.42861,37.2176],[-77.4282,37.2168],[-77.4301,37.2157],[-77.43021,37.21667],[-77.4332,37.21493],[-77.43236,37.21353],[-77.43346,37.2131],[-77.43279,37.21198],[-77.4339,37.21156],[-77.4351,37.21359],[-77.4363,37.21122],[-77.43659,37.21079],[-77.43787,37.20981],[-77.43823,37.20937],[-77.43834,37.20949],[-77.44018,37.21377],[-77.44079,37.21327],[-77.44096,37.21341],[-77.44172,37.21308],[-77.44281,37.21545],[-77.44306,37.21631],[-77.44387,37.21631],[-77.44735,37.21591],[-77.44741,37.22307]]]}},{"type":"Feature","properties":{"geoid":"51730810400","jurisdiction":"Petersburg","suppressed":false,"rate_bin":5,"rate_bin_label":"Over 3.25%","hot_core":true,"cold_core":false,"zone":9,"zone_label":"Petersburg core","race_bin":4,"race_bin_label":"60% \u2013 80%","pov_bin":2,"pov_bin_label":"10% \u2013 20%"},"geometry":{"type":"Polygon","coordinates":[[[-77.40623,37.2255],[-77.40577,37.22391],[-77.40566,37.22373],[-77.40594,37.22317],[-77.40612,37.22322],[-77.41056,37.22217],[-77.41119,37.22212],[-77.4119,37.22227],[-77.41263,37.2226],[-77.41349,37.22271],[-77.41414,37.22256],[-77.41369,37.22164],[-77.41874,37.21975],[-77.41925,37.22065],[-77.42149,37.21983],[-77.42531,37.21866],[-77.42809,37.21785],[-77.42844,37.21769],[-77.42868,37.21823],[-77.43103,37.22261],[-77.43129,37.22317],[-77.42946,37.22401],[-77.42847,37.22416],[-77.42779,37.22377],[-77.42364,37.2253],[-77.41914,37.22698],[-77.41956,37.2277],[-77.41762,37.22843],[-77.41749,37.22838],[-77.41617,37.22617],[-77.41508,37.22417],[-77.41358,37.22423],[-77.41198,37.22445],[-77.40981,37.22503],[-77.40902,37.22517],[-77.40742,37.22533],[-77.40623,37.2255]]]}},{"type":"Feature","properties":{"geoid":"51730810500","jurisdiction":"Petersburg","suppressed":false,"rate_bin":5,"rate_bin_label":"Over 3.25%","hot_core":true,"cold_core":false,"zone":4,"zone_label":"Petersburg\u2013Colonial Heights corridor","race_bin":4,"race_bin_label":"60% \u2013 80%","pov_bin":4,"pov_bin_label":"30% \u2013 40%"},"geometry":{"type":"Polygon","coordinates":[[[-77.44172,37.21308],[-77.44096,37.21341],[-77.44079,37.21327],[-77.44018,37.21377],[-77.43834,37.20949],[-77.43823,37.20937],[-77.43787,37.20981],[-77.43659,37.21079],[-77.4363,37.21122],[-77.4351,37.21359],[-77.4339,37.21156],[-77.43279,37.21198],[-77.43346,37.2131],[-77.43236,37.21353],[-77.4332,37.21493],[-77.43021,37.21667],[-77.4301,37.2157],[-77.4282,37.2168],[-77.42861,37.2176],[-77.42844,37.21769],[-77.42809,37.21785],[-77.42531,37.21866],[-77.42149,37.21983],[-77.41925,37.22065],[-77.41874,37.21975],[-77.41575,37.21436],[-77.41564,37.21353],[-77.41576,37.21319],[-77.41741,37.21029],[-77.41781,37.20947],[-77.41872,37.20929],[-77.4235,37.20822],[-77.42132,37.204],[-77.41839,37.20557],[-77.41611,37.207],[-77.41468,37.20858],[-77.41345,37.20988],[-77.41205,37.21095],[-77.41184,37.21055],[-77.41199,37.20963],[-77.41193,37.20919],[-77.41163,37.20832],[-77.41084,37.20639],[-77.4118,37.20562],[-77.41263,37.20478],[-77.41341,37.20376],[-77.41458,37.2019],[-77.41528,37.20099],[-77.41636,37.20009],[-77.41745,37.19952],[-77.41832,37.1992],[-77.41929,37.19899],[-77.42082,37.19889],[-77.42695,37.19934],[-77.42824,37.19955],[-77.4297,37.20006],[-77.4328,37.2014],[-77.43441,37.20187],[-77.43569,37.20198],[-77.43707,37.20189],[-77.43818,37.20162],[-77.44124,37.20037],[-77.44236,37.2],[-77.44301,37.19986],[-77.44542,37.19953],[-77.44572,37.20112],[-77.44586,37.20222],[-77.44582,37.20292],[-77.44534,37.20432],[-77.44476,37.20539],[-77.44323,37.20797],[-77.44181,37.21056],[-77.44154,37.21125],[-77.44147,37.21223],[-77.44172,37.21308]]]}},{"type":"Feature","properties":{"geoid":"51730810600","jurisdiction":"Petersburg","suppressed":false,"rate_bin":5,"rate_bin_label":"Over 3.25%","hot_core":true,"cold_core":false,"zone":9,"zone_label":"Petersburg core","race_bin":5,"race_bin_label":"Over 80%","pov_bin":5,"pov_bin_label":"Over 40%"},"geometry":{"type":"Polygon","coordinates":[[[-77.41874,37.21975],[-77.41369,37.22164],[-77.41414,37.22256],[-77.41349,37.22271],[-77.41263,37.2226],[-77.4119,37.22227],[-77.41119,37.22212],[-77.41056,37.22217],[-77.40612,37.22322],[-77.40594,37.22317],[-77.40702,37.2207],[-77.40748,37.2195],[-77.40802,37.21732],[-77.4095,37.21413],[-77.41009,37.21311],[-77.4113,37.21157],[-77.41205,37.21095],[-77.41345,37.20988],[-77.41468,37.20858],[-77.41611,37.207],[-77.41839,37.20557],[-77.42132,37.204],[-77.4235,37.20822],[-77.41872,37.20929],[-77.41781,37.20947],[-77.41741,37.21029],[-77.41576,37.21319],[-77.41564,37.21353],[-77.41575,37.21436],[-77.41874,37.21975]]]}},{"type":"Feature","properties":{"geoid":"51730810700","jurisdiction":"Petersburg","suppressed":false,"rate_bin":5,"rate_bin_label":"Over 3.25%","hot_core":true,"cold_core":false,"zone":9,"zone_label":"Petersburg core","race_bin":5,"race_bin_label":"Over 80%","pov_bin":3,"pov_bin_label":"20% \u2013 30%"},"geometry":{"type":"Polygon","coordinates":[[[-77.41205,37.21095],[-77.4113,37.21157],[-77.41009,37.21311],[-77.4095,37.21413],[-77.40802,37.21732],[-77.40748,37.2195],[-77.40702,37.2207],[-77.40594,37.22317],[-77.40566,37.22373],[-77.40435,37.22558],[-77.40433,37.22599],[-77.40282,37.22641],[-77.40227,37.225],[-77.39785,37.21333],[-77.4016,37.21083],[-77.4027,37.21014],[-77.4036,37.20969],[-77.40835,37.20775],[-77.40952,37.2072],[-77.41084,37.20639],[-77.41163,37.20832],[-77.41193,37.20919],[-77.41199,37.20963],[-77.41184,37.21055],[-77.41205,37.21095]]]}},{"type":"Feature","properties":{"geoid":"51730810900","jurisdiction":"Petersburg","suppressed":false,"rate_bin":5,"rate_bin_label":"Over 3.25%","hot_core":true,"cold_core":false,"zone":4,"zone_label":"Petersburg\u2013Colonial Heights corridor","race_bin":4,"race_bin_label":"60% \u2013 80%","pov_bin":1,"pov_bin_label":"Under 10%"},"geometry":{"type":"Polygon","coordinates":[[[-77.39785,37.21333],[-77.3913,37.21767],[-77.39061,37.21825],[-77.39005,37.219],[-77.38928,37.21843],[-77.38864,37.21809],[-77.38404,37.21613],[-77.37709,37.21316],[-77.37406,37.21184],[-77.37151,37.21041],[-77.37057,37.20977],[-77.36905,37.20858],[-77.36808,37.20769],[-77.36691,37.20647],[-77.36556,37.2047],[-77.36742,37.20396],[-77.37192,37.20211],[-77.37465,37.20097],[-77.37776,37.1997],[-77.37872,37.20102],[-77.37932,37.2017],[-77.38023,37.20262],[-77.38445,37.20338],[-77.38573,37.2038],[-77.38654,37.20438],[-77.38848,37.20631],[-77.38936,37.20678],[-77.39119,37.2072],[-77.39193,37.20754],[-77.39706,37.21168],[-77.39734,37.21207],[-77.39785,37.21333]]]}},{"type":"Feature","properties":{"geoid":"51730811000","jurisdiction":"Petersburg","suppressed":false,"rate_bin":5,"rate_bin_label":"Over 3.25%","hot_core":true,"cold_core":false,"zone":4,"zone_label":"Petersburg\u2013Colonial Heights corridor","race_bin":4,"race_bin_label":"60% \u2013 80%","pov_bin":2,"pov_bin_label":"10% \u2013 20%"},"geometry":{"type":"Polygon","coordinates":[[[-77.44542,37.19953],[-77.44301,37.19986],[-77.44236,37.2],[-77.44124,37.20037],[-77.43818,37.20162],[-77.43707,37.20189],[-77.43569,37.20198],[-77.43441,37.20187],[-77.4328,37.2014],[-77.4297,37.20006],[-77.42824,37.19955],[-77.42695,37.19934],[-77.42082,37.19889],[-77.41929,37.19899],[-77.41832,37.1992],[-77.41745,37.19952],[-77.41636,37.20009],[-77.41528,37.20099],[-77.41458,37.2019],[-77.41341,37.20376],[-77.41263,37.20478],[-77.4118,37.20562],[-77.41084,37.20639],[-77.40952,37.2072],[-77.40835,37.20775],[-77.4036,37.20969],[-77.4027,37.21014],[-77.4016,37.21083],[-77.39785,37.21333],[-77.39734,37.21207],[-77.39706,37.21168],[-77.39193,37.20754],[-77.39119,37.2072],[-77.38936,37.20678],[-77.38848,37.20631],[-77.38654,37.20438],[-77.38573,37.2038],[-77.38445,37.20338],[-77.38023,37.20262],[-77.37932,37.2017],[-77.37872,37.20102],[-77.37776,37.1997],[-77.38206,37.19787],[-77.38797,37.19551],[-77.38966,37.19474],[-77.39318,37.19331],[-77.39496,37.19255],[-77.39871,37.19105],[-77.4007,37.1902],[-77.40394,37.18887],[-77.40752,37.18736],[-77.40815,37.18716],[-77.41209,37.18551],[-77.41537,37.1846],[-77.41824,37.18428],[-77.42038,37.18428],[-77.4218,37.18435],[-77.42176,37.18347],[-77.42206,37.18238],[-77.42178,37.18088],[-77.42172,37.18021],[-77.42198,37.17947],[-77.42213,37.18027],[-77.42357,37.1806],[-77.42294,37.18118],[-77.42713,37.18454],[-77.42807,37.18502],[-77.43893,37.18716],[-77.44707,37.18882],[-77.44717,37.18861],[-77.44921,37.18904],[-77.45113,37.18833],[-77.45391,37.18768],[-77.45459,37.18747],[-77.45492,37.18762],[-77.45337,37.18886],[-77.45322,37.18888],[-77.44891,37.19236],[-77.44771,37.19345],[-77.44746,37.1935],[-77.44646,37.19426],[-77.4459,37.19514],[-77.44529,37.19649],[-77.44517,37.1972],[-77.44521,37.19795],[-77.44542,37.19953]]]}},{"type":"Feature","properties":{"geoid":"51730811100","jurisdiction":"Petersburg","suppressed":false,"rate_bin":5,"rate_bin_label":"Over 3.25%","hot_core":false,"cold_core":false,"zone":4,"zone_label":"Petersburg\u2013Colonial Heights corridor","race_bin":4,"race_bin_label":"60% \u2013 80%","pov_bin":1,"pov_bin_label":"Under 10%"},"geometry":{"type":"Polygon","coordinates":[[[-77.42198,37.17947],[-77.42172,37.18021],[-77.42178,37.18088],[-77.42206,37.18238],[-77.42176,37.18347],[-77.4218,37.18435],[-77.42038,37.18428],[-77.41824,37.18428],[-77.41537,37.1846],[-77.41209,37.18551],[-77.40815,37.18716],[-77.40752,37.18736],[-77.40394,37.18887],[-77.4007,37.1902],[-77.39871,37.19105],[-77.39496,37.19255],[-77.39318,37.19331],[-77.38966,37.19474],[-77.38797,37.19551],[-77.38206,37.19787],[-77.37776,37.1997],[-77.37735,37.19895],[-77.37611,37.19576],[-77.37551,37.19476],[-77.37423,37.19321],[-77.37267,37.19121],[-77.36997,37.18782],[-77.36955,37.18724],[-77.36258,37.17694],[-77.36127,37.17507],[-77.36083,37.17428],[-77.35993,37.17235],[-77.35979,37.1719],[-77.36072,37.17179],[-77.36238,37.17178],[-77.36237,37.17074],[-77.36342,37.17094],[-77.36342,37.17178],[-77.36539,37.17177],[-77.36554,37.17497],[-77.37014,37.17538],[-77.37194,37.17643],[-77.37689,37.17598],[-77.37645,37.1773],[-77.37644,37.17762],[-77.37602,37.17807],[-77.37611,37.17844],[-77.37664,37.17863],[-77.37713,37.17902],[-77.37715,37.17935],[-77.37684,37.17998],[-77.3767,37.18055],[-77.3815,37.17955],[-77.3814,37.17825],[-77.38501,37.17515],[-77.3921,37.17325],[-77.3961,37.17115],[-77.3992,37.17085],[-77.39927,37.17169],[-77.4049,37.17152],[-77.40594,37.17009],[-77.40658,37.16961],[-77.40714,37.16936],[-77.40869,37.16822],[-77.40981,37.16734],[-77.41074,37.16689],[-77.41147,37.16671],[-77.41519,37.16651],[-77.41547,37.16671],[-77.42347,37.1651],[-77.42379,37.17328],[-77.42094,37.17338],[-77.42118,37.17404],[-77.42151,37.17608],[-77.42207,37.17906],[-77.42198,37.17947]]]}},{"type":"Feature","properties":{"geoid":"51730811200","jurisdiction":"Petersburg","suppressed":false,"rate_bin":5,"rate_bin_label":"Over 3.25%","hot_core":true,"cold_core":false,"zone":4,"zone_label":"Petersburg\u2013Colonial Heights corridor","race_bin":4,"race_bin_label":"60% \u2013 80%","pov_bin":2,"pov_bin_label":"10% \u2013 20%"},"geometry":{"type":"Polygon","coordinates":[[[-77.37709,37.21316],[-77.37556,37.21428],[-77.37458,37.2149],[-77.374,37.21517],[-77.37212,37.21551],[-77.37284,37.21692],[-77.37205,37.21707],[-77.37019,37.21703],[-77.36976,37.21709],[-77.36951,37.21731],[-77.36942,37.21783],[-77.36954,37.22254],[-77.36968,37.22295],[-77.3705,37.22434],[-77.37037,37.22515],[-77.36921,37.22683],[-77.36907,37.22717],[-77.36885,37.22835],[-77.36942,37.22937],[-77.36991,37.22983],[-77.37033,37.23052],[-77.37078,37.2315],[-77.37062,37.23188],[-77.37031,37.23212],[-77.3688,37.23253],[-77.36517,37.23289],[-77.36404,37.23274],[-77.3622,37.23222],[-77.36101,37.232],[-77.35992,37.23192],[-77.35827,37.23192],[-77.35287,37.22551],[-77.3517,37.22425],[-77.3523,37.22398],[-77.35448,37.22227],[-77.3544,37.22197],[-77.35408,37.22202],[-77.35263,37.2214],[-77.35306,37.22001],[-77.35262,37.21983],[-77.35248,37.21916],[-77.35188,37.21903],[-77.3515,37.21912],[-77.35032,37.219],[-77.35012,37.21972],[-77.34854,37.21936],[-77.34873,37.21859],[-77.34716,37.21831],[-77.34753,37.21649],[-77.34765,37.21648],[-77.34781,37.21463],[-77.34634,37.21376],[-77.34495,37.2138],[-77.34518,37.21281],[-77.34541,37.21221],[-77.34568,37.21193],[-77.34678,37.21136],[-77.34695,37.21099],[-77.3435,37.2104],[-77.3434,37.21093],[-77.34238,37.21079],[-77.34248,37.21032],[-77.34096,37.21012],[-77.33941,37.21],[-77.33983,37.20778],[-77.33884,37.20718],[-77.33756,37.20621],[-77.33653,37.20531],[-77.33567,37.20447],[-77.33284,37.20114],[-77.32977,37.1975],[-77.33332,37.19519],[-77.34092,37.19029],[-77.34213,37.18982],[-77.34315,37.18965],[-77.34094,37.18496],[-77.34121,37.1842],[-77.34604,37.18282],[-77.34575,37.17896],[-77.34676,37.17845],[-77.34568,37.17414],[-77.35122,37.17289],[-77.35114,37.17245],[-77.35479,37.17228],[-77.35541,37.17223],[-77.35677,37.17193],[-77.35918,37.17127],[-77.3595,37.17194],[-77.35979,37.1719],[-77.35993,37.17235],[-77.36083,37.17428],[-77.36127,37.17507],[-77.36258,37.17694],[-77.36955,37.18724],[-77.36997,37.18782],[-77.37267,37.19121],[-77.37423,37.19321],[-77.37551,37.19476],[-77.37611,37.19576],[-77.37735,37.19895],[-77.37776,37.1997],[-77.37465,37.20097],[-77.37192,37.20211],[-77.36742,37.20396],[-77.36556,37.2047],[-77.36691,37.20647],[-77.36808,37.20769],[-77.36905,37.20858],[-77.37057,37.20977],[-77.37151,37.21041],[-77.37406,37.21184],[-77.37709,37.21316]]]}},{"type":"Feature","properties":{"geoid":"51730811300","jurisdiction":"Petersburg","suppressed":false,"rate_bin":5,"rate_bin_label":"Over 3.25%","hot_core":true,"cold_core":false,"zone":9,"zone_label":"Petersburg core","race_bin":4,"race_bin_label":"60% \u2013 80%","pov_bin":3,"pov_bin_label":"20% \u2013 30%"},"geometry":{"type":"Polygon","coordinates":[[[-77.40419,37.23678],[-77.40367,37.23735],[-77.40239,37.23819],[-77.40341,37.23657],[-77.40273,37.23607],[-77.40278,37.23709],[-77.40174,37.23905],[-77.39604,37.23789],[-77.39535,37.23809],[-77.39573,37.23111],[-77.39573,37.23034],[-77.39562,37.22931],[-77.39524,37.22807],[-77.39447,37.22661],[-77.39388,37.22586],[-77.39312,37.22503],[-77.38927,37.22688],[-77.38855,37.22595],[-77.3877,37.22517],[-77.38627,37.22419],[-77.38493,37.22319],[-77.38383,37.2222],[-77.38344,37.22174],[-77.3832,37.22105],[-77.38312,37.21953],[-77.38328,37.2186],[-77.38375,37.21723],[-77.38404,37.21613],[-77.38864,37.21809],[-77.38928,37.21843],[-77.39005,37.219],[-77.39061,37.21825],[-77.3913,37.21767],[-77.39785,37.21333],[-77.40227,37.225],[-77.40282,37.22641],[-77.40433,37.22599],[-77.40435,37.22558],[-77.40566,37.22373],[-77.40577,37.22391],[-77.40623,37.2255],[-77.40714,37.22874],[-77.40731,37.23112],[-77.40717,37.23203],[-77.40722,37.23333],[-77.40612,37.23362],[-77.40496,37.23382],[-77.40316,37.23396],[-77.40332,37.23458],[-77.40419,37.23678]]]}},{"type":"Feature","properties":{"geoid":"51760010201","jurisdiction":"Richmond City","suppressed":false,"rate_bin":1,"rate_bin_label":"Under 1.25%","hot_core":false,"cold_core":false,"zone":1,"zone_label":"Henrico\u2013Chesterfield suburban ring","race_bin":1,"race_bin_label":"Under 20%","pov_bin":1,"pov_bin_label":"Under 10%"},"geometry":{"type":"Polygon","coordinates":[[[-77.4669,37.59898],[-77.46606,37.59913],[-77.46584,37.59676],[-77.46063,37.59707],[-77.45448,37.5975],[-77.45524,37.60178],[-77.45433,37.6019],[-77.45026,37.60245],[-77.44758,37.60281],[-77.44751,37.60222],[-77.44921,37.60195],[-77.44851,37.59813],[-77.44778,37.59449],[-77.45282,37.59395],[-77.45303,37.59398],[-77.45249,37.59101],[-77.45615,37.59087],[-77.46416,37.59052],[-77.46442,37.59119],[-77.46655,37.59576],[-77.46668,37.59633],[-77.4669,37.59898]]]}},{"type":"Feature","properties":{"geoid":"51760010202","jurisdiction":"Richmond City","suppressed":false,"rate_bin":2,"rate_bin_label":"1.25% \u2013 1.75%","hot_core":false,"cold_core":false,"zone":1,"zone_label":"Henrico\u2013Chesterfield suburban ring","race_bin":2,"race_bin_label":"20% \u2013 40%","pov_bin":2,"pov_bin_label":"10% \u2013 20%"},"geometry":{"type":"Polygon","coordinates":[[[-77.47815,37.59889],[-77.47782,37.59873],[-77.4768,37.59854],[-77.47547,37.59855],[-77.4709,37.5984],[-77.46876,37.59862],[-77.4669,37.59898],[-77.46668,37.59633],[-77.46655,37.59576],[-77.46442,37.59119],[-77.46416,37.59052],[-77.46414,37.58841],[-77.46387,37.58728],[-77.46298,37.58571],[-77.46279,37.58518],[-77.46258,37.58408],[-77.46172,37.57924],[-77.46163,37.57837],[-77.46295,37.57591],[-77.46364,37.57642],[-77.46656,37.57823],[-77.46851,37.57818],[-77.46986,37.57833],[-77.47141,37.57867],[-77.47228,37.57899],[-77.47253,37.57875],[-77.47385,37.58063],[-77.47409,37.58181],[-77.47571,37.58395],[-77.47577,37.58414],[-77.47804,37.58729],[-77.47833,37.58756],[-77.47921,37.58765],[-77.47936,37.58868],[-77.47942,37.59081],[-77.47913,37.5931],[-77.47834,37.59513],[-77.47722,37.59787],[-77.47785,37.59849],[-77.47825,37.59855],[-77.47815,37.59889]]]}},{"type":"Feature","properties":{"geoid":"51760010300","jurisdiction":"Richmond City","suppressed":false,"rate_bin":5,"rate_bin_label":"Over 3.25%","hot_core":false,"cold_core":false,"zone":5,"zone_label":"Henrico\u2013Richmond mixed","race_bin":5,"race_bin_label":"Over 80%","pov_bin":4,"pov_bin_label":"30% \u2013 40%"},"geometry":{"type":"Polygon","coordinates":[[[-77.44751,37.60222],[-77.44361,37.60151],[-77.44313,37.60126],[-77.44006,37.59986],[-77.43762,37.59869],[-77.43762,37.59857],[-77.4379,37.5987],[-77.43828,37.59855],[-77.43876,37.59857],[-77.43974,37.59814],[-77.44051,37.59763],[-77.44076,37.59653],[-77.44071,37.59582],[-77.44094,37.59437],[-77.44085,37.59405],[-77.43995,37.59337],[-77.43972,37.59331],[-77.43872,37.5927],[-77.43815,37.59198],[-77.43743,37.59129],[-77.4374,37.59081],[-77.43803,37.58967],[-77.4379,37.5888],[-77.43753,37.58796],[-77.43769,37.58727],[-77.43803,37.5867],[-77.43935,37.58549],[-77.43805,37.58474],[-77.43909,37.58471],[-77.44238,37.58659],[-77.44473,37.58805],[-77.44507,37.58821],[-77.446,37.58835],[-77.44741,37.58828],[-77.44731,37.58951],[-77.44751,37.59072],[-77.44669,37.59097],[-77.4469,37.59169],[-77.44736,37.59277],[-77.44778,37.59449],[-77.44851,37.59813],[-77.44921,37.60195],[-77.44751,37.60222]]]}},{"type":"Feature","properties":{"geoid":"51760010401","jurisdiction":"Richmond City","suppressed":false,"rate_bin":1,"rate_bin_label":"Under 1.25%","hot_core":false,"cold_core":false,"zone":1,"zone_label":"Henrico\u2013Chesterfield suburban ring","race_bin":2,"race_bin_label":"20% \u2013 40%","pov_bin":1,"pov_bin_label":"Under 10%"},"geometry":{"type":"Polygon","coordinates":[[[-77.46416,37.59052],[-77.45615,37.59087],[-77.45249,37.59101],[-77.45303,37.59398],[-77.45282,37.59395],[-77.44778,37.59449],[-77.44736,37.59277],[-77.4469,37.59169],[-77.44669,37.59097],[-77.44751,37.59072],[-77.44731,37.58951],[-77.44741,37.58828],[-77.446,37.58835],[-77.44507,37.58821],[-77.44473,37.58805],[-77.44238,37.58659],[-77.44204,37.58463],[-77.45093,37.58439],[-77.45306,37.58434],[-77.46258,37.58408],[-77.46279,37.58518],[-77.46298,37.58571],[-77.46387,37.58728],[-77.46414,37.58841],[-77.46416,37.59052]]]}},{"type":"Feature","properties":{"geoid":"51760010402","jurisdiction":"Richmond City","suppressed":false,"rate_bin":2,"rate_bin_label":"1.25% \u2013 1.75%","hot_core":false,"cold_core":false,"zone":1,"zone_label":"Henrico\u2013Chesterfield suburban ring","race_bin":2,"race_bin_label":"20% \u2013 40%","pov_bin":1,"pov_bin_label":"Under 10%"},"geometry":{"type":"Polygon","coordinates":[[[-77.46258,37.58408],[-77.45306,37.58434],[-77.45093,37.58439],[-77.44204,37.58463],[-77.44094,37.5781],[-77.44418,37.57812],[-77.44344,37.57377],[-77.44446,37.57351],[-77.44538,37.57372],[-77.44507,37.57223],[-77.44532,37.5721],[-77.45251,37.57246],[-77.45335,37.5722],[-77.45473,37.57159],[-77.45512,37.57148],[-77.45645,37.57221],[-77.46007,37.57388],[-77.46075,37.57428],[-77.46295,37.57591],[-77.46163,37.57837],[-77.46172,37.57924],[-77.46258,37.58408]]]}},{"type":"Feature","properties":{"geoid":"51760010500","jurisdiction":"Richmond City","suppressed":false,"rate_bin":5,"rate_bin_label":"Over 3.25%","hot_core":false,"cold_core":false,"zone":5,"zone_label":"Henrico\u2013Richmond mixed","race_bin":4,"race_bin_label":"60% \u2013 80%","pov_bin":2,"pov_bin_label":"10% \u2013 20%"},"geometry":{"type":"Polygon","coordinates":[[[-77.44204,37.58463],[-77.44238,37.58659],[-77.43909,37.58471],[-77.43805,37.58474],[-77.43366,37.58222],[-77.43144,37.58085],[-77.43157,37.58062],[-77.43079,37.58032],[-77.43292,37.57819],[-77.43394,37.57776],[-77.43451,37.57731],[-77.43492,37.57717],[-77.4378,37.57595],[-77.43918,37.57524],[-77.44079,37.57463],[-77.44344,37.57377],[-77.44418,37.57812],[-77.44094,37.5781],[-77.44204,37.58463]]]}},{"type":"Feature","properties":{"geoid":"51760010600","jurisdiction":"Richmond City","suppressed":false,"rate_bin":5,"rate_bin_label":"Over 3.25%","hot_core":false,"cold_core":false,"zone":5,"zone_label":"Henrico\u2013Richmond mixed","race_bin":2,"race_bin_label":"20% \u2013 40%","pov_bin":1,"pov_bin_label":"Under 10%"},"geometry":{"type":"Polygon","coordinates":[[[-77.44344,37.57377],[-77.44079,37.57463],[-77.43918,37.57524],[-77.4378,37.57595],[-77.43492,37.57717],[-77.43451,37.57731],[-77.43394,37.57776],[-77.43365,37.57546],[-77.43363,37.57495],[-77.43378,37.57303],[-77.43497,37.57309],[-77.43532,37.56856],[-77.43651,37.56862],[-77.43999,37.5688],[-77.43987,37.5703],[-77.44097,37.57036],[-77.44114,37.56956],[-77.44167,37.56937],[-77.44154,37.56856],[-77.44277,37.56872],[-77.44312,37.56924],[-77.44909,37.5686],[-77.44919,37.57012],[-77.45396,37.57015],[-77.45437,37.57077],[-77.45512,37.57148],[-77.45473,37.57159],[-77.45335,37.5722],[-77.45251,37.57246],[-77.44532,37.5721],[-77.44507,37.57223],[-77.44538,37.57372],[-77.44446,37.57351],[-77.44344,37.57377]]]}},{"type":"Feature","properties":{"geoid":"51760010700","jurisdiction":"Richmond City","suppressed":false,"rate_bin":4,"rate_bin_label":"2.25% \u2013 3.25%","hot_core":false,"cold_core":false,"zone":5,"zone_label":"Henrico\u2013Richmond mixed","race_bin":3,"race_bin_label":"40% \u2013 60%","pov_bin":2,"pov_bin_label":"10% \u2013 20%"},"geometry":{"type":"Polygon","coordinates":[[[-77.43394,37.57776],[-77.43292,37.57819],[-77.43079,37.58032],[-77.43157,37.58062],[-77.43144,37.58085],[-77.43119,37.58069],[-77.43091,37.5813],[-77.43058,37.5816],[-77.42978,37.58183],[-77.42859,37.58184],[-77.42484,37.58211],[-77.4249,37.58162],[-77.42557,37.57841],[-77.42573,37.5753],[-77.4262,37.57386],[-77.42686,37.57314],[-77.42704,37.57281],[-77.42699,37.57144],[-77.42727,37.57048],[-77.42753,37.57005],[-77.42808,37.5696],[-77.42808,37.56898],[-77.428,37.56781],[-77.42824,37.56715],[-77.4292,37.56594],[-77.42932,37.56565],[-77.43083,37.56571],[-77.43083,37.56703],[-77.43191,37.56708],[-77.43181,37.56839],[-77.43532,37.56856],[-77.43497,37.57309],[-77.43378,37.57303],[-77.43363,37.57495],[-77.43365,37.57546],[-77.43394,37.57776]]]}},{"type":"Feature","properties":{"geoid":"51760010800","jurisdiction":"Richmond City","suppressed":false,"rate_bin":5,"rate_bin_label":"Over 3.25%","hot_core":false,"cold_core":false,"zone":5,"zone_label":"Henrico\u2013Richmond mixed","race_bin":5,"race_bin_label":"Over 80%","pov_bin":2,"pov_bin_label":"10% \u2013 20%"},"geometry":{"type":"Polygon","coordinates":[[[-77.42484,37.58211],[-77.42311,37.58227],[-77.41864,37.58223],[-77.41332,37.57996],[-77.41361,37.57856],[-77.4136,37.57735],[-77.41322,37.57627],[-77.42012,37.56741],[-77.42058,37.56754],[-77.4277,37.56894],[-77.42808,37.56898],[-77.42808,37.5696],[-77.42753,37.57005],[-77.42727,37.57048],[-77.42699,37.57144],[-77.42704,37.57281],[-77.42686,37.57314],[-77.4262,37.57386],[-77.42573,37.5753],[-77.42557,37.57841],[-77.4249,37.58162],[-77.42484,37.58211]]]}},{"type":"Feature","properties":{"geoid":"51760010900","jurisdiction":"Richmond City","suppressed":false,"rate_bin":4,"rate_bin_label":"2.25% \u2013 3.25%","hot_core":true,"cold_core":false,"zone":5,"zone_label":"Henrico\u2013Richmond mixed","race_bin":4,"race_bin_label":"60% \u2013 80%","pov_bin":1,"pov_bin_label":"Under 10%"},"geometry":{"type":"Polygon","coordinates":[[[-77.42012,37.56741],[-77.41322,37.57627],[-77.41193,37.57435],[-77.41036,37.57214],[-77.41001,37.57144],[-77.40967,37.56996],[-77.40951,37.56887],[-77.40951,37.56813],[-77.40978,37.56727],[-77.41034,37.56617],[-77.41101,37.56549],[-77.41158,37.56509],[-77.41405,37.56406],[-77.41468,37.56374],[-77.41524,37.56292],[-77.41415,37.56233],[-77.41365,37.56197],[-77.41344,37.56159],[-77.41343,37.56103],[-77.41325,37.56039],[-77.41269,37.55951],[-77.40894,37.55792],[-77.40831,37.55765],[-77.40946,37.55584],[-77.41472,37.55855],[-77.41576,37.55894],[-77.4172,37.55922],[-77.41818,37.55926],[-77.41933,37.55915],[-77.42058,37.55884],[-77.42116,37.5586],[-77.42222,37.55799],[-77.42385,37.55663],[-77.42464,37.55582],[-77.4277,37.55201],[-77.42831,37.55258],[-77.43008,37.55409],[-77.43106,37.55479],[-77.42984,37.55524],[-77.42952,37.55527],[-77.4281,37.55494],[-77.42752,37.55563],[-77.42684,37.55622],[-77.4266,37.55673],[-77.42636,37.55802],[-77.42593,37.5596],[-77.42568,37.56112],[-77.42468,37.5632],[-77.42259,37.56509],[-77.42105,37.56644],[-77.42077,37.56658],[-77.42012,37.56741]]]}},{"type":"Feature","properties":{"geoid":"51760011000","jurisdiction":"Richmond City","suppressed":false,"rate_bin":4,"rate_bin_label":"2.25% \u2013 3.25%","hot_core":false,"cold_core":false,"zone":5,"zone_label":"Henrico\u2013Richmond mixed","race_bin":4,"race_bin_label":"60% \u2013 80%","pov_bin":3,"pov_bin_label":"20% \u2013 30%"},"geometry":{"type":"Polygon","coordinates":[[[-77.43651,37.56862],[-77.43532,37.56856],[-77.43181,37.56839],[-77.43191,37.56708],[-77.43083,37.56703],[-77.43083,37.56571],[-77.42932,37.56565],[-77.4292,37.56594],[-77.42824,37.56715],[-77.428,37.56781],[-77.42808,37.56898],[-77.4277,37.56894],[-77.42058,37.56754],[-77.42012,37.56741],[-77.42077,37.56658],[-77.42105,37.56644],[-77.42259,37.56509],[-77.42468,37.5632],[-77.42568,37.56112],[-77.42593,37.5596],[-77.42636,37.55802],[-77.4266,37.55673],[-77.42684,37.55622],[-77.42752,37.55563],[-77.4281,37.55494],[-77.42952,37.55527],[-77.42984,37.55524],[-77.43106,37.55479],[-77.43193,37.55517],[-77.43354,37.55548],[-77.43344,37.55771],[-77.43446,37.55783],[-77.43439,37.55979],[-77.43541,37.55988],[-77.43523,37.56422],[-77.43512,37.56511],[-77.43686,37.56524],[-77.43661,37.56729],[-77.43651,37.56862]]]}},{"type":"Feature","properties":{"geoid":"51760011100","jurisdiction":"Richmond City","suppressed":false,"rate_bin":5,"rate_bin_label":"Over 3.25%","hot_core":false,"cold_core":false,"zone":10,"zone_label":"Richmond pocket: bare lots","race_bin":3,"race_bin_label":"40% \u2013 60%","pov_bin":4,"pov_bin_label":"30% \u2013 40%"},"geometry":{"type":"Polygon","coordinates":[[[-77.45396,37.57015],[-77.44919,37.57012],[-77.44909,37.5686],[-77.44312,37.56924],[-77.44277,37.56872],[-77.44154,37.56856],[-77.44167,37.56937],[-77.44114,37.56956],[-77.44097,37.57036],[-77.43987,37.5703],[-77.43999,37.5688],[-77.43651,37.56862],[-77.43661,37.56729],[-77.43686,37.56524],[-77.43512,37.56511],[-77.43523,37.56422],[-77.43541,37.55988],[-77.43439,37.55979],[-77.43446,37.55783],[-77.43344,37.55771],[-77.43354,37.55548],[-77.43468,37.55557],[-77.43563,37.55551],[-77.43702,37.55508],[-77.43768,37.55495],[-77.44121,37.55469],[-77.44204,37.5546],[-77.44238,37.55405],[-77.44367,37.55265],[-77.44486,37.55333],[-77.44603,37.55418],[-77.44661,37.55472],[-77.44791,37.55616],[-77.44871,37.55687],[-77.45195,37.55866],[-77.4531,37.5594],[-77.45371,37.56005],[-77.45428,37.56113],[-77.45442,37.56191],[-77.45428,37.56421],[-77.45406,37.56592],[-77.45366,37.56801],[-77.45362,37.56908],[-77.45396,37.57015]]]}},{"type":"Feature","properties":{"geoid":"51760020100","jurisdiction":"Richmond City","suppressed":false,"rate_bin":5,"rate_bin_label":"Over 3.25%","hot_core":true,"cold_core":false,"zone":7,"zone_label":"Richmond pocket: multi-owner mix","race_bin":5,"race_bin_label":"Over 80%","pov_bin":5,"pov_bin_label":"Over 40%"},"geometry":{"type":"Polygon","coordinates":[[[-77.4277,37.55201],[-77.42464,37.55582],[-77.42385,37.55663],[-77.42222,37.55799],[-77.42116,37.5586],[-77.42058,37.55884],[-77.41933,37.55915],[-77.41818,37.55926],[-77.4172,37.55922],[-77.41576,37.55894],[-77.41472,37.55855],[-77.40946,37.55584],[-77.41154,37.55259],[-77.41213,37.55271],[-77.4141,37.5495],[-77.41702,37.55],[-77.4176,37.54997],[-77.41833,37.55389],[-77.42224,37.55339],[-77.42207,37.55233],[-77.42253,37.55127],[-77.42299,37.55081],[-77.42355,37.55063],[-77.42399,37.55065],[-77.42688,37.55114],[-77.4277,37.55201]]]}},{"type":"Feature","properties":{"geoid":"51760020200","jurisdiction":"Richmond City","suppressed":false,"rate_bin":5,"rate_bin_label":"Over 3.25%","hot_core":true,"cold_core":false,"zone":7,"zone_label":"Richmond pocket: multi-owner mix","race_bin":5,"race_bin_label":"Over 80%","pov_bin":5,"pov_bin_label":"Over 40%"},"geometry":{"type":"Polygon","coordinates":[[[-77.4141,37.5495],[-77.41213,37.55271],[-77.41154,37.55259],[-77.41171,37.55234],[-77.4072,37.55122],[-77.40438,37.55062],[-77.39942,37.54945],[-77.39496,37.54987],[-77.39508,37.54935],[-77.39553,37.54737],[-77.39582,37.54674],[-77.39616,37.54631],[-77.39499,37.54402],[-77.39587,37.54366],[-77.39926,37.54212],[-77.39988,37.54195],[-77.40373,37.54139],[-77.40189,37.54331],[-77.40825,37.54719],[-77.40921,37.54768],[-77.40881,37.54806],[-77.40952,37.5481],[-77.41098,37.54832],[-77.41094,37.54842],[-77.41438,37.54903],[-77.4141,37.5495]]]}},{"type":"Feature","properties":{"geoid":"51760020300","jurisdiction":"Richmond City","suppressed":false,"rate_bin":5,"rate_bin_label":"Over 3.25%","hot_core":false,"cold_core":false,"zone":7,"zone_label":"Richmond pocket: multi-owner mix","race_bin":3,"race_bin_label":"40% \u2013 60%","pov_bin":2,"pov_bin_label":"10% \u2013 20%"},"geometry":{"type":"Polygon","coordinates":[[[-77.40921,37.54768],[-77.40825,37.54719],[-77.40189,37.54331],[-77.40373,37.54139],[-77.39988,37.54195],[-77.39991,37.54185],[-77.40157,37.54062],[-77.40225,37.53993],[-77.4051,37.53693],[-77.40609,37.53743],[-77.41063,37.54019],[-77.41173,37.53905],[-77.4124,37.53944],[-77.41714,37.53937],[-77.41663,37.53993],[-77.41331,37.54341],[-77.41253,37.54293],[-77.41088,37.54468],[-77.4116,37.54518],[-77.40921,37.54768]]]}},{"type":"Feature","properties":{"geoid":"51760020400","jurisdiction":"Richmond City","suppressed":false,"rate_bin":5,"rate_bin_label":"Over 3.25%","hot_core":false,"cold_core":false,"zone":7,"zone_label":"Richmond pocket: multi-owner mix","race_bin":5,"race_bin_label":"Over 80%","pov_bin":5,"pov_bin_label":"Over 40%"},"geometry":{"type":"Polygon","coordinates":[[[-77.43291,37.54857],[-77.43153,37.54941],[-77.43034,37.54973],[-77.4296,37.55009],[-77.42891,37.55055],[-77.4277,37.55201],[-77.42688,37.55114],[-77.42399,37.55065],[-77.42355,37.55063],[-77.42299,37.55081],[-77.42253,37.55127],[-77.42207,37.55233],[-77.42224,37.55339],[-77.41833,37.55389],[-77.4176,37.54997],[-77.41702,37.55],[-77.4141,37.5495],[-77.41438,37.54903],[-77.41094,37.54842],[-77.41098,37.54832],[-77.40952,37.5481],[-77.40881,37.54806],[-77.40921,37.54768],[-77.4116,37.54518],[-77.41088,37.54468],[-77.41253,37.54293],[-77.41331,37.54341],[-77.41663,37.53993],[-77.41714,37.53937],[-77.41788,37.53936],[-77.41827,37.53937],[-77.42003,37.54055],[-77.42109,37.5411],[-77.42171,37.54119],[-77.42439,37.54112],[-77.4258,37.54128],[-77.42718,37.54169],[-77.42867,37.54537],[-77.42939,37.54631],[-77.43019,37.54694],[-77.43291,37.54857]]]}},{"type":"Feature","properties":{"geoid":"51760020501","jurisdiction":"Richmond City","suppressed":true,"rate_bin":null,"rate_bin_label":"Fewer than 5 flagged parcels \u2014 rate not shown","hot_core":false,"cold_core":false,"zone":11,"zone_label":"Richmond pocket: multi-owner concentration","race_bin":1,"race_bin_label":"Under 20%","pov_bin":2,"pov_bin_label":"10% \u2013 20%"},"geometry":{"type":"Polygon","coordinates":[[[-77.42847,37.53755],[-77.42763,37.53852],[-77.42719,37.5392],[-77.42694,37.54006],[-77.42691,37.54056],[-77.42718,37.54169],[-77.4258,37.54128],[-77.42439,37.54112],[-77.42171,37.54119],[-77.42109,37.5411],[-77.42003,37.54055],[-77.4203,37.53868],[-77.42043,37.53831],[-77.42285,37.53831],[-77.42292,37.53789],[-77.42514,37.53551],[-77.42606,37.53607],[-77.42851,37.53344],[-77.42128,37.52904],[-77.4188,37.53163],[-77.41699,37.53054],[-77.41865,37.52881],[-77.4187,37.52848],[-77.41925,37.52779],[-77.41896,37.52755],[-77.41845,37.52561],[-77.4186,37.5243],[-77.41815,37.52346],[-77.41932,37.52284],[-77.42021,37.52367],[-77.42488,37.52602],[-77.42761,37.5276],[-77.42955,37.52878],[-77.42961,37.52898],[-77.42979,37.52965],[-77.42998,37.53081],[-77.43006,37.53242],[-77.43003,37.53396],[-77.42993,37.53517],[-77.42975,37.53575],[-77.42926,37.53661],[-77.42847,37.53755]]]}},{"type":"Feature","properties":{"geoid":"51760020502","jurisdiction":"Richmond City","suppressed":false,"rate_bin":3,"rate_bin_label":"1.75% \u2013 2.25%","hot_core":false,"cold_core":false,"zone":11,"zone_label":"Richmond pocket: multi-owner concentration","race_bin":2,"race_bin_label":"20% \u2013 40%","pov_bin":2,"pov_bin_label":"10% \u2013 20%"},"geometry":{"type":"Polygon","coordinates":[[[-77.42003,37.54055],[-77.41827,37.53937],[-77.41788,37.53936],[-77.41787,37.53788],[-77.4182,37.5373],[-77.41879,37.53586],[-77.41997,37.53482],[-77.42148,37.53327],[-77.4188,37.53163],[-77.42128,37.52904],[-77.42851,37.53344],[-77.42606,37.53607],[-77.42514,37.53551],[-77.42292,37.53789],[-77.42285,37.53831],[-77.42043,37.53831],[-77.4203,37.53868],[-77.42003,37.54055]]]}},{"type":"Feature","properties":{"geoid":"51760020600","jurisdiction":"Richmond City","suppressed":false,"rate_bin":4,"rate_bin_label":"2.25% \u2013 3.25%","hot_core":false,"cold_core":false,"zone":7,"zone_label":"Richmond pocket: multi-owner mix","race_bin":1,"race_bin_label":"Under 20%","pov_bin":2,"pov_bin_label":"10% \u2013 20%"},"geometry":{"type":"Polygon","coordinates":[[[-77.4182,37.5373],[-77.41674,37.53732],[-77.41647,37.53708],[-77.41238,37.5346],[-77.41185,37.53437],[-77.41097,37.53383],[-77.41102,37.53377],[-77.40921,37.53266],[-77.41088,37.53094],[-77.41269,37.53203],[-77.41519,37.52943],[-77.41699,37.53054],[-77.4188,37.53163],[-77.42148,37.53327],[-77.41997,37.53482],[-77.41879,37.53586],[-77.4182,37.5373]]]}},{"type":"Feature","properties":{"geoid":"51760020700","jurisdiction":"Richmond City","suppressed":false,"rate_bin":3,"rate_bin_label":"1.75% \u2013 2.25%","hot_core":false,"cold_core":false,"zone":11,"zone_label":"Richmond pocket: multi-owner concentration","race_bin":3,"race_bin_label":"40% \u2013 60%","pov_bin":3,"pov_bin_label":"20% \u2013 30%"},"geometry":{"type":"Polygon","coordinates":[[[-77.4182,37.5373],[-77.41787,37.53788],[-77.41788,37.53936],[-77.41714,37.53937],[-77.4124,37.53944],[-77.41173,37.53905],[-77.41063,37.54019],[-77.40609,37.53743],[-77.4051,37.53693],[-77.40921,37.53266],[-77.41102,37.53377],[-77.41097,37.53383],[-77.41185,37.53437],[-77.41238,37.5346],[-77.41647,37.53708],[-77.41674,37.53732],[-77.4182,37.5373]]]}},{"type":"Feature","properties":{"geoid":"51760020800","jurisdiction":"Richmond City","suppressed":false,"rate_bin":2,"rate_bin_label":"1.25% \u2013 1.75%","hot_core":false,"cold_core":false,"zone":7,"zone_label":"Richmond pocket: multi-owner mix","race_bin":2,"race_bin_label":"20% \u2013 40%","pov_bin":1,"pov_bin_label":"Under 10%"},"geometry":{"type":"Polygon","coordinates":[[[-77.41699,37.53054],[-77.41519,37.52943],[-77.41269,37.53203],[-77.41088,37.53094],[-77.40646,37.52823],[-77.40608,37.52769],[-77.40577,37.52637],[-77.40524,37.52551],[-77.40505,37.52481],[-77.40519,37.52437],[-77.40362,37.52398],[-77.40646,37.52371],[-77.41074,37.52334],[-77.41187,37.52327],[-77.41292,37.52333],[-77.41348,37.52346],[-77.41438,37.52389],[-77.41696,37.52499],[-77.41779,37.52522],[-77.41845,37.52561],[-77.41896,37.52755],[-77.41925,37.52779],[-77.4187,37.52848],[-77.41865,37.52881],[-77.41699,37.53054]]]}},{"type":"Feature","properties":{"geoid":"51760020900","jurisdiction":"Richmond City","suppressed":false,"rate_bin":4,"rate_bin_label":"2.25% \u2013 3.25%","hot_core":false,"cold_core":false,"zone":7,"zone_label":"Richmond pocket: multi-owner mix","race_bin":3,"race_bin_label":"40% \u2013 60%","pov_bin":3,"pov_bin_label":"20% \u2013 30%"},"geometry":{"type":"Polygon","coordinates":[[[-77.40921,37.53266],[-77.4051,37.53693],[-77.40225,37.53993],[-77.40157,37.54062],[-77.39991,37.54185],[-77.39988,37.54195],[-77.39926,37.54212],[-77.39587,37.54366],[-77.39499,37.54402],[-77.39365,37.54143],[-77.39451,37.54116],[-77.39341,37.53899],[-77.39396,37.53881],[-77.39325,37.5373],[-77.3906,37.53718],[-77.38778,37.53675],[-77.38797,37.53623],[-77.38551,37.53517],[-77.38604,37.52892],[-77.39131,37.53012],[-77.39175,37.529],[-77.39193,37.52819],[-77.39281,37.52766],[-77.39367,37.52703],[-77.39391,37.52611],[-77.39552,37.52551],[-77.39778,37.52477],[-77.39917,37.52444],[-77.40257,37.52406],[-77.40362,37.52398],[-77.40519,37.52437],[-77.40505,37.52481],[-77.40524,37.52551],[-77.40577,37.52637],[-77.40608,37.52769],[-77.40646,37.52823],[-77.41088,37.53094],[-77.40921,37.53266]]]}},{"type":"Feature","properties":{"geoid":"51760021000","jurisdiction":"Richmond City","suppressed":true,"rate_bin":null,"rate_bin_label":"Fewer than 5 flagged parcels \u2014 rate not shown","hot_core":false,"cold_core":false,"zone":2,"zone_label":"Southern suburban belt","race_bin":5,"race_bin_label":"Over 80%","pov_bin":4,"pov_bin_label":"30% \u2013 40%"},"geometry":{"type":"Polygon","coordinates":[[[-77.40362,37.52398],[-77.40257,37.52406],[-77.39917,37.52444],[-77.39778,37.52477],[-77.39552,37.52551],[-77.39391,37.52611],[-77.39427,37.52468],[-77.39323,37.52399],[-77.39181,37.52242],[-77.3891,37.51927],[-77.38882,37.51922],[-77.38794,37.51744],[-77.3876,37.51748],[-77.38739,37.51706],[-77.39197,37.51519],[-77.39221,37.51565],[-77.39427,37.51488],[-77.39436,37.51485],[-77.39517,37.51629],[-77.39548,37.51666],[-77.39763,37.51857],[-77.39863,37.51979],[-77.40028,37.52103],[-77.40362,37.52398]]]}},{"type":"Feature","properties":{"geoid":"51760021100","jurisdiction":"Richmond City","suppressed":false,"rate_bin":4,"rate_bin_label":"2.25% \u2013 3.25%","hot_core":false,"cold_core":false,"zone":2,"zone_label":"Southern suburban belt","race_bin":4,"race_bin_label":"60% \u2013 80%","pov_bin":3,"pov_bin_label":"20% \u2013 30%"},"geometry":{"type":"Polygon","coordinates":[[[-77.41932,37.52284],[-77.41815,37.52346],[-77.4186,37.5243],[-77.41845,37.52561],[-77.41779,37.52522],[-77.41696,37.52499],[-77.41438,37.52389],[-77.41348,37.52346],[-77.41292,37.52333],[-77.41187,37.52327],[-77.41074,37.52334],[-77.40646,37.52371],[-77.40362,37.52398],[-77.40028,37.52103],[-77.39863,37.51979],[-77.39763,37.51857],[-77.39548,37.51666],[-77.39517,37.51629],[-77.39436,37.51485],[-77.39528,37.51452],[-77.40278,37.51464],[-77.40499,37.5147],[-77.40631,37.51469],[-77.40778,37.51451],[-77.40874,37.51501],[-77.40911,37.51533],[-77.40888,37.51462],[-77.40925,37.51498],[-77.41018,37.51722],[-77.414,37.51725],[-77.41639,37.51727],[-77.41651,37.51713],[-77.41686,37.51719],[-77.41686,37.51776],[-77.41721,37.51919],[-77.41723,37.51972],[-77.41748,37.51997],[-77.41749,37.52062],[-77.41799,37.52108],[-77.41892,37.52253],[-77.41932,37.52284]]]}},{"type":"Feature","properties":{"geoid":"51760021200","jurisdiction":"Richmond City","suppressed":false,"rate_bin":5,"rate_bin_label":"Over 3.25%","hot_core":false,"cold_core":false,"zone":2,"zone_label":"Southern suburban belt","race_bin":4,"race_bin_label":"60% \u2013 80%","pov_bin":1,"pov_bin_label":"Under 10%"},"geometry":{"type":"Polygon","coordinates":[[[-77.39436,37.51485],[-77.39427,37.51488],[-77.39341,37.51318],[-77.39366,37.51309],[-77.39373,37.51255],[-77.39378,37.50997],[-77.39386,37.50766],[-77.39383,37.50669],[-77.39388,37.50495],[-77.39563,37.50569],[-77.39679,37.50633],[-77.39843,37.50748],[-77.39983,37.5082],[-77.40074,37.50854],[-77.40341,37.50931],[-77.40697,37.51038],[-77.40831,37.51061],[-77.40822,37.5143],[-77.40888,37.51462],[-77.40911,37.51533],[-77.40874,37.51501],[-77.40778,37.51451],[-77.40631,37.51469],[-77.40499,37.5147],[-77.40278,37.51464],[-77.39528,37.51452],[-77.39436,37.51485]]]}},{"type":"Feature","properties":{"geoid":"51760030100","jurisdiction":"Richmond City","suppressed":false,"rate_bin":5,"rate_bin_label":"Over 3.25%","hot_core":false,"cold_core":false,"zone":5,"zone_label":"Henrico\u2013Richmond mixed","race_bin":5,"race_bin_label":"Over 80%","pov_bin":5,"pov_bin_label":"Over 40%"},"geometry":{"type":"Polygon","coordinates":[[[-77.44367,37.55265],[-77.44238,37.55405],[-77.44204,37.5546],[-77.44121,37.55469],[-77.43768,37.55495],[-77.43702,37.55508],[-77.43563,37.55551],[-77.43468,37.55557],[-77.43354,37.55548],[-77.43193,37.55517],[-77.43106,37.55479],[-77.43008,37.55409],[-77.42831,37.55258],[-77.4277,37.55201],[-77.42891,37.55055],[-77.4296,37.55009],[-77.43034,37.54973],[-77.43153,37.54941],[-77.43291,37.54857],[-77.43385,37.54915],[-77.43555,37.54995],[-77.4377,37.5507],[-77.43859,37.55093],[-77.4405,37.55127],[-77.44125,37.55148],[-77.44244,37.55195],[-77.44367,37.55265]]]}},{"type":"Feature","properties":{"geoid":"51760030200","jurisdiction":"Richmond City","suppressed":false,"rate_bin":2,"rate_bin_label":"1.25% \u2013 1.75%","hot_core":false,"cold_core":false,"zone":10,"zone_label":"Richmond pocket: bare lots","race_bin":2,"race_bin_label":"20% \u2013 40%","pov_bin":2,"pov_bin_label":"10% \u2013 20%"},"geometry":{"type":"Polygon","coordinates":[[[-77.44728,37.54876],[-77.44683,37.54929],[-77.44367,37.55265],[-77.44244,37.55195],[-77.44125,37.55148],[-77.4405,37.55127],[-77.43859,37.55093],[-77.4377,37.5507],[-77.43555,37.54995],[-77.43385,37.54915],[-77.43291,37.54857],[-77.43019,37.54694],[-77.42939,37.54631],[-77.42867,37.54537],[-77.42718,37.54169],[-77.42691,37.54056],[-77.42694,37.54006],[-77.42719,37.5392],[-77.42763,37.53852],[-77.42847,37.53755],[-77.42884,37.53772],[-77.43751,37.54289],[-77.44246,37.54588],[-77.44728,37.54876]]]}},{"type":"Feature","properties":{"geoid":"51760030501","jurisdiction":"Richmond City","suppressed":false,"rate_bin":1,"rate_bin_label":"Under 1.25%","hot_core":false,"cold_core":false,"zone":10,"zone_label":"Richmond pocket: bare lots","race_bin":2,"race_bin_label":"20% \u2013 40%","pov_bin":4,"pov_bin_label":"30% \u2013 40%"},"geometry":{"type":"Polygon","coordinates":[[[-77.44728,37.54876],[-77.44246,37.54588],[-77.43751,37.54289],[-77.44153,37.53864],[-77.4459,37.54125],[-77.44694,37.54185],[-77.44895,37.54307],[-77.44886,37.5466],[-77.44868,37.54698],[-77.44728,37.54876]]]}},{"type":"Feature","properties":{"geoid":"51760030502","jurisdiction":"Richmond City","suppressed":false,"rate_bin":1,"rate_bin_label":"Under 1.25%","hot_core":false,"cold_core":false,"zone":11,"zone_label":"Richmond pocket: multi-owner concentration","race_bin":1,"race_bin_label":"Under 20%","pov_bin":2,"pov_bin_label":"10% \u2013 20%"},"geometry":{"type":"Polygon","coordinates":[[[-77.44913,37.53535],[-77.44913,37.53914],[-77.44907,37.54141],[-77.44899,37.5425],[-77.44895,37.54307],[-77.44694,37.54185],[-77.4459,37.54125],[-77.44153,37.53864],[-77.43751,37.54289],[-77.42884,37.53772],[-77.42847,37.53755],[-77.42926,37.53661],[-77.42975,37.53575],[-77.42993,37.53517],[-77.43003,37.53396],[-77.43006,37.53242],[-77.42998,37.53081],[-77.42979,37.52965],[-77.42961,37.52898],[-77.43149,37.52985],[-77.43368,37.53035],[-77.43552,37.53086],[-77.43909,37.53148],[-77.44084,37.53173],[-77.44263,37.53183],[-77.44544,37.53181],[-77.44955,37.53256],[-77.44927,37.53343],[-77.44912,37.53452],[-77.44913,37.53535]]]}},{"type":"Feature","properties":{"geoid":"51760040201","jurisdiction":"Richmond City","suppressed":false,"rate_bin":4,"rate_bin_label":"2.25% \u2013 3.25%","hot_core":false,"cold_core":false,"zone":10,"zone_label":"Richmond pocket: bare lots","race_bin":3,"race_bin_label":"40% \u2013 60%","pov_bin":5,"pov_bin_label":"Over 40%"},"geometry":{"type":"Polygon","coordinates":[[[-77.45195,37.55866],[-77.44871,37.55687],[-77.44791,37.55616],[-77.44661,37.55472],[-77.44603,37.55418],[-77.44486,37.55333],[-77.44367,37.55265],[-77.44683,37.54929],[-77.44728,37.54876],[-77.45237,37.55178],[-77.45543,37.55363],[-77.45457,37.55454],[-77.45355,37.55392],[-77.45166,37.55592],[-77.45269,37.55653],[-77.45181,37.55745],[-77.45261,37.55793],[-77.45195,37.55866]]]}},{"type":"Feature","properties":{"geoid":"51760040202","jurisdiction":"Richmond City","suppressed":false,"rate_bin":2,"rate_bin_label":"1.25% \u2013 1.75%","hot_core":false,"cold_core":false,"zone":3,"zone_label":"Richmond pocket: mixed types","race_bin":1,"race_bin_label":"Under 20%","pov_bin":2,"pov_bin_label":"10% \u2013 20%"},"geometry":{"type":"Polygon","coordinates":[[[-77.47873,37.56929],[-77.47392,37.57368],[-77.47299,37.57482],[-77.47272,37.57537],[-77.47256,37.57611],[-77.47256,37.57677],[-77.47277,37.57783],[-77.47309,37.57833],[-77.47253,37.57875],[-77.47228,37.57899],[-77.47141,37.57867],[-77.46986,37.57833],[-77.46851,37.57818],[-77.46656,37.57823],[-77.46364,37.57642],[-77.46295,37.57591],[-77.46075,37.57428],[-77.46007,37.57388],[-77.45645,37.57221],[-77.45512,37.57148],[-77.45437,37.57077],[-77.45396,37.57015],[-77.45362,37.56908],[-77.45366,37.56801],[-77.45406,37.56592],[-77.45428,37.56421],[-77.45442,37.56191],[-77.45428,37.56113],[-77.45371,37.56005],[-77.4531,37.5594],[-77.45195,37.55866],[-77.45261,37.55793],[-77.45181,37.55745],[-77.45269,37.55653],[-77.45166,37.55592],[-77.45355,37.55392],[-77.45457,37.55454],[-77.45543,37.55363],[-77.45866,37.55555],[-77.47029,37.56251],[-77.47157,37.56326],[-77.47438,37.56561],[-77.47873,37.56929]]]}},{"type":"Feature","properties":{"geoid":"51760040300","jurisdiction":"Richmond City","suppressed":true,"rate_bin":null,"rate_bin_label":"Fewer than 5 flagged parcels \u2014 rate not shown","hot_core":false,"cold_core":false,"zone":10,"zone_label":"Richmond pocket: bare lots","race_bin":2,"race_bin_label":"20% \u2013 40%","pov_bin":5,"pov_bin_label":"Over 40%"},"geometry":{"type":"Polygon","coordinates":[[[-77.45531,37.54719],[-77.45529,37.54847],[-77.4551,37.54889],[-77.45237,37.55178],[-77.44728,37.54876],[-77.44868,37.54698],[-77.44886,37.5466],[-77.44895,37.54307],[-77.44899,37.5425],[-77.44961,37.54268],[-77.45073,37.54288],[-77.45138,37.54292],[-77.45414,37.54296],[-77.45549,37.54304],[-77.45655,37.54327],[-77.45534,37.54542],[-77.45528,37.54559],[-77.45531,37.54719]]]}},{"type":"Feature","properties":{"geoid":"51760040400","jurisdiction":"Richmond City","suppressed":false,"rate_bin":2,"rate_bin_label":"1.25% \u2013 1.75%","hot_core":false,"cold_core":false,"zone":3,"zone_label":"Richmond pocket: mixed types","race_bin":1,"race_bin_label":"Under 20%","pov_bin":3,"pov_bin_label":"20% \u2013 30%"},"geometry":{"type":"Polygon","coordinates":[[[-77.46116,37.55289],[-77.46055,37.55362],[-77.4605,37.55397],[-77.45989,37.55428],[-77.45866,37.55555],[-77.45543,37.55363],[-77.45237,37.55178],[-77.4551,37.54889],[-77.45529,37.54847],[-77.45531,37.54719],[-77.45654,37.54723],[-77.46277,37.54945],[-77.46092,37.55276],[-77.46116,37.55289]]]}},{"type":"Feature","properties":{"geoid":"51760040500","jurisdiction":"Richmond City","suppressed":false,"rate_bin":2,"rate_bin_label":"1.25% \u2013 1.75%","hot_core":false,"cold_core":false,"zone":3,"zone_label":"Richmond pocket: mixed types","race_bin":1,"race_bin_label":"Under 20%","pov_bin":1,"pov_bin_label":"Under 10%"},"geometry":{"type":"Polygon","coordinates":[[[-77.47321,37.5572],[-77.47259,37.55832],[-77.47029,37.56251],[-77.45866,37.55555],[-77.45989,37.55428],[-77.4605,37.55397],[-77.46055,37.55362],[-77.46116,37.55289],[-77.47321,37.5572]]]}},{"type":"Feature","properties":{"geoid":"51760040600","jurisdiction":"Richmond City","suppressed":false,"rate_bin":3,"rate_bin_label":"1.75% \u2013 2.25%","hot_core":false,"cold_core":false,"zone":1,"zone_label":"Henrico\u2013Chesterfield suburban ring","race_bin":2,"race_bin_label":"20% \u2013 40%","pov_bin":2,"pov_bin_label":"10% \u2013 20%"},"geometry":{"type":"Polygon","coordinates":[[[-77.47438,37.56561],[-77.47157,37.56326],[-77.47029,37.56251],[-77.47259,37.55832],[-77.47769,37.56014],[-77.47653,37.56334],[-77.47438,37.56561]]]}},{"type":"Feature","properties":{"geoid":"51760040700","jurisdiction":"Richmond City","suppressed":false,"rate_bin":2,"rate_bin_label":"1.25% \u2013 1.75%","hot_core":false,"cold_core":false,"zone":1,"zone_label":"Henrico\u2013Chesterfield suburban ring","race_bin":1,"race_bin_label":"Under 20%","pov_bin":1,"pov_bin_label":"Under 10%"},"geometry":{"type":"Polygon","coordinates":[[[-77.48842,37.56009],[-77.48784,37.56081],[-77.48146,37.5667],[-77.47873,37.56929],[-77.47438,37.56561],[-77.47653,37.56334],[-77.47769,37.56014],[-77.47929,37.56071],[-77.48052,37.55847],[-77.48641,37.56055],[-77.48703,37.55942],[-77.48842,37.56009]]]}},{"type":"Feature","properties":{"geoid":"51760040800","jurisdiction":"Richmond City","suppressed":false,"rate_bin":3,"rate_bin_label":"1.75% \u2013 2.25%","hot_core":false,"cold_core":false,"zone":1,"zone_label":"Henrico\u2013Chesterfield suburban ring","race_bin":1,"race_bin_label":"Under 20%","pov_bin":2,"pov_bin_label":"10% \u2013 20%"},"geometry":{"type":"Polygon","coordinates":[[[-77.48994,37.55659],[-77.48957,37.55811],[-77.48908,37.55915],[-77.48842,37.56009],[-77.48703,37.55942],[-77.48641,37.56055],[-77.48052,37.55847],[-77.48115,37.55735],[-77.48065,37.55718],[-77.48253,37.55382],[-77.48209,37.55366],[-77.48315,37.55175],[-77.48564,37.55268],[-77.48809,37.55355],[-77.48911,37.55409],[-77.48959,37.55463],[-77.48986,37.55543],[-77.48979,37.55652],[-77.48994,37.55659]]]}},{"type":"Feature","properties":{"geoid":"51760040900","jurisdiction":"Richmond City","suppressed":false,"rate_bin":2,"rate_bin_label":"1.25% \u2013 1.75%","hot_core":false,"cold_core":false,"zone":3,"zone_label":"Richmond pocket: mixed types","race_bin":1,"race_bin_label":"Under 20%","pov_bin":1,"pov_bin_label":"Under 10%"},"geometry":{"type":"Polygon","coordinates":[[[-77.48052,37.55847],[-77.47929,37.56071],[-77.47769,37.56014],[-77.47259,37.55832],[-77.47321,37.5572],[-77.47505,37.55384],[-77.47771,37.54899],[-77.47912,37.54946],[-77.48066,37.55006],[-77.48175,37.55067],[-77.4826,37.5514],[-77.48315,37.55175],[-77.48209,37.55366],[-77.48253,37.55382],[-77.48065,37.55718],[-77.48115,37.55735],[-77.48052,37.55847]]]}},{"type":"Feature","properties":{"geoid":"51760041000","jurisdiction":"Richmond City","suppressed":false,"rate_bin":1,"rate_bin_label":"Under 1.25%","hot_core":false,"cold_core":false,"zone":3,"zone_label":"Richmond pocket: mixed types","race_bin":1,"race_bin_label":"Under 20%","pov_bin":1,"pov_bin_label":"Under 10%"},"geometry":{"type":"Polygon","coordinates":[[[-77.47505,37.55384],[-77.47321,37.5572],[-77.46116,37.55289],[-77.46092,37.55276],[-77.46277,37.54945],[-77.47505,37.55384]]]}},{"type":"Feature","properties":{"geoid":"51760041100","jurisdiction":"Richmond City","suppressed":false,"rate_bin":2,"rate_bin_label":"1.25% \u2013 1.75%","hot_core":false,"cold_core":false,"zone":3,"zone_label":"Richmond pocket: mixed types","race_bin":1,"race_bin_label":"Under 20%","pov_bin":3,"pov_bin_label":"20% \u2013 30%"},"geometry":{"type":"Polygon","coordinates":[[[-77.47505,37.55384],[-77.46277,37.54945],[-77.45654,37.54723],[-77.45531,37.54719],[-77.45528,37.54559],[-77.45534,37.54542],[-77.45655,37.54327],[-77.4632,37.54568],[-77.46441,37.5461],[-77.4685,37.54755],[-77.4693,37.54778],[-77.47062,37.54796],[-77.47416,37.54807],[-77.47506,37.54817],[-77.47661,37.5486],[-77.47771,37.54899],[-77.47505,37.55384]]]}},{"type":"Feature","properties":{"geoid":"51760041200","jurisdiction":"Richmond City","suppressed":false,"rate_bin":3,"rate_bin_label":"1.75% \u2013 2.25%","hot_core":false,"cold_core":false,"zone":11,"zone_label":"Richmond pocket: multi-owner concentration","race_bin":1,"race_bin_label":"Under 20%","pov_bin":2,"pov_bin_label":"10% \u2013 20%"},"geometry":{"type":"Polygon","coordinates":[[[-77.45414,37.54296],[-77.45138,37.54292],[-77.45073,37.54288],[-77.44961,37.54268],[-77.44899,37.5425],[-77.44907,37.54141],[-77.44913,37.53914],[-77.44913,37.53535],[-77.45036,37.53497],[-77.45169,37.53486],[-77.45352,37.53463],[-77.45293,37.53517],[-77.45302,37.53527],[-77.45292,37.53687],[-77.45297,37.537],[-77.45285,37.5405],[-77.45319,37.5405],[-77.45326,37.54102],[-77.45376,37.54102],[-77.45384,37.54184],[-77.4541,37.54184],[-77.45414,37.54296]]]}},{"type":"Feature","properties":{"geoid":"51760041300","jurisdiction":"Richmond City","suppressed":false,"rate_bin":4,"rate_bin_label":"2.25% \u2013 3.25%","hot_core":false,"cold_core":false,"zone":3,"zone_label":"Richmond pocket: mixed types","race_bin":3,"race_bin_label":"40% \u2013 60%","pov_bin":3,"pov_bin_label":"20% \u2013 30%"},"geometry":{"type":"Polygon","coordinates":[[[-77.47301,37.53744],[-77.46926,37.5374],[-77.46924,37.5375],[-77.46791,37.53982],[-77.46441,37.5461],[-77.4632,37.54568],[-77.45655,37.54327],[-77.45549,37.54304],[-77.45414,37.54296],[-77.4541,37.54184],[-77.45384,37.54184],[-77.45376,37.54102],[-77.45326,37.54102],[-77.45319,37.5405],[-77.45285,37.5405],[-77.45297,37.537],[-77.45292,37.53687],[-77.45302,37.53527],[-77.45293,37.53517],[-77.45352,37.53463],[-77.45169,37.53486],[-77.45036,37.53497],[-77.44913,37.53535],[-77.44912,37.53452],[-77.44927,37.53343],[-77.44955,37.53256],[-77.45079,37.53264],[-77.45206,37.53255],[-77.45359,37.53227],[-77.45466,37.53188],[-77.46167,37.52696],[-77.46541,37.52667],[-77.46962,37.52697],[-77.47134,37.52751],[-77.47717,37.52885],[-77.48071,37.53008],[-77.48388,37.53175],[-77.48233,37.53419],[-77.48038,37.53328],[-77.47935,37.53297],[-77.47769,37.53256],[-77.47649,37.53208],[-77.47576,37.53157],[-77.47495,37.53117],[-77.47491,37.53166],[-77.47344,37.53715],[-77.47301,37.53744]]]}},{"type":"Feature","properties":{"geoid":"51760041400","jurisdiction":"Richmond City","suppressed":false,"rate_bin":4,"rate_bin_label":"2.25% \u2013 3.25%","hot_core":false,"cold_core":false,"zone":3,"zone_label":"Richmond pocket: mixed types","race_bin":2,"race_bin_label":"20% \u2013 40%","pov_bin":2,"pov_bin_label":"10% \u2013 20%"},"geometry":{"type":"Polygon","coordinates":[[[-77.47506,37.54817],[-77.47416,37.54807],[-77.47062,37.54796],[-77.4693,37.54778],[-77.4685,37.54755],[-77.46441,37.5461],[-77.46791,37.53982],[-77.46924,37.5375],[-77.46926,37.5374],[-77.47301,37.53744],[-77.47186,37.54116],[-77.47244,37.54169],[-77.47211,37.54255],[-77.47164,37.54296],[-77.47122,37.54424],[-77.47526,37.54567],[-77.47557,37.54588],[-77.47488,37.54707],[-77.47484,37.54754],[-77.47506,37.54817]]]}},{"type":"Feature","properties":{"geoid":"51760041600","jurisdiction":"Richmond City","suppressed":false,"rate_bin":4,"rate_bin_label":"2.25% \u2013 3.25%","hot_core":false,"cold_core":false,"zone":1,"zone_label":"Henrico\u2013Chesterfield suburban ring","race_bin":2,"race_bin_label":"20% \u2013 40%","pov_bin":1,"pov_bin_label":"Under 10%"},"geometry":{"type":"Polygon","coordinates":[[[-77.494,37.53616],[-77.49246,37.53834],[-77.49151,37.53958],[-77.49101,37.54035],[-77.49058,37.54178],[-77.49059,37.54229],[-77.49101,37.54395],[-77.4914,37.54608],[-77.49148,37.5479],[-77.49134,37.54904],[-77.49033,37.55463],[-77.48994,37.55659],[-77.48979,37.55652],[-77.48986,37.55543],[-77.48959,37.55463],[-77.48911,37.55409],[-77.48809,37.55355],[-77.48564,37.55268],[-77.48315,37.55175],[-77.4826,37.5514],[-77.48175,37.55067],[-77.48066,37.55006],[-77.47912,37.54946],[-77.47771,37.54899],[-77.47661,37.5486],[-77.47506,37.54817],[-77.47484,37.54754],[-77.47488,37.54707],[-77.47557,37.54588],[-77.47526,37.54567],[-77.47122,37.54424],[-77.47164,37.54296],[-77.47211,37.54255],[-77.47244,37.54169],[-77.47186,37.54116],[-77.47301,37.53744],[-77.47344,37.53715],[-77.47491,37.53166],[-77.47495,37.53117],[-77.47576,37.53157],[-77.47649,37.53208],[-77.47769,37.53256],[-77.47935,37.53297],[-77.48038,37.53328],[-77.48233,37.53419],[-77.48388,37.53175],[-77.48592,37.53247],[-77.48628,37.53253],[-77.48783,37.53315],[-77.48867,37.53325],[-77.48959,37.53347],[-77.49064,37.53382],[-77.4921,37.53451],[-77.494,37.53616]]]}},{"type":"Feature","properties":{"geoid":"51760050100","jurisdiction":"Richmond City","suppressed":false,"rate_bin":2,"rate_bin_label":"1.25% \u2013 1.75%","hot_core":false,"cold_core":false,"zone":1,"zone_label":"Henrico\u2013Chesterfield suburban ring","race_bin":1,"race_bin_label":"Under 20%","pov_bin":1,"pov_bin_label":"Under 10%"},"geometry":{"type":"Polygon","coordinates":[[[-77.4886,37.57835],[-77.48237,37.57314],[-77.48027,37.57428],[-77.47682,37.57629],[-77.47309,37.57833],[-77.47277,37.57783],[-77.47256,37.57677],[-77.47256,37.57611],[-77.47272,37.57537],[-77.47299,37.57482],[-77.47392,37.57368],[-77.47873,37.56929],[-77.48146,37.5667],[-77.48784,37.56081],[-77.48842,37.56009],[-77.4912,37.56141],[-77.48898,37.56449],[-77.48819,37.5654],[-77.49486,37.56882],[-77.49238,37.57198],[-77.48779,37.57686],[-77.48904,37.57789],[-77.4886,37.57835]]]}},{"type":"Feature","properties":{"geoid":"51760050200","jurisdiction":"Richmond City","suppressed":false,"rate_bin":2,"rate_bin_label":"1.25% \u2013 1.75%","hot_core":false,"cold_core":false,"zone":1,"zone_label":"Henrico\u2013Chesterfield suburban ring","race_bin":1,"race_bin_label":"Under 20%","pov_bin":1,"pov_bin_label":"Under 10%"},"geometry":{"type":"Polygon","coordinates":[[[-77.50052,37.57572],[-77.49994,37.5754],[-77.49967,37.57574],[-77.4982,37.57728],[-77.49381,37.58199],[-77.49353,37.58229],[-77.4929,37.58179],[-77.49087,37.58012],[-77.49065,37.58008],[-77.4886,37.57835],[-77.48904,37.57789],[-77.48779,37.57686],[-77.49238,37.57198],[-77.49486,37.56882],[-77.48819,37.5654],[-77.48898,37.56449],[-77.4912,37.56141],[-77.50432,37.56768],[-77.50123,37.57205],[-77.50282,37.57287],[-77.50052,37.57572]]]}},{"type":"Feature","properties":{"geoid":"51760050300","jurisdiction":"Richmond City","suppressed":false,"rate_bin":2,"rate_bin_label":"1.25% \u2013 1.75%","hot_core":false,"cold_core":false,"zone":1,"zone_label":"Henrico\u2013Chesterfield suburban ring","race_bin":1,"race_bin_label":"Under 20%","pov_bin":1,"pov_bin_label":"Under 10%"},"geometry":{"type":"Polygon","coordinates":[[[-77.50432,37.56768],[-77.4912,37.56141],[-77.48842,37.56009],[-77.48908,37.55915],[-77.48957,37.55811],[-77.48994,37.55659],[-77.50724,37.56481],[-77.50644,37.56567],[-77.50616,37.56629],[-77.50498,37.56799],[-77.50432,37.56768]]]}},{"type":"Feature","properties":{"geoid":"51760050400","jurisdiction":"Richmond City","suppressed":false,"rate_bin":3,"rate_bin_label":"1.75% \u2013 2.25%","hot_core":false,"cold_core":false,"zone":1,"zone_label":"Henrico\u2013Chesterfield suburban ring","race_bin":1,"race_bin_label":"Under 20%","pov_bin":1,"pov_bin_label":"Under 10%"},"geometry":{"type":"Polygon","coordinates":[[[-77.51194,37.58183],[-77.51181,37.58175],[-77.50649,37.57891],[-77.50339,37.57724],[-77.50052,37.57572],[-77.50282,37.57287],[-77.50123,37.57205],[-77.50432,37.56768],[-77.50498,37.56799],[-77.50616,37.56629],[-77.50644,37.56567],[-77.50724,37.56481],[-77.51253,37.56732],[-77.51335,37.5677],[-77.51436,37.56799],[-77.51973,37.56884],[-77.51762,37.57568],[-77.5173,37.5763],[-77.51442,37.57924],[-77.51194,37.58183]]]}},{"type":"Feature","properties":{"geoid":"51760050500","jurisdiction":"Richmond City","suppressed":false,"rate_bin":1,"rate_bin_label":"Under 1.25%","hot_core":false,"cold_core":false,"zone":1,"zone_label":"Henrico\u2013Chesterfield suburban ring","race_bin":1,"race_bin_label":"Under 20%","pov_bin":1,"pov_bin_label":"Under 10%"},"geometry":{"type":"Polygon","coordinates":[[[-77.53165,37.59195],[-77.53106,37.59149],[-77.52763,37.58919],[-77.52309,37.58608],[-77.5229,37.58606],[-77.51808,37.58272],[-77.51688,37.58199],[-77.51646,37.58167],[-77.5162,37.58216],[-77.51509,37.5818],[-77.51496,37.582],[-77.51416,37.58157],[-77.51325,37.58253],[-77.51194,37.58183],[-77.51442,37.57924],[-77.5173,37.5763],[-77.51762,37.57568],[-77.51973,37.56884],[-77.52228,37.56921],[-77.5227,37.56912],[-77.52586,37.56824],[-77.52651,37.56812],[-77.52856,37.56814],[-77.52976,37.56821],[-77.53264,37.5681],[-77.53476,37.56821],[-77.53535,37.56833],[-77.53615,37.56864],[-77.5361,37.56881],[-77.5364,37.5698],[-77.53646,37.57027],[-77.53691,37.57103],[-77.53708,37.57251],[-77.53902,37.57286],[-77.53973,37.57249],[-77.54137,37.57203],[-77.54223,37.57075],[-77.54306,37.57091],[-77.54462,37.57139],[-77.54668,37.57234],[-77.54747,37.57254],[-77.54668,37.57433],[-77.54679,37.57522],[-77.5467,37.57563],[-77.54471,37.57735],[-77.54347,37.57857],[-77.54253,37.57963],[-77.54158,37.58023],[-77.54163,37.58047],[-77.54279,37.58093],[-77.54331,37.58104],[-77.54388,37.58133],[-77.54356,37.58155],[-77.53862,37.58289],[-77.53783,37.58136],[-77.53695,37.5817],[-77.5342,37.58418],[-77.53287,37.58213],[-77.53203,37.58257],[-77.53268,37.58527],[-77.53267,37.58556],[-77.53303,37.58708],[-77.53282,37.58836],[-77.53275,37.58939],[-77.53266,37.58939],[-77.53258,37.59157],[-77.53239,37.59248],[-77.53165,37.59195]]]}},{"type":"Feature","properties":{"geoid":"51760050600","jurisdiction":"Richmond City","suppressed":false,"rate_bin":1,"rate_bin_label":"Under 1.25%","hot_core":false,"cold_core":false,"zone":1,"zone_label":"Henrico\u2013Chesterfield suburban ring","race_bin":1,"race_bin_label":"Under 20%","pov_bin":1,"pov_bin_label":"Under 10%"},"geometry":{"type":"Polygon","coordinates":[[[-77.52586,37.56824],[-77.5227,37.56912],[-77.52228,37.56921],[-77.51973,37.56884],[-77.51436,37.56799],[-77.51335,37.5677],[-77.51253,37.56732],[-77.50724,37.56481],[-77.48994,37.55659],[-77.49033,37.55463],[-77.49134,37.54904],[-77.49148,37.5479],[-77.4914,37.54608],[-77.49101,37.54395],[-77.49059,37.54229],[-77.49058,37.54178],[-77.49101,37.54035],[-77.49151,37.53958],[-77.49246,37.53834],[-77.494,37.53616],[-77.49697,37.53888],[-77.49858,37.54037],[-77.50105,37.54279],[-77.50377,37.54514],[-77.50549,37.54648],[-77.50809,37.54801],[-77.51064,37.5494],[-77.51249,37.55015],[-77.51577,37.55117],[-77.51851,37.55196],[-77.52075,37.55238],[-77.52129,37.55271],[-77.52184,37.55332],[-77.52204,37.55375],[-77.52323,37.55427],[-77.52385,37.55474],[-77.52448,37.55553],[-77.52593,37.55771],[-77.52769,37.55931],[-77.52866,37.55966],[-77.52949,37.55966],[-77.52647,37.56649],[-77.5263,37.56707],[-77.52585,37.56804],[-77.52586,37.56824]]]}},{"type":"Feature","properties":{"geoid":"51760060200","jurisdiction":"Richmond City","suppressed":false,"rate_bin":4,"rate_bin_label":"2.25% \u2013 3.25%","hot_core":false,"cold_core":false,"zone":3,"zone_label":"Richmond pocket: mixed types","race_bin":4,"race_bin_label":"60% \u2013 80%","pov_bin":2,"pov_bin_label":"10% \u2013 20%"},"geometry":{"type":"Polygon","coordinates":[[[-77.44793,37.51302],[-77.44295,37.51618],[-77.43881,37.51882],[-77.43727,37.51737],[-77.43706,37.51729],[-77.43614,37.51633],[-77.43575,37.51674],[-77.43191,37.5192],[-77.434,37.52133],[-77.43242,37.52085],[-77.43069,37.52059],[-77.4297,37.51749],[-77.43037,37.51728],[-77.43016,37.51662],[-77.43049,37.51607],[-77.43347,37.51417],[-77.43233,37.51277],[-77.43215,37.51247],[-77.43958,37.50776],[-77.43882,37.50699],[-77.44414,37.5036],[-77.44427,37.50343],[-77.44679,37.50327],[-77.44793,37.51302]]]}},{"type":"Feature","properties":{"geoid":"51760060400","jurisdiction":"Richmond City","suppressed":false,"rate_bin":5,"rate_bin_label":"Over 3.25%","hot_core":false,"cold_core":false,"zone":3,"zone_label":"Richmond pocket: mixed types","race_bin":4,"race_bin_label":"60% \u2013 80%","pov_bin":3,"pov_bin_label":"20% \u2013 30%"},"geometry":{"type":"Polygon","coordinates":[[[-77.47209,37.51576],[-77.47093,37.51554],[-77.46999,37.51546],[-77.46277,37.51407],[-77.46219,37.51418],[-77.45811,37.51572],[-77.45548,37.51681],[-77.45355,37.51753],[-77.45211,37.51804],[-77.45171,37.5161],[-77.45139,37.51375],[-77.45086,37.51117],[-77.45408,37.50913],[-77.45701,37.50723],[-77.45869,37.50888],[-77.46337,37.50588],[-77.4637,37.5053],[-77.46473,37.50416],[-77.46542,37.50351],[-77.46665,37.50258],[-77.47055,37.50406],[-77.47157,37.50449],[-77.47481,37.50571],[-77.47868,37.50724],[-77.48299,37.50887],[-77.48416,37.50927],[-77.47984,37.50939],[-77.47466,37.5103],[-77.47567,37.51412],[-77.47561,37.5144],[-77.47413,37.51639],[-77.47209,37.51576]]]}},{"type":"Feature","properties":{"geoid":"51760060501","jurisdiction":"Richmond City","suppressed":false,"rate_bin":3,"rate_bin_label":"1.75% \u2013 2.25%","hot_core":false,"cold_core":false,"zone":3,"zone_label":"Richmond pocket: mixed types","race_bin":1,"race_bin_label":"Under 20%","pov_bin":1,"pov_bin_label":"Under 10%"},"geometry":{"type":"Polygon","coordinates":[[[-77.46962,37.52697],[-77.46541,37.52667],[-77.46167,37.52696],[-77.46013,37.52455],[-77.45959,37.52364],[-77.45887,37.52373],[-77.45753,37.52357],[-77.4569,37.52374],[-77.45544,37.52139],[-77.45765,37.52052],[-77.45709,37.51962],[-77.45541,37.52029],[-77.45517,37.52022],[-77.45355,37.51753],[-77.45548,37.51681],[-77.45811,37.51572],[-77.46219,37.51418],[-77.46277,37.51407],[-77.46999,37.51546],[-77.47093,37.51554],[-77.47209,37.51576],[-77.47188,37.51633],[-77.47123,37.51671],[-77.4711,37.51714],[-77.4715,37.51772],[-77.47278,37.51777],[-77.47314,37.51796],[-77.47291,37.51835],[-77.47227,37.51885],[-77.47237,37.5191],[-77.47175,37.52015],[-77.47141,37.52058],[-77.47135,37.521],[-77.47152,37.52146],[-77.47147,37.52214],[-77.47116,37.52272],[-77.47077,37.52315],[-77.47007,37.52328],[-77.46978,37.52371],[-77.46906,37.52389],[-77.46934,37.52454],[-77.46962,37.52697]]]}},{"type":"Feature","properties":{"geoid":"51760060502","jurisdiction":"Richmond City","suppressed":false,"rate_bin":3,"rate_bin_label":"1.75% \u2013 2.25%","hot_core":false,"cold_core":false,"zone":3,"zone_label":"Richmond pocket: mixed types","race_bin":3,"race_bin_label":"40% \u2013 60%","pov_bin":2,"pov_bin_label":"10% \u2013 20%"},"geometry":{"type":"Polygon","coordinates":[[[-77.49326,37.51537],[-77.49167,37.51567],[-77.49084,37.51557],[-77.48706,37.5149],[-77.48662,37.51499],[-77.48579,37.51486],[-77.48573,37.51562],[-77.48586,37.51611],[-77.48569,37.51674],[-77.48435,37.51649],[-77.48382,37.51701],[-77.48137,37.51965],[-77.48407,37.52018],[-77.48203,37.52336],[-77.48302,37.52378],[-77.48392,37.52378],[-77.48565,37.5241],[-77.48635,37.52452],[-77.48656,37.52523],[-77.4869,37.5257],[-77.48605,37.52805],[-77.48528,37.52955],[-77.48388,37.53175],[-77.48071,37.53008],[-77.47717,37.52885],[-77.47134,37.52751],[-77.46962,37.52697],[-77.46934,37.52454],[-77.46906,37.52389],[-77.46978,37.52371],[-77.47007,37.52328],[-77.47077,37.52315],[-77.47116,37.52272],[-77.47147,37.52214],[-77.47152,37.52146],[-77.47135,37.521],[-77.47141,37.52058],[-77.47175,37.52015],[-77.47237,37.5191],[-77.47227,37.51885],[-77.47291,37.51835],[-77.47314,37.51796],[-77.47278,37.51777],[-77.4715,37.51772],[-77.4711,37.51714],[-77.47123,37.51671],[-77.47188,37.51633],[-77.47209,37.51576],[-77.47413,37.51639],[-77.47561,37.5144],[-77.47567,37.51412],[-77.47466,37.5103],[-77.47984,37.50939],[-77.48416,37.50927],[-77.48711,37.5104],[-77.48979,37.51154],[-77.49128,37.51239],[-77.49219,37.51326],[-77.49295,37.51445],[-77.49326,37.51537]]]}},{"type":"Feature","properties":{"geoid":"51760060600","jurisdiction":"Richmond City","suppressed":false,"rate_bin":2,"rate_bin_label":"1.25% \u2013 1.75%","hot_core":false,"cold_core":false,"zone":3,"zone_label":"Richmond pocket: mixed types","race_bin":1,"race_bin_label":"Under 20%","pov_bin":1,"pov_bin_label":"Under 10%"},"geometry":{"type":"Polygon","coordinates":[[[-77.494,37.53616],[-77.4921,37.53451],[-77.49064,37.53382],[-77.48959,37.53347],[-77.48867,37.53325],[-77.48783,37.53315],[-77.48628,37.53253],[-77.48592,37.53247],[-77.48388,37.53175],[-77.48528,37.52955],[-77.48605,37.52805],[-77.4869,37.5257],[-77.48656,37.52523],[-77.48635,37.52452],[-77.48565,37.5241],[-77.48392,37.52378],[-77.48302,37.52378],[-77.48203,37.52336],[-77.48407,37.52018],[-77.48137,37.51965],[-77.48382,37.51701],[-77.48435,37.51649],[-77.48569,37.51674],[-77.48586,37.51611],[-77.48573,37.51562],[-77.48579,37.51486],[-77.48662,37.51499],[-77.48706,37.5149],[-77.49084,37.51557],[-77.49167,37.51567],[-77.49326,37.51537],[-77.49462,37.51989],[-77.49619,37.52516],[-77.49663,37.52674],[-77.49686,37.52734],[-77.49725,37.52881],[-77.4974,37.52989],[-77.49735,37.53064],[-77.49709,37.5314],[-77.49652,37.53238],[-77.49577,37.53342],[-77.49487,37.53492],[-77.494,37.53616]]]}},{"type":"Feature","properties":{"geoid":"51760060700","jurisdiction":"Richmond City","suppressed":false,"rate_bin":5,"rate_bin_label":"Over 3.25%","hot_core":false,"cold_core":false,"zone":3,"zone_label":"Richmond pocket: mixed types","race_bin":4,"race_bin_label":"60% \u2013 80%","pov_bin":5,"pov_bin_label":"Over 40%"},"geometry":{"type":"Polygon","coordinates":[[[-77.45086,37.51117],[-77.44793,37.51302],[-77.44679,37.50327],[-77.44427,37.50343],[-77.44414,37.5036],[-77.43882,37.50699],[-77.43958,37.50776],[-77.43215,37.51247],[-77.43233,37.51277],[-77.43347,37.51417],[-77.43049,37.51607],[-77.43016,37.51662],[-77.43037,37.51728],[-77.4297,37.51749],[-77.43069,37.52059],[-77.42997,37.52054],[-77.4291,37.52068],[-77.42736,37.52132],[-77.42955,37.52878],[-77.42761,37.5276],[-77.42488,37.52602],[-77.42021,37.52367],[-77.41932,37.52284],[-77.41892,37.52253],[-77.41799,37.52108],[-77.41749,37.52062],[-77.41748,37.51997],[-77.41723,37.51972],[-77.41721,37.51919],[-77.41686,37.51776],[-77.41686,37.51719],[-77.41651,37.51713],[-77.4164,37.51708],[-77.41648,37.5158],[-77.41649,37.51418],[-77.41641,37.51351],[-77.41647,37.51195],[-77.41642,37.5107],[-77.41655,37.50994],[-77.41659,37.50898],[-77.41705,37.50677],[-77.41731,37.50599],[-77.41738,37.50547],[-77.41764,37.50469],[-77.418,37.50429],[-77.41832,37.50321],[-77.41872,37.50314],[-77.41852,37.50297],[-77.41899,37.50234],[-77.41997,37.50133],[-77.42087,37.50013],[-77.42103,37.49978],[-77.42171,37.49899],[-77.42384,37.49891],[-77.42485,37.49861],[-77.4262,37.49786],[-77.42698,37.4972],[-77.42762,37.49626],[-77.42786,37.49614],[-77.42827,37.49629],[-77.42846,37.49569],[-77.42898,37.49505],[-77.43124,37.49487],[-77.43173,37.49434],[-77.43207,37.4943],[-77.43266,37.49459],[-77.4333,37.49451],[-77.43368,37.49412],[-77.43376,37.49466],[-77.43407,37.49489],[-77.43557,37.49258],[-77.43586,37.49228],[-77.43649,37.49191],[-77.43705,37.49176],[-77.44544,37.49121],[-77.44578,37.49411],[-77.44664,37.49401],[-77.4475,37.49368],[-77.44862,37.49357],[-77.44895,37.49456],[-77.44975,37.49559],[-77.45042,37.49628],[-77.45122,37.4969],[-77.45287,37.49758],[-77.4567,37.49898],[-77.45835,37.49954],[-77.46665,37.50258],[-77.46542,37.50351],[-77.46473,37.50416],[-77.4637,37.5053],[-77.46337,37.50588],[-77.45869,37.50888],[-77.45701,37.50723],[-77.45408,37.50913],[-77.45086,37.51117]]]}},{"type":"Feature","properties":{"geoid":"51760060800","jurisdiction":"Richmond City","suppressed":false,"rate_bin":3,"rate_bin_label":"1.75% \u2013 2.25%","hot_core":false,"cold_core":false,"zone":3,"zone_label":"Richmond pocket: mixed types","race_bin":4,"race_bin_label":"60% \u2013 80%","pov_bin":2,"pov_bin_label":"10% \u2013 20%"},"geometry":{"type":"Polygon","coordinates":[[[-77.44862,37.49357],[-77.4475,37.49368],[-77.44664,37.49401],[-77.44578,37.49411],[-77.44544,37.49121],[-77.43705,37.49176],[-77.43649,37.49191],[-77.43586,37.49228],[-77.43557,37.49258],[-77.43407,37.49489],[-77.43376,37.49466],[-77.43368,37.49412],[-77.4333,37.49451],[-77.43266,37.49459],[-77.43207,37.4943],[-77.43173,37.49434],[-77.43124,37.49487],[-77.42898,37.49505],[-77.42846,37.49569],[-77.42827,37.49629],[-77.42786,37.49614],[-77.42762,37.49626],[-77.42698,37.4972],[-77.4262,37.49786],[-77.42485,37.49861],[-77.42384,37.49891],[-77.42171,37.49899],[-77.42208,37.49812],[-77.42202,37.49784],[-77.42258,37.49715],[-77.42281,37.49614],[-77.42227,37.49433],[-77.42221,37.49372],[-77.42168,37.49195],[-77.4216,37.49076],[-77.42148,37.49028],[-77.42151,37.48968],[-77.42137,37.48948],[-77.42138,37.48853],[-77.42157,37.48822],[-77.42124,37.48792],[-77.4214,37.48712],[-77.42101,37.48681],[-77.42124,37.48599],[-77.42088,37.48589],[-77.42129,37.48546],[-77.42118,37.48518],[-77.42137,37.48461],[-77.42121,37.48384],[-77.42136,37.48343],[-77.42124,37.48151],[-77.42149,37.48126],[-77.42123,37.48103],[-77.42141,37.48018],[-77.4214,37.47841],[-77.42164,37.47753],[-77.42184,37.47516],[-77.42179,37.4742],[-77.42182,37.47268],[-77.4217,37.47239],[-77.42164,37.47131],[-77.42136,37.4711],[-77.4214,37.47062],[-77.42112,37.4697],[-77.421,37.46876],[-77.42109,37.46857],[-77.4207,37.46816],[-77.42016,37.46795],[-77.42071,37.468],[-77.42067,37.46761],[-77.42041,37.46707],[-77.42025,37.46597],[-77.41998,37.4657],[-77.41998,37.46503],[-77.41968,37.46439],[-77.41952,37.46261],[-77.41927,37.46196],[-77.41895,37.46061],[-77.41858,37.45946],[-77.41802,37.45879],[-77.41784,37.45833],[-77.4179,37.45742],[-77.41814,37.45785],[-77.41837,37.45897],[-77.41859,37.45857],[-77.41842,37.45808],[-77.41803,37.45611],[-77.4178,37.45462],[-77.41763,37.45434],[-77.41747,37.4529],[-77.41766,37.45214],[-77.41751,37.45181],[-77.41775,37.45081],[-77.418,37.45014],[-77.41828,37.44902],[-77.41851,37.44858],[-77.41847,37.44825],[-77.41872,37.44697],[-77.41894,37.44655],[-77.41957,37.44697],[-77.42074,37.44752],[-77.42648,37.45138],[-77.42659,37.45193],[-77.42645,37.45354],[-77.42719,37.45999],[-77.42748,37.46223],[-77.42767,37.46422],[-77.42802,37.46697],[-77.43354,37.46654],[-77.43458,37.46675],[-77.43527,37.46737],[-77.43543,37.46786],[-77.43523,37.47054],[-77.4353,37.47132],[-77.43563,37.47176],[-77.43652,37.47218],[-77.43859,37.47256],[-77.44064,37.47287],[-77.44263,37.47299],[-77.44392,37.47293],[-77.44687,37.47264],[-77.44851,37.47256],[-77.44852,37.47416],[-77.44847,37.4798],[-77.44858,37.48278],[-77.4486,37.48627],[-77.44865,37.48729],[-77.44859,37.49242],[-77.44862,37.49357]]]}},{"type":"Feature","properties":{"geoid":"51760060900","jurisdiction":"Richmond City","suppressed":false,"rate_bin":4,"rate_bin_label":"2.25% \u2013 3.25%","hot_core":false,"cold_core":false,"zone":3,"zone_label":"Richmond pocket: mixed types","race_bin":2,"race_bin_label":"20% \u2013 40%","pov_bin":3,"pov_bin_label":"20% \u2013 30%"},"geometry":{"type":"Polygon","coordinates":[[[-77.45024,37.4606],[-77.44909,37.46717],[-77.44869,37.46964],[-77.44857,37.47102],[-77.44851,37.47256],[-77.44687,37.47264],[-77.44392,37.47293],[-77.44263,37.47299],[-77.44064,37.47287],[-77.43859,37.47256],[-77.43652,37.47218],[-77.43563,37.47176],[-77.4353,37.47132],[-77.43523,37.47054],[-77.43543,37.46786],[-77.43527,37.46737],[-77.43458,37.46675],[-77.43354,37.46654],[-77.42802,37.46697],[-77.42767,37.46422],[-77.42748,37.46223],[-77.42719,37.45999],[-77.42645,37.45354],[-77.42659,37.45193],[-77.42648,37.45138],[-77.42959,37.45342],[-77.42974,37.45361],[-77.43396,37.4564],[-77.43549,37.45748],[-77.43626,37.45774],[-77.44218,37.46012],[-77.44264,37.46036],[-77.44464,37.46024],[-77.44572,37.46025],[-77.44767,37.45985],[-77.4485,37.45978],[-77.44968,37.45987],[-77.4503,37.46001],[-77.45024,37.4606]]]}},{"type":"Feature","properties":{"geoid":"51760061001","jurisdiction":"Richmond City","suppressed":false,"rate_bin":2,"rate_bin_label":"1.25% \u2013 1.75%","hot_core":false,"cold_core":false,"zone":3,"zone_label":"Richmond pocket: mixed types","race_bin":3,"race_bin_label":"40% \u2013 60%","pov_bin":2,"pov_bin_label":"10% \u2013 20%"},"geometry":{"type":"Polygon","coordinates":[[[-77.46167,37.52696],[-77.45466,37.53188],[-77.45359,37.53227],[-77.45206,37.53255],[-77.45079,37.53264],[-77.44955,37.53256],[-77.45197,37.52642],[-77.45237,37.52533],[-77.45238,37.52471],[-77.45206,37.524],[-77.45157,37.5232],[-77.45017,37.52394],[-77.44907,37.52463],[-77.44573,37.52129],[-77.44189,37.52373],[-77.44102,37.52289],[-77.43794,37.51982],[-77.43759,37.51924],[-77.4373,37.51787],[-77.43706,37.51729],[-77.43727,37.51737],[-77.43881,37.51882],[-77.44295,37.51618],[-77.44793,37.51302],[-77.45086,37.51117],[-77.45139,37.51375],[-77.45171,37.5161],[-77.45211,37.51804],[-77.45355,37.51753],[-77.45517,37.52022],[-77.45541,37.52029],[-77.45709,37.51962],[-77.45765,37.52052],[-77.45544,37.52139],[-77.4569,37.52374],[-77.45753,37.52357],[-77.45887,37.52373],[-77.45959,37.52364],[-77.46013,37.52455],[-77.46167,37.52696]]]}},{"type":"Feature","properties":{"geoid":"51760061002","jurisdiction":"Richmond City","suppressed":false,"rate_bin":1,"rate_bin_label":"Under 1.25%","hot_core":false,"cold_core":false,"zone":3,"zone_label":"Richmond pocket: mixed types","race_bin":2,"race_bin_label":"20% \u2013 40%","pov_bin":1,"pov_bin_label":"Under 10%"},"geometry":{"type":"Polygon","coordinates":[[[-77.44955,37.53256],[-77.44544,37.53181],[-77.44263,37.53183],[-77.44084,37.53173],[-77.43909,37.53148],[-77.43552,37.53086],[-77.43368,37.53035],[-77.43149,37.52985],[-77.42961,37.52898],[-77.42955,37.52878],[-77.42736,37.52132],[-77.4291,37.52068],[-77.42997,37.52054],[-77.43069,37.52059],[-77.43242,37.52085],[-77.434,37.52133],[-77.43191,37.5192],[-77.43575,37.51674],[-77.43614,37.51633],[-77.43706,37.51729],[-77.4373,37.51787],[-77.43759,37.51924],[-77.43794,37.51982],[-77.44102,37.52289],[-77.44189,37.52373],[-77.44573,37.52129],[-77.44907,37.52463],[-77.45017,37.52394],[-77.45157,37.5232],[-77.45206,37.524],[-77.45238,37.52471],[-77.45237,37.52533],[-77.45197,37.52642],[-77.44955,37.53256]]]}},{"type":"Feature","properties":{"geoid":"51760070100","jurisdiction":"Richmond City","suppressed":false,"rate_bin":4,"rate_bin_label":"2.25% \u2013 3.25%","hot_core":false,"cold_core":false,"zone":1,"zone_label":"Henrico\u2013Chesterfield suburban ring","race_bin":1,"race_bin_label":"Under 20%","pov_bin":2,"pov_bin_label":"10% \u2013 20%"},"geometry":{"type":"Polygon","coordinates":[[[-77.59546,37.55575],[-77.59479,37.55582],[-77.59325,37.55585],[-77.59255,37.55602],[-77.59167,37.55611],[-77.59059,37.5564],[-77.58822,37.55741],[-77.58771,37.55769],[-77.58516,37.5584],[-77.58282,37.55878],[-77.58145,37.55891],[-77.57975,37.55893],[-77.57844,37.559],[-77.57689,37.55891],[-77.57579,37.55867],[-77.57553,37.5585],[-77.57459,37.55859],[-77.57385,37.55857],[-77.57322,37.55839],[-77.5717,37.55824],[-77.57089,37.55804],[-77.5683,37.55727],[-77.56646,37.55679],[-77.56492,37.55645],[-77.56396,37.55611],[-77.56218,37.55572],[-77.56113,37.55555],[-77.56014,37.55557],[-77.5594,37.55569],[-77.55814,37.55608],[-77.55711,37.55656],[-77.55656,37.55703],[-77.55529,37.55767],[-77.5534,37.55822],[-77.552,37.55851],[-77.55089,37.55864],[-77.55005,37.55893],[-77.54882,37.5597],[-77.54779,37.56012],[-77.54694,37.56034],[-77.54591,37.56047],[-77.54468,37.56048],[-77.54416,37.5604],[-77.5445,37.55818],[-77.54483,37.55671],[-77.54513,37.55596],[-77.54561,37.55524],[-77.54964,37.55064],[-77.55076,37.54912],[-77.55144,37.54802],[-77.55166,37.54754],[-77.55372,37.54415],[-77.55452,37.54303],[-77.5559,37.54155],[-77.55694,37.54065],[-77.55861,37.53951],[-77.5637,37.53668],[-77.56558,37.53567],[-77.56638,37.53531],[-77.56776,37.53484],[-77.56925,37.53451],[-77.57144,37.53395],[-77.57793,37.53233],[-77.57955,37.53218],[-77.58102,37.53232],[-77.58836,37.53341],[-77.5892,37.53348],[-77.59044,37.53344],[-77.59171,37.53321],[-77.59245,37.53295],[-77.59277,37.53366],[-77.59321,37.53379],[-77.59685,37.53465],[-77.59636,37.53594],[-77.59727,37.53732],[-77.59759,37.53907],[-77.5978,37.53946],[-77.59911,37.54071],[-77.59923,37.54193],[-77.59899,37.54283],[-77.59993,37.5436],[-77.60048,37.54447],[-77.60117,37.54516],[-77.59585,37.54586],[-77.5957,37.54977],[-77.59557,37.55261],[-77.59546,37.55575]]]}},{"type":"Feature","properties":{"geoid":"51760070300","jurisdiction":"Richmond City","suppressed":false,"rate_bin":2,"rate_bin_label":"1.25% \u2013 1.75%","hot_core":false,"cold_core":false,"zone":1,"zone_label":"Henrico\u2013Chesterfield suburban ring","race_bin":2,"race_bin_label":"20% \u2013 40%","pov_bin":1,"pov_bin_label":"Under 10%"},"geometry":{"type":"Polygon","coordinates":[[[-77.54416,37.5604],[-77.54394,37.56027],[-77.54134,37.5602],[-77.54044,37.56004],[-77.53856,37.55955],[-77.53855,37.55886],[-77.53761,37.55778],[-77.53784,37.55754],[-77.53872,37.5575],[-77.53907,37.55736],[-77.54009,37.55742],[-77.54047,37.55719],[-77.54041,37.55684],[-77.5416,37.55611],[-77.54174,37.5554],[-77.54247,37.55429],[-77.54255,37.55316],[-77.54248,37.55289],[-77.54287,37.55134],[-77.54335,37.54999],[-77.54357,37.5496],[-77.54433,37.54873],[-77.5447,37.54727],[-77.54492,37.54615],[-77.54518,37.54551],[-77.54555,37.54504],[-77.54374,37.54454],[-77.53577,37.54204],[-77.53477,37.54162],[-77.53389,37.54112],[-77.53011,37.5387],[-77.52953,37.53819],[-77.52917,37.53758],[-77.52902,37.53702],[-77.52895,37.53552],[-77.52897,37.53456],[-77.52886,37.53187],[-77.53228,37.53113],[-77.53327,37.53085],[-77.53585,37.53023],[-77.53644,37.53012],[-77.54504,37.5281],[-77.54914,37.53559],[-77.55251,37.54183],[-77.55452,37.54303],[-77.55372,37.54415],[-77.55166,37.54754],[-77.55144,37.54802],[-77.55076,37.54912],[-77.54964,37.55064],[-77.54561,37.55524],[-77.54513,37.55596],[-77.54483,37.55671],[-77.5445,37.55818],[-77.54416,37.5604]]]}},{"type":"Feature","properties":{"geoid":"51760070400","jurisdiction":"Richmond City","suppressed":false,"rate_bin":4,"rate_bin_label":"2.25% \u2013 3.25%","hot_core":false,"cold_core":false,"zone":1,"zone_label":"Henrico\u2013Chesterfield suburban ring","race_bin":1,"race_bin_label":"Under 20%","pov_bin":1,"pov_bin_label":"Under 10%"},"geometry":{"type":"Polygon","coordinates":[[[-77.53856,37.55955],[-77.53705,37.55934],[-77.53684,37.55924],[-77.53488,37.55918],[-77.53235,37.55923],[-77.53111,37.55937],[-77.5297,37.55919],[-77.52949,37.55966],[-77.52866,37.55966],[-77.52769,37.55931],[-77.52593,37.55771],[-77.52448,37.55553],[-77.52385,37.55474],[-77.52323,37.55427],[-77.52204,37.55375],[-77.52184,37.55332],[-77.52129,37.55271],[-77.52075,37.55238],[-77.51851,37.55196],[-77.51577,37.55117],[-77.51249,37.55015],[-77.51064,37.5494],[-77.50809,37.54801],[-77.50549,37.54648],[-77.50377,37.54514],[-77.50105,37.54279],[-77.49858,37.54037],[-77.49697,37.53888],[-77.50265,37.53543],[-77.5032,37.53514],[-77.50436,37.53472],[-77.50654,37.53431],[-77.50791,37.53389],[-77.50916,37.53321],[-77.51032,37.53247],[-77.51089,37.53219],[-77.51196,37.53182],[-77.5129,37.53163],[-77.51812,37.53101],[-77.52018,37.53061],[-77.52192,37.53003],[-77.52331,37.52939],[-77.52832,37.52634],[-77.52847,37.52623],[-77.52856,37.52983],[-77.52865,37.53193],[-77.52886,37.53187],[-77.52897,37.53456],[-77.52895,37.53552],[-77.52902,37.53702],[-77.52917,37.53758],[-77.52953,37.53819],[-77.53011,37.5387],[-77.53389,37.54112],[-77.53477,37.54162],[-77.53577,37.54204],[-77.54374,37.54454],[-77.54555,37.54504],[-77.54518,37.54551],[-77.54492,37.54615],[-77.5447,37.54727],[-77.54433,37.54873],[-77.54357,37.5496],[-77.54335,37.54999],[-77.54287,37.55134],[-77.54248,37.55289],[-77.54255,37.55316],[-77.54247,37.55429],[-77.54174,37.5554],[-77.5416,37.55611],[-77.54041,37.55684],[-77.54047,37.55719],[-77.54009,37.55742],[-77.53907,37.55736],[-77.53872,37.5575],[-77.53784,37.55754],[-77.53761,37.55778],[-77.53855,37.55886],[-77.53856,37.55955]]]}},{"type":"Feature","properties":{"geoid":"51760070601","jurisdiction":"Richmond City","suppressed":false,"rate_bin":5,"rate_bin_label":"Over 3.25%","hot_core":false,"cold_core":false,"zone":2,"zone_label":"Southern suburban belt","race_bin":2,"race_bin_label":"20% \u2013 40%","pov_bin":4,"pov_bin_label":"30% \u2013 40%"},"geometry":{"type":"Polygon","coordinates":[[[-77.51408,37.50353],[-77.51078,37.50411],[-77.5046,37.5052],[-77.4982,37.50633],[-77.49662,37.50666],[-77.49573,37.50692],[-77.4943,37.50744],[-77.49291,37.50786],[-77.48878,37.5086],[-77.48801,37.50789],[-77.48801,37.50775],[-77.48266,37.50303],[-77.47835,37.49905],[-77.4755,37.49648],[-77.47562,37.49609],[-77.47651,37.49589],[-77.47755,37.49592],[-77.47794,37.49529],[-77.47856,37.49506],[-77.48128,37.49068],[-77.48179,37.48995],[-77.48273,37.48898],[-77.4849,37.49018],[-77.48634,37.49111],[-77.48811,37.49255],[-77.48832,37.49257],[-77.48942,37.49359],[-77.49028,37.49404],[-77.49137,37.49437],[-77.492,37.4947],[-77.4929,37.49539],[-77.49358,37.49574],[-77.49445,37.49593],[-77.49586,37.49609],[-77.4973,37.49656],[-77.49855,37.49685],[-77.50111,37.49694],[-77.50562,37.49722],[-77.50666,37.49742],[-77.50889,37.4983],[-77.50948,37.49845],[-77.50936,37.49884],[-77.51004,37.4993],[-77.5107,37.49988],[-77.51151,37.50071],[-77.51235,37.50172],[-77.51286,37.50257],[-77.51362,37.50328],[-77.51408,37.50353]]]}},{"type":"Feature","properties":{"geoid":"51760070602","jurisdiction":"Richmond City","suppressed":false,"rate_bin":4,"rate_bin_label":"2.25% \u2013 3.25%","hot_core":false,"cold_core":false,"zone":2,"zone_label":"Southern suburban belt","race_bin":4,"race_bin_label":"60% \u2013 80%","pov_bin":2,"pov_bin_label":"10% \u2013 20%"},"geometry":{"type":"Polygon","coordinates":[[[-77.48416,37.50927],[-77.48299,37.50887],[-77.47868,37.50724],[-77.47481,37.50571],[-77.47157,37.50449],[-77.47055,37.50406],[-77.46665,37.50258],[-77.46851,37.50125],[-77.46909,37.50072],[-77.4702,37.4989],[-77.4704,37.49882],[-77.47059,37.49819],[-77.47057,37.49724],[-77.4702,37.49625],[-77.47012,37.49538],[-77.47033,37.49421],[-77.47115,37.49229],[-77.47139,37.49182],[-77.47221,37.4905],[-77.47339,37.48899],[-77.4737,37.48866],[-77.47571,37.4869],[-77.47619,37.48637],[-77.47864,37.48307],[-77.47954,37.48363],[-77.48005,37.48428],[-77.48013,37.48456],[-77.48058,37.4871],[-77.48099,37.48787],[-77.48156,37.48834],[-77.48273,37.48898],[-77.48179,37.48995],[-77.48128,37.49068],[-77.47856,37.49506],[-77.47794,37.49529],[-77.47755,37.49592],[-77.47651,37.49589],[-77.47562,37.49609],[-77.4755,37.49648],[-77.47835,37.49905],[-77.48266,37.50303],[-77.48801,37.50775],[-77.48801,37.50789],[-77.48878,37.5086],[-77.48583,37.50911],[-77.48416,37.50927]]]}},{"type":"Feature","properties":{"geoid":"51760070700","jurisdiction":"Richmond City","suppressed":false,"rate_bin":4,"rate_bin_label":"2.25% \u2013 3.25%","hot_core":false,"cold_core":false,"zone":2,"zone_label":"Southern suburban belt","race_bin":3,"race_bin_label":"40% \u2013 60%","pov_bin":2,"pov_bin_label":"10% \u2013 20%"},"geometry":{"type":"Polygon","coordinates":[[[-77.52314,37.50171],[-77.52318,37.5019],[-77.51408,37.50353],[-77.51362,37.50328],[-77.51286,37.50257],[-77.51235,37.50172],[-77.51151,37.50071],[-77.5107,37.49988],[-77.51004,37.4993],[-77.50936,37.49884],[-77.50948,37.49845],[-77.50889,37.4983],[-77.50666,37.49742],[-77.50562,37.49722],[-77.50111,37.49694],[-77.49855,37.49685],[-77.4973,37.49656],[-77.49586,37.49609],[-77.49445,37.49593],[-77.49358,37.49574],[-77.4929,37.49539],[-77.492,37.4947],[-77.49137,37.49437],[-77.49028,37.49404],[-77.48942,37.49359],[-77.48832,37.49257],[-77.48924,37.49197],[-77.49173,37.49052],[-77.49313,37.48956],[-77.4938,37.48897],[-77.49513,37.4876],[-77.49608,37.48695],[-77.50031,37.4845],[-77.50116,37.48399],[-77.5042,37.48224],[-77.50558,37.48159],[-77.50672,37.48118],[-77.51058,37.47998],[-77.51365,37.47912],[-77.5137,37.47925],[-77.5153,37.48],[-77.51597,37.48074],[-77.51702,37.48324],[-77.51944,37.48875],[-77.52038,37.49107],[-77.52172,37.49454],[-77.52328,37.49823],[-77.52375,37.49958],[-77.52372,37.50067],[-77.52341,37.50148],[-77.52314,37.50171]]]}},{"type":"Feature","properties":{"geoid":"51760070802","jurisdiction":"Richmond City","suppressed":false,"rate_bin":4,"rate_bin_label":"2.25% \u2013 3.25%","hot_core":false,"cold_core":false,"zone":2,"zone_label":"Southern suburban belt","race_bin":2,"race_bin_label":"20% \u2013 40%","pov_bin":1,"pov_bin_label":"Under 10%"},"geometry":{"type":"Polygon","coordinates":[[[-77.48306,37.4702],[-77.48288,37.47065],[-77.48279,37.47177],[-77.48198,37.47453],[-77.48155,37.47582],[-77.48061,37.47894],[-77.47962,37.48134],[-77.47904,37.4825],[-77.47864,37.48307],[-77.4762,37.48158],[-77.47498,37.48073],[-77.47234,37.47856],[-77.47207,37.47827],[-77.4716,37.47817],[-77.47004,37.477],[-77.46865,37.47625],[-77.46828,37.47612],[-77.46881,37.47436],[-77.46853,37.47108],[-77.46874,37.47039],[-77.46936,37.4693],[-77.4697,37.46841],[-77.46974,37.46781],[-77.46955,37.46709],[-77.46899,37.46639],[-77.46767,37.46513],[-77.46683,37.46392],[-77.46732,37.46394],[-77.46859,37.46332],[-77.46936,37.46304],[-77.47145,37.46243],[-77.47269,37.46162],[-77.47308,37.46076],[-77.47312,37.46045],[-77.4736,37.46017],[-77.47442,37.46081],[-77.47516,37.46097],[-77.47562,37.46086],[-77.47656,37.46099],[-77.47679,37.4607],[-77.47719,37.46061],[-77.47733,37.46035],[-77.4783,37.45968],[-77.47902,37.45903],[-77.47969,37.45888],[-77.47996,37.45979],[-77.48036,37.46031],[-77.48076,37.46155],[-77.48255,37.46115],[-77.48331,37.46022],[-77.48365,37.4602],[-77.48361,37.45988],[-77.4848,37.45908],[-77.48616,37.4591],[-77.48639,37.45902],[-77.48671,37.45984],[-77.48716,37.46133],[-77.48894,37.46533],[-77.48897,37.4663],[-77.48867,37.46691],[-77.48807,37.46746],[-77.48764,37.46769],[-77.48416,37.46923],[-77.48364,37.46955],[-77.48306,37.4702]]]}},{"type":"Feature","properties":{"geoid":"51760070803","jurisdiction":"Richmond City","suppressed":false,"rate_bin":4,"rate_bin_label":"2.25% \u2013 3.25%","hot_core":false,"cold_core":false,"zone":2,"zone_label":"Southern suburban belt","race_bin":4,"race_bin_label":"60% \u2013 80%","pov_bin":4,"pov_bin_label":"30% \u2013 40%"},"geometry":{"type":"Polygon","coordinates":[[[-77.5042,37.48224],[-77.50116,37.48399],[-77.50031,37.4845],[-77.49608,37.48695],[-77.49513,37.4876],[-77.4938,37.48897],[-77.49313,37.48956],[-77.49173,37.49052],[-77.48924,37.49197],[-77.48832,37.49257],[-77.48811,37.49255],[-77.48634,37.49111],[-77.4849,37.49018],[-77.48273,37.48898],[-77.48156,37.48834],[-77.48099,37.48787],[-77.48058,37.4871],[-77.48013,37.48456],[-77.48005,37.48428],[-77.47954,37.48363],[-77.47864,37.48307],[-77.47904,37.4825],[-77.47962,37.48134],[-77.48061,37.47894],[-77.48155,37.47582],[-77.48198,37.47453],[-77.48279,37.47177],[-77.48288,37.47065],[-77.48306,37.4702],[-77.4843,37.47032],[-77.48726,37.47088],[-77.48995,37.47151],[-77.49074,37.47163],[-77.49447,37.47247],[-77.49542,37.47249],[-77.49546,37.47272],[-77.49621,37.47399],[-77.49635,37.47442],[-77.49643,37.47542],[-77.49571,37.47546],[-77.49457,37.47575],[-77.49438,37.47594],[-77.4942,37.4767],[-77.4926,37.47611],[-77.4917,37.47598],[-77.4912,37.47774],[-77.49369,37.47817],[-77.4939,37.47838],[-77.4936,37.47906],[-77.49299,37.47929],[-77.49265,37.47964],[-77.49204,37.48112],[-77.49646,37.48187],[-77.49728,37.47993],[-77.49784,37.47889],[-77.49817,37.47796],[-77.5033,37.47865],[-77.50349,37.48011],[-77.50403,37.481],[-77.5042,37.48224]]]}},{"type":"Feature","properties":{"geoid":"51760070804","jurisdiction":"Richmond City","suppressed":false,"rate_bin":5,"rate_bin_label":"Over 3.25%","hot_core":false,"cold_core":false,"zone":2,"zone_label":"Southern suburban belt","race_bin":4,"race_bin_label":"60% \u2013 80%","pov_bin":2,"pov_bin_label":"10% \u2013 20%"},"geometry":{"type":"Polygon","coordinates":[[[-77.51365,37.47912],[-77.51058,37.47998],[-77.50672,37.48118],[-77.50558,37.48159],[-77.5042,37.48224],[-77.50403,37.481],[-77.50349,37.48011],[-77.5033,37.47865],[-77.49817,37.47796],[-77.49784,37.47889],[-77.49728,37.47993],[-77.49646,37.48187],[-77.49204,37.48112],[-77.49265,37.47964],[-77.49299,37.47929],[-77.4936,37.47906],[-77.4939,37.47838],[-77.49369,37.47817],[-77.4912,37.47774],[-77.4917,37.47598],[-77.4926,37.47611],[-77.4942,37.4767],[-77.49438,37.47594],[-77.49457,37.47575],[-77.49571,37.47546],[-77.49643,37.47542],[-77.49635,37.47442],[-77.49621,37.47399],[-77.49546,37.47272],[-77.49542,37.47249],[-77.49447,37.47247],[-77.49074,37.47163],[-77.48995,37.47151],[-77.48726,37.47088],[-77.4843,37.47032],[-77.48306,37.4702],[-77.48364,37.46955],[-77.48416,37.46923],[-77.48764,37.46769],[-77.48807,37.46746],[-77.48867,37.46691],[-77.48897,37.4663],[-77.48894,37.46533],[-77.48716,37.46133],[-77.48671,37.45984],[-77.48639,37.45902],[-77.48658,37.45841],[-77.48705,37.45793],[-77.48714,37.4576],[-77.48698,37.45723],[-77.48756,37.45707],[-77.4879,37.45661],[-77.4888,37.45572],[-77.48972,37.45575],[-77.49044,37.45629],[-77.49129,37.45643],[-77.49201,37.45719],[-77.49223,37.45825],[-77.49304,37.45875],[-77.4937,37.46019],[-77.49558,37.4597],[-77.49563,37.46009],[-77.49543,37.46091],[-77.49459,37.46198],[-77.49485,37.46263],[-77.49484,37.46295],[-77.49555,37.46313],[-77.49591,37.46359],[-77.49715,37.46419],[-77.4979,37.46433],[-77.49845,37.46471],[-77.4988,37.46518],[-77.49938,37.46525],[-77.49956,37.4649],[-77.49998,37.46451],[-77.50074,37.46401],[-77.50392,37.46563],[-77.50569,37.46671],[-77.50717,37.4677],[-77.50743,37.46764],[-77.5093,37.46926],[-77.51081,37.47082],[-77.51225,37.47248],[-77.51355,37.47485],[-77.51407,37.47594],[-77.51432,37.47704],[-77.51431,37.47778],[-77.51365,37.47912]]]}},{"type":"Feature","properties":{"geoid":"51760070901","jurisdiction":"Richmond City","suppressed":false,"rate_bin":4,"rate_bin_label":"2.25% \u2013 3.25%","hot_core":false,"cold_core":false,"zone":2,"zone_label":"Southern suburban belt","race_bin":4,"race_bin_label":"60% \u2013 80%","pov_bin":1,"pov_bin_label":"Under 10%"},"geometry":{"type":"Polygon","coordinates":[[[-77.47139,37.49182],[-77.46949,37.48914],[-77.46712,37.48589],[-77.46596,37.48425],[-77.4653,37.48519],[-77.46407,37.48355],[-77.46347,37.48211],[-77.46309,37.48163],[-77.46252,37.48119],[-77.46143,37.48051],[-77.46109,37.48069],[-77.45243,37.48216],[-77.44858,37.48278],[-77.44847,37.4798],[-77.44852,37.47416],[-77.44851,37.47256],[-77.44857,37.47102],[-77.44869,37.46964],[-77.44909,37.46717],[-77.45024,37.4606],[-77.45222,37.46119],[-77.45769,37.46367],[-77.45938,37.46433],[-77.46043,37.46258],[-77.46161,37.46252],[-77.46206,37.4624],[-77.46223,37.46216],[-77.46262,37.46216],[-77.46511,37.46247],[-77.46528,37.46309],[-77.46562,37.46342],[-77.46683,37.46392],[-77.46767,37.46513],[-77.46899,37.46639],[-77.46955,37.46709],[-77.46974,37.46781],[-77.4697,37.46841],[-77.46936,37.4693],[-77.46874,37.47039],[-77.46853,37.47108],[-77.46881,37.47436],[-77.46828,37.47612],[-77.46865,37.47625],[-77.47004,37.477],[-77.4716,37.47817],[-77.47207,37.47827],[-77.47234,37.47856],[-77.47498,37.48073],[-77.4762,37.48158],[-77.47864,37.48307],[-77.47619,37.48637],[-77.47571,37.4869],[-77.4737,37.48866],[-77.47339,37.48899],[-77.47221,37.4905],[-77.47139,37.49182]]]}},{"type":"Feature","properties":{"geoid":"51760070902","jurisdiction":"Richmond City","suppressed":false,"rate_bin":5,"rate_bin_label":"Over 3.25%","hot_core":false,"cold_core":false,"zone":2,"zone_label":"Southern suburban belt","race_bin":5,"race_bin_label":"Over 80%","pov_bin":2,"pov_bin_label":"10% \u2013 20%"},"geometry":{"type":"Polygon","coordinates":[[[-77.46665,37.50258],[-77.45835,37.49954],[-77.4567,37.49898],[-77.45287,37.49758],[-77.45122,37.4969],[-77.45042,37.49628],[-77.44975,37.49559],[-77.44895,37.49456],[-77.44862,37.49357],[-77.44859,37.49242],[-77.44865,37.48729],[-77.4486,37.48627],[-77.44858,37.48278],[-77.45243,37.48216],[-77.46109,37.48069],[-77.46143,37.48051],[-77.46252,37.48119],[-77.46309,37.48163],[-77.46347,37.48211],[-77.46407,37.48355],[-77.4653,37.48519],[-77.46596,37.48425],[-77.46712,37.48589],[-77.46949,37.48914],[-77.47139,37.49182],[-77.47115,37.49229],[-77.47033,37.49421],[-77.47012,37.49538],[-77.4702,37.49625],[-77.47057,37.49724],[-77.47059,37.49819],[-77.4704,37.49882],[-77.4702,37.4989],[-77.46909,37.50072],[-77.46851,37.50125],[-77.46665,37.50258]]]}},{"type":"Feature","properties":{"geoid":"51760071002","jurisdiction":"Richmond City","suppressed":false,"rate_bin":4,"rate_bin_label":"2.25% \u2013 3.25%","hot_core":false,"cold_core":false,"zone":3,"zone_label":"Richmond pocket: mixed types","race_bin":2,"race_bin_label":"20% \u2013 40%","pov_bin":2,"pov_bin_label":"10% \u2013 20%"},"geometry":{"type":"Polygon","coordinates":[[[-77.51603,37.51941],[-77.51365,37.52036],[-77.51264,37.52061],[-77.51184,37.52064],[-77.511,37.52058],[-77.50899,37.52008],[-77.50734,37.51977],[-77.50498,37.51941],[-77.50431,37.51923],[-77.50287,37.51871],[-77.50211,37.51853],[-77.50106,37.51855],[-77.49702,37.51913],[-77.49558,37.51949],[-77.49462,37.51989],[-77.49326,37.51537],[-77.49295,37.51445],[-77.49219,37.51326],[-77.49128,37.51239],[-77.48979,37.51154],[-77.48711,37.5104],[-77.48416,37.50927],[-77.48583,37.50911],[-77.48878,37.5086],[-77.49291,37.50786],[-77.4943,37.50744],[-77.49573,37.50692],[-77.49662,37.50666],[-77.4982,37.50633],[-77.5046,37.5052],[-77.50575,37.51107],[-77.506,37.51141],[-77.5119,37.51606],[-77.51186,37.51611],[-77.51522,37.51832],[-77.51564,37.51876],[-77.51603,37.51941]]]}},{"type":"Feature","properties":{"geoid":"51760071003","jurisdiction":"Richmond City","suppressed":false,"rate_bin":5,"rate_bin_label":"Over 3.25%","hot_core":false,"cold_core":false,"zone":2,"zone_label":"Southern suburban belt","race_bin":4,"race_bin_label":"60% \u2013 80%","pov_bin":3,"pov_bin_label":"20% \u2013 30%"},"geometry":{"type":"Polygon","coordinates":[[[-77.52269,37.51613],[-77.52169,37.51653],[-77.5195,37.51771],[-77.51846,37.51842],[-77.51776,37.5188],[-77.51603,37.51941],[-77.51564,37.51876],[-77.51522,37.51832],[-77.51186,37.51611],[-77.5119,37.51606],[-77.506,37.51141],[-77.50575,37.51107],[-77.5046,37.5052],[-77.51078,37.50411],[-77.51226,37.50737],[-77.51285,37.50773],[-77.5137,37.50715],[-77.51431,37.50654],[-77.51511,37.50639],[-77.51766,37.50966],[-77.51924,37.50984],[-77.51918,37.5122],[-77.51934,37.51233],[-77.52187,37.51337],[-77.52208,37.51355],[-77.52294,37.51534],[-77.52264,37.51582],[-77.52269,37.51613]]]}},{"type":"Feature","properties":{"geoid":"51760071004","jurisdiction":"Richmond City","suppressed":true,"rate_bin":null,"rate_bin_label":"Fewer than 5 flagged parcels \u2014 rate not shown","hot_core":false,"cold_core":false,"zone":1,"zone_label":"Henrico\u2013Chesterfield suburban ring","race_bin":4,"race_bin_label":"60% \u2013 80%","pov_bin":3,"pov_bin_label":"20% \u2013 30%"},"geometry":{"type":"Polygon","coordinates":[[[-77.52671,37.51599],[-77.52489,37.5158],[-77.52355,37.51591],[-77.52269,37.51613],[-77.52264,37.51582],[-77.52294,37.51534],[-77.52208,37.51355],[-77.52187,37.51337],[-77.51934,37.51233],[-77.51918,37.5122],[-77.51924,37.50984],[-77.51766,37.50966],[-77.51511,37.50639],[-77.51431,37.50654],[-77.5137,37.50715],[-77.51285,37.50773],[-77.51226,37.50737],[-77.51078,37.50411],[-77.51408,37.50353],[-77.52318,37.5019],[-77.52379,37.50192],[-77.52413,37.50238],[-77.52497,37.50296],[-77.52585,37.50385],[-77.5268,37.50617],[-77.52734,37.50808],[-77.52765,37.50937],[-77.52749,37.50939],[-77.52776,37.51094],[-77.52791,37.51231],[-77.52793,37.51377],[-77.52765,37.51481],[-77.52702,37.51521],[-77.52671,37.51599]]]}},{"type":"Feature","properties":{"geoid":"51760071100","jurisdiction":"Richmond City","suppressed":false,"rate_bin":4,"rate_bin_label":"2.25% \u2013 3.25%","hot_core":false,"cold_core":false,"zone":1,"zone_label":"Henrico\u2013Chesterfield suburban ring","race_bin":2,"race_bin_label":"20% \u2013 40%","pov_bin":1,"pov_bin_label":"Under 10%"},"geometry":{"type":"Polygon","coordinates":[[[-77.52847,37.52623],[-77.52832,37.52634],[-77.52331,37.52939],[-77.52192,37.53003],[-77.52018,37.53061],[-77.51812,37.53101],[-77.5129,37.53163],[-77.51196,37.53182],[-77.51089,37.53219],[-77.51032,37.53247],[-77.50916,37.53321],[-77.50791,37.53389],[-77.50654,37.53431],[-77.50436,37.53472],[-77.5032,37.53514],[-77.50265,37.53543],[-77.49697,37.53888],[-77.494,37.53616],[-77.49487,37.53492],[-77.49577,37.53342],[-77.49652,37.53238],[-77.49709,37.5314],[-77.49735,37.53064],[-77.4974,37.52989],[-77.49725,37.52881],[-77.49686,37.52734],[-77.49663,37.52674],[-77.49619,37.52516],[-77.49462,37.51989],[-77.49558,37.51949],[-77.49702,37.51913],[-77.50106,37.51855],[-77.50211,37.51853],[-77.50287,37.51871],[-77.50431,37.51923],[-77.50498,37.51941],[-77.50734,37.51977],[-77.50899,37.52008],[-77.511,37.52058],[-77.51184,37.52064],[-77.51264,37.52061],[-77.51365,37.52036],[-77.51603,37.51941],[-77.51776,37.5188],[-77.51846,37.51842],[-77.5195,37.51771],[-77.52169,37.51653],[-77.52269,37.51613],[-77.52355,37.51591],[-77.52489,37.5158],[-77.52671,37.51599],[-77.5274,37.51608],[-77.52746,37.51636],[-77.52794,37.51706],[-77.52824,37.51823],[-77.52838,37.52167],[-77.52842,37.5249],[-77.52847,37.52548],[-77.52847,37.52623]]]}}]}