{"type":"FeatureCollection","features":[{"type":"Feature","properties":{"zone":1,"zone_label":"Henrico\u2013Chesterfield suburban ring","n_tracts":106,"rate_bin":2,"rate_bin_label":"1.25% \u2013 1.75%"},"geometry":{"type":"Polygon","coordinates":[[[-77.64429,37.38903],[-77.64445,37.38859],[-77.64544,37.3872],[-77.64585,37.38698],[-77.64877,37.38642],[-77.64936,37.38608],[-77.65036,37.38512],[-77.65046,37.38455],[-77.64804,37.38434],[-77.64745,37.38421],[-77.64567,37.38321],[-77.64465,37.3824],[-77.64369,37.38136],[-77.64244,37.38057],[-77.64188,37.38039],[-77.63971,37.38022],[-77.63578,37.38029],[-77.63367,37.38008],[-77.63437,37.37981],[-77.63616,37.37888],[-77.6372,37.37847],[-77.63818,37.37823],[-77.63982,37.37758],[-77.64049,37.37737],[-77.64225,37.37714],[-77.64353,37.37686],[-77.6445,37.37657],[-77.64591,37.3764],[-77.6475,37.37611],[-77.64847,37.37584],[-77.6496,37.37521],[-77.6512,37.3745],[-77.65198,37.37428],[-77.65253,37.37402],[-77.65361,37.37239],[-77.65399,37.37199],[-77.65539,37.37103],[-77.65608,37.37071],[-77.65721,37.37043],[-77.65795,37.37003],[-77.65899,37.36919],[-77.65961,37.36836],[-77.6599,37.3676],[-77.66051,37.36563],[-77.66105,37.36494],[-77.66196,37.36421],[-77.66303,37.36327],[-77.66337,37.36309],[-77.66502,37.36255],[-77.66546,37.3621],[-77.66616,37.36175],[-77.66702,37.36148],[-77.66857,37.36113],[-77.66954,37.36081],[-77.67071,37.36015],[-77.67228,37.35962],[-77.67354,37.35903],[-77.6787,37.36088],[-77.67969,37.36119],[-77.68166,37.36201],[-77.68363,37.36328],[-77.68464,37.36388],[-77.68586,37.36444],[-77.68868,37.36556],[-77.69084,37.36649],[-77.69303,37.36733],[-77.69393,37.36761],[-77.69535,37.36788],[-77.69663,37.3683],[-77.69975,37.36974],[-77.70049,37.37025],[-77.70121,37.37106],[-77.70191,37.37143],[-77.70249,37.3716],[-77.70515,37.37199],[-77.70557,37.37189],[-77.7061,37.37151],[-77.7065,37.37153],[-77.70869,37.37217],[-77.71,37.37263],[-77.7104,37.3727],[-77.71288,37.37293],[-77.71531,37.37329],[-77.71586,37.37342],[-77.71706,37.37392],[-77.7183,37.37421],[-77.71919,37.37419],[-77.72092,37.37407],[-77.7223,37.37383],[-77.72451,37.37366],[-77.7271,37.37377],[-77.72873,37.37364],[-77.72939,37.37372],[-77.72844,37.37498],[-77.72788,37.37596],[-77.72734,37.37764],[-77.7272,37.37836],[-77.72721,37.37918],[-77.72743,37.37999],[-77.7279,37.38124],[-77.72825,37.38246],[-77.72994,37.38779],[-77.73029,37.38931],[-77.73031,37.39115],[-77.73069,37.39209],[-77.72356,37.39402],[-77.72187,37.39451],[-77.71581,37.39644],[-77.70831,37.39887],[-77.70952,37.40003],[-77.71117,37.40126],[-77.71167,37.40168],[-77.71227,37.40265],[-77.71326,37.40471],[-77.71362,37.40497],[-77.72066,37.40721],[-77.721,37.40742],[-77.72152,37.40819],[-77.72233,37.40975],[-77.72283,37.41059],[-77.72196,37.41146],[-77.71846,37.41531],[-77.71798,37.41575],[-77.7174,37.41612],[-77.71627,37.41667],[-77.71404,37.41743],[-77.71333,37.41782],[-77.7117,37.41893],[-77.71066,37.4194],[-77.70734,37.42012],[-77.70608,37.42046],[-77.70494,37.42065],[-77.70378,37.42074],[-77.70292,37.42091],[-77.70197,37.42132],[-77.69987,37.42274],[-77.69885,37.42334],[-77.69314,37.42682],[-77.69235,37.42755],[-77.69163,37.42882],[-77.69084,37.42973],[-77.6903,37.43013],[-77.68959,37.4304],[-77.68874,37.4306],[-77.6883,37.43102],[-77.68579,37.43498],[-77.68554,37.43544],[-77.68519,37.43658],[-77.68511,37.43707],[-77.6852,37.4376],[-77.68555,37.43844],[-77.68864,37.44035],[-77.68942,37.44063],[-77.68989,37.44105],[-77.6912,37.44159],[-77.6916,37.44216],[-77.6922,37.4434],[-77.69267,37.4438],[-77.69379,37.44508],[-77.69464,37.44623],[-77.69581,37.44748],[-77.69917,37.44994],[-77.69981,37.45049],[-77.70152,37.45167],[-77.70246,37.45268],[-77.70266,37.45303],[-77.70275,37.45484],[-77.70367,37.45564],[-77.70518,37.45709],[-77.70571,37.4577],[-77.70677,37.45867],[-77.70791,37.45987],[-77.70884,37.46067],[-77.70974,37.46167],[-77.71024,37.46197],[-77.7119,37.46256],[-77.71233,37.46281],[-77.71265,37.46279],[-77.71316,37.46303],[-77.71401,37.46361],[-77.71463,37.46413],[-77.71591,37.46485],[-77.71756,37.46588],[-77.71829,37.46642],[-77.71954,37.46717],[-77.72081,37.46778],[-77.72131,37.46814],[-77.72175,37.46882],[-77.722,37.47002],[-77.72334,37.47137],[-77.72586,37.47349],[-77.7265,37.47379],[-77.72686,37.47368],[-77.72753,37.47305],[-77.72827,37.47253],[-77.72856,37.47256],[-77.72953,37.47306],[-77.73191,37.47451],[-77.73306,37.47525],[-77.73358,37.47549],[-77.73568,37.47604],[-77.73718,37.4765],[-77.73814,37.47671],[-77.7389,37.47707],[-77.73924,37.47705],[-77.74144,37.47819],[-77.74254,37.47867],[-77.74427,37.47952],[-77.7452,37.47964],[-77.74554,37.48007],[-77.7465,37.48096],[-77.74716,37.48114],[-77.74806,37.48154],[-77.74856,37.48209],[-77.74881,37.4826],[-77.75117,37.48343],[-77.75162,37.48353],[-77.7518,37.48409],[-77.75206,37.48427],[-77.75259,37.4842],[-77.75279,37.48436],[-77.75365,37.48401],[-77.75389,37.48413],[-77.75501,37.48418],[-77.75517,37.48448],[-77.75555,37.48423],[-77.75632,37.48428],[-77.75684,37.48449],[-77.75702,37.48472],[-77.75742,37.48469],[-77.75757,37.48491],[-77.75804,37.48489],[-77.75795,37.4845],[-77.75862,37.48443],[-77.75908,37.48472],[-77.75966,37.4844],[-77.75995,37.48389],[-77.76119,37.48388],[-77.76172,37.48427],[-77.76262,37.48449],[-77.75722,37.48835],[-77.74972,37.49379],[-77.74972,37.49358],[-77.74787,37.49468],[-77.7428,37.49861],[-77.73274,37.50602],[-77.73238,37.50621],[-77.72433,37.51179],[-77.71587,37.51786],[-77.70765,37.52407],[-77.70644,37.52496],[-77.70062,37.52916],[-77.69659,37.53205],[-77.69476,37.53332],[-77.69085,37.53619],[-77.68737,37.53869],[-77.68301,37.54178],[-77.67944,37.54424],[-77.67626,37.54668],[-77.67261,37.54915],[-77.66853,37.55204],[-77.66533,37.55455],[-77.66294,37.55626],[-77.65624,37.56085],[-77.6554,37.56399],[-77.65375,37.56485],[-77.65285,37.56541],[-77.65223,37.56539],[-77.64911,37.56618],[-77.64821,37.56632],[-77.64711,37.56638],[-77.64613,37.56628],[-77.64469,37.56632],[-77.64408,37.56625],[-77.64328,37.56638],[-77.64252,37.56672],[-77.64159,37.56675],[-77.64033,37.56636],[-77.64,37.56636],[-77.63871,37.56674],[-77.63791,37.56658],[-77.63724,37.56609],[-77.63673,37.56596],[-77.63577,37.56599],[-77.63496,37.56582],[-77.63467,37.56604],[-77.6349,37.5667],[-77.63482,37.56692],[-77.63425,37.56707],[-77.63394,37.56733],[-77.63552,37.56784],[-77.63613,37.56828],[-77.63626,37.5687],[-77.63566,37.57005],[-77.63558,37.57065],[-77.63578,37.57096],[-77.63569,37.57138],[-77.63514,37.5723],[-77.63452,37.57296],[-77.63451,37.57322],[-77.63404,37.57368],[-77.63358,37.57391],[-77.63317,37.5743],[-77.63286,37.57504],[-77.63238,37.57554],[-77.63166,37.57583],[-77.63157,37.57615],[-77.63055,37.57672],[-77.62902,37.57692],[-77.62799,37.57683],[-77.62523,37.57581],[-77.62392,37.57576],[-77.62116,37.57674],[-77.62006,37.57706],[-77.61799,37.57689],[-77.61707,37.57709],[-77.61649,37.57743],[-77.6163,37.57857],[-77.6168,37.57965],[-77.61714,37.58061],[-77.61806,37.58126],[-77.61823,37.5817],[-77.61889,37.58488],[-77.61837,37.58688],[-77.61837,37.58756],[-77.61809,37.58846],[-77.61832,37.58897],[-77.61937,37.58957],[-77.62038,37.58992],[-77.62168,37.58995],[-77.62231,37.58976],[-77.62353,37.58971],[-77.62447,37.58996],[-77.62567,37.59102],[-77.62642,37.59135],[-77.62673,37.59179],[-77.62688,37.59236],[-77.62744,37.59311],[-77.62828,37.59437],[-77.62825,37.5948],[-77.62778,37.595],[-77.62759,37.59578],[-77.62695,37.59621],[-77.62661,37.59622],[-77.62604,37.59661],[-77.6262,37.59744],[-77.62603,37.59794],[-77.62655,37.59898],[-77.62833,37.59991],[-77.62965,37.60023],[-77.63058,37.60062],[-77.63158,37.60055],[-77.63297,37.60111],[-77.63315,37.60138],[-77.6339,37.602],[-77.63495,37.60179],[-77.63573,37.60155],[-77.63583,37.60188],[-77.63664,37.60195],[-77.63761,37.6023],[-77.63834,37.60212],[-77.63954,37.60225],[-77.64024,37.60269],[-77.64084,37.60368],[-77.64132,37.60478],[-77.64127,37.60536],[-77.64167,37.60596],[-77.64173,37.60663],[-77.64156,37.60708],[-77.64116,37.60761],[-77.64071,37.6079],[-77.6408,37.60884],[-77.64121,37.60904],[-77.64152,37.60951],[-77.64182,37.61037],[-77.64175,37.61178],[-77.64226,37.61208],[-77.64245,37.61281],[-77.64267,37.61319],[-77.6435,37.6141],[-77.64388,37.6142],[-77.64394,37.614],[-77.64603,37.61378],[-77.64657,37.61379],[-77.64721,37.61403],[-77.64791,37.61447],[-77.64852,37.61461],[-77.64915,37.6151],[-77.65114,37.61614],[-77.65204,37.61689],[-77.65216,37.61725],[-77.65196,37.61746],[-77.65186,37.61815],[-77.65208,37.61897],[-77.65201,37.61978],[-77.65167,37.62119],[-77.65107,37.62255],[-77.65062,37.62419],[-77.65086,37.62465],[-77.65074,37.62534],[-77.6512,37.627],[-77.65157,37.62809],[-77.65181,37.62912],[-77.6519,37.63056],[-77.65205,37.6309],[-77.65214,37.63163],[-77.652,37.63211],[-77.65269,37.63285],[-77.6536,37.63432],[-77.65392,37.6356],[-77.65391,37.63609],[-77.65371,37.63676],[-77.65394,37.63955],[-77.65297,37.64041],[-77.65252,37.64057],[-77.6519,37.64018],[-77.65135,37.64057],[-77.65028,37.64101],[-77.64946,37.64118],[-77.64928,37.64098],[-77.64792,37.64117],[-77.64714,37.64196],[-77.64577,37.6422],[-77.64531,37.64246],[-77.64439,37.64271],[-77.64386,37.64274],[-77.64342,37.64297],[-77.643,37.64371],[-77.64267,37.64394],[-77.64281,37.6442],[-77.64258,37.64438],[-77.64202,37.64446],[-77.64141,37.64496],[-77.6407,37.64491],[-77.6403,37.64554],[-77.63984,37.64567],[-77.63962,37.64644],[-77.63908,37.64675],[-77.6389,37.64671],[-77.63807,37.64717],[-77.63809,37.64738],[-77.63772,37.64767],[-77.63732,37.64646],[-77.63676,37.64552],[-77.63423,37.64309],[-77.63329,37.64227],[-77.63207,37.6411],[-77.63108,37.64043],[-77.62818,37.64353],[-77.62743,37.64461],[-77.62715,37.64538],[-77.62707,37.64617],[-77.62713,37.64709],[-77.62708,37.64776],[-77.6269,37.64831],[-77.62647,37.649],[-77.62595,37.64949],[-77.62505,37.65003],[-77.62323,37.65081],[-77.62273,37.6502],[-77.62207,37.64903],[-77.62137,37.64847],[-77.61579,37.64608],[-77.61489,37.64563],[-77.6139,37.64534],[-77.61237,37.64521],[-77.61129,37.64502],[-77.60891,37.64437],[-77.60817,37.64426],[-77.60718,37.6443],[-77.6064,37.6445],[-77.60474,37.64533],[-77.60347,37.64548],[-77.60247,37.64535],[-77.60168,37.64499],[-77.60064,37.64441],[-77.59935,37.64385],[-77.5979,37.64338],[-77.59548,37.64294],[-77.5936,37.64224],[-77.59303,37.64209],[-77.5913,37.6418],[-77.59028,37.64147],[-77.58929,37.64066],[-77.58804,37.63976],[-77.58727,37.64061],[-77.58562,37.64186],[-77.58786,37.64327],[-77.58917,37.64421],[-77.59067,37.64542],[-77.59175,37.64635],[-77.59264,37.6472],[-77.59355,37.64814],[-77.5898,37.6476],[-77.58732,37.64732],[-77.5831,37.64675],[-77.58303,37.64755],[-77.58226,37.64893],[-77.58194,37.6503],[-77.58152,37.65123],[-77.58137,37.6523],[-77.58111,37.65283],[-77.58053,37.65341],[-77.5794,37.65405],[-77.57816,37.65498],[-77.57771,37.65539],[-77.57733,37.65597],[-77.57685,37.65707],[-77.5764,37.65752],[-77.5752,37.65841],[-77.57478,37.65907],[-77.57467,37.6601],[-77.57496,37.66096],[-77.57506,37.66158],[-77.57481,37.66259],[-77.57411,37.66366],[-77.57303,37.66517],[-77.5717,37.66481],[-77.5692,37.66401],[-77.56801,37.66367],[-77.56213,37.66279],[-77.56205,37.66419],[-77.56121,37.66549],[-77.5607,37.66638],[-77.56045,37.66699],[-77.56008,37.66752],[-77.55924,37.66812],[-77.558,37.66875],[-77.55767,37.66903],[-77.55704,37.67026],[-77.55672,37.67075],[-77.55502,37.67296],[-77.5546,37.67336],[-77.55385,37.67353],[-77.55267,37.6733],[-77.55164,37.67325],[-77.54994,37.6735],[-77.54928,37.6738],[-77.54883,37.67474],[-77.54848,37.67499],[-77.54757,37.67499],[-77.54565,37.67462],[-77.54389,37.67443],[-77.54338,37.67429],[-77.54295,37.67399],[-77.54257,37.67346],[-77.54192,37.67215],[-77.54172,37.67136],[-77.54116,37.67146],[-77.53758,37.67252],[-77.53644,37.67296],[-77.5385,37.67543],[-77.53915,37.67635],[-77.53967,37.6776],[-77.54029,37.68105],[-77.53513,37.68187],[-77.53391,37.68201],[-77.5312,37.68222],[-77.52973,37.68228],[-77.52786,37.6823],[-77.52485,37.68217],[-77.52253,37.68194],[-77.51993,37.68156],[-77.51843,37.68127],[-77.5162,37.68076],[-77.51465,37.68033],[-77.50382,37.67717],[-77.50323,37.677],[-77.50122,37.69138],[-77.50051,37.69032],[-77.50008,37.68931],[-77.49958,37.68856],[-77.49819,37.68682],[-77.49767,37.68584],[-77.49639,37.68228],[-77.49602,37.68147],[-77.49512,37.6801],[-77.49382,37.67832],[-77.49322,37.67763],[-77.49263,37.67713],[-77.4919,37.67666],[-77.48658,37.6738],[-77.48442,37.67268],[-77.48367,37.67221],[-77.48286,37.6714],[-77.47986,37.66838],[-77.47924,37.66789],[-77.47735,37.66695],[-77.47668,37.66647],[-77.47466,37.66477],[-77.47392,37.66382],[-77.47343,37.66247],[-77.47332,37.66126],[-77.47213,37.66085],[-77.46995,37.66034],[-77.46747,37.66001],[-77.45063,37.65796],[-77.45031,37.65941],[-77.44986,37.66106],[-77.44903,37.66378],[-77.44871,37.66517],[-77.44845,37.66712],[-77.44831,37.6698],[-77.44836,37.67093],[-77.44857,37.67273],[-77.44903,37.6748],[-77.44963,37.67664],[-77.45113,37.68027],[-77.45073,37.68074],[-77.45106,37.68182],[-77.4509,37.68255],[-77.45064,37.68286],[-77.44984,37.68334],[-77.44904,37.68392],[-77.44884,37.68436],[-77.44857,37.68444],[-77.44594,37.68409],[-77.44563,37.68357],[-77.44461,37.68298],[-77.44372,37.6826],[-77.44313,37.6821],[-77.44308,37.68163],[-77.44223,37.68105],[-77.4416,37.68012],[-77.44131,37.67922],[-77.44073,37.67859],[-77.44012,37.67688],[-77.44035,37.67618],[-77.44021,37.6756],[-77.44033,37.67492],[-77.44026,37.67401],[-77.44044,37.67338],[-77.44011,37.67284],[-77.43997,37.67108],[-77.44002,37.67044],[-77.43971,37.66865],[-77.43953,37.66808],[-77.43846,37.66667],[-77.43803,37.66631],[-77.43742,37.66523],[-77.43682,37.66486],[-77.43656,37.6641],[-77.43621,37.66375],[-77.43539,37.66333],[-77.43447,37.6625],[-77.43354,37.66187],[-77.43295,37.66105],[-77.43232,37.66036],[-77.43076,37.65813],[-77.43057,37.65765],[-77.43075,37.65683],[-77.43095,37.65655],[-77.43099,37.6547],[-77.43078,37.65375],[-77.43046,37.65291],[-77.43033,37.65213],[-77.43039,37.65169],[-77.43015,37.65134],[-77.42935,37.65108],[-77.42878,37.65078],[-77.42795,37.65077],[-77.4274,37.65041],[-77.42676,37.65026],[-77.42645,37.64993],[-77.42553,37.64965],[-77.42507,37.64919],[-77.42425,37.64863],[-77.42378,37.64739],[-77.42354,37.64697],[-77.42283,37.64499],[-77.42252,37.64455],[-77.4216,37.64203],[-77.42116,37.64113],[-77.41994,37.63816],[-77.42015,37.63762],[-77.42063,37.63713],[-77.42068,37.6365],[-77.42019,37.63629],[-77.42011,37.63598],[-77.41929,37.63568],[-77.41938,37.63498],[-77.41876,37.63426],[-77.41825,37.63317],[-77.41772,37.63275],[-77.41715,37.63257],[-77.41618,37.63183],[-77.416,37.63142],[-77.41465,37.6311],[-77.41418,37.6308],[-77.41418,37.63057],[-77.41378,37.63027],[-77.41192,37.62966],[-77.41143,37.62932],[-77.41102,37.62926],[-77.41087,37.62901],[-77.41091,37.62853],[-77.41036,37.62804],[-77.4095,37.62784],[-77.40939,37.62748],[-77.40841,37.62748],[-77.408,37.62718],[-77.40742,37.62713],[-77.40717,37.62735],[-77.40683,37.62728],[-77.40597,37.62645],[-77.40553,37.62617],[-77.40525,37.6258],[-77.40531,37.62495],[-77.40472,37.62409],[-77.40463,37.62373],[-77.40467,37.62261],[-77.40513,37.62183],[-77.40566,37.62136],[-77.40563,37.62072],[-77.40626,37.61975],[-77.4059,37.61938],[-77.40597,37.61877],[-77.40729,37.61736],[-77.4081,37.61603],[-77.40871,37.61466],[-77.40828,37.61388],[-77.40719,37.61252],[-77.4064,37.61197],[-77.40516,37.61095],[-77.40458,37.60992],[-77.40467,37.60918],[-77.40527,37.6077],[-77.40527,37.60715],[-77.40485,37.60627],[-77.40396,37.60553],[-77.4036,37.60511],[-77.40294,37.60534],[-77.40147,37.60571],[-77.40094,37.60611],[-77.40028,37.60617],[-77.39985,37.60607],[-77.39939,37.60531],[-77.3979,37.60384],[-77.39704,37.60262],[-77.39633,37.60201],[-77.39604,37.60191],[-77.39505,37.60211],[-77.39462,37.60199],[-77.39383,37.60157],[-77.39283,37.6005],[-77.39202,37.59999],[-77.39168,37.59886],[-77.39113,37.59809],[-77.39074,37.59793],[-77.39014,37.59819],[-77.38913,37.59815],[-77.38866,37.59843],[-77.3879,37.59808],[-77.38723,37.59805],[-77.38697,37.59767],[-77.38639,37.59759],[-77.38585,37.59732],[-77.3849,37.59654],[-77.38438,37.5964],[-77.38419,37.59616],[-77.38365,37.59594],[-77.38242,37.59489],[-77.38175,37.59451],[-77.38059,37.59459],[-77.37956,37.59428],[-77.37854,37.59407],[-77.37723,37.59401],[-77.37687,37.59413],[-77.37656,37.59385],[-77.37529,37.59384],[-77.37419,37.59352],[-77.37397,37.59334],[-77.37358,37.59342],[-77.37251,37.59315],[-77.37159,37.59235],[-77.36997,37.59121],[-77.36875,37.59055],[-77.36825,37.5905],[-77.36712,37.59076],[-77.36663,37.59073],[-77.36464,37.58962],[-77.36335,37.58911],[-77.36267,37.58869],[-77.3628,37.58774],[-77.36262,37.58721],[-77.36189,37.58667],[-77.36124,37.58698],[-77.36071,37.58676],[-77.36022,37.58582],[-77.35958,37.58552],[-77.35841,37.58473],[-77.35852,37.58411],[-77.35812,37.58382],[-77.35791,37.58314],[-77.35749,37.58287],[-77.35695,37.58281],[-77.35669,37.58308],[-77.35615,37.58305],[-77.35479,37.58265],[-77.35443,37.58238],[-77.35428,37.58177],[-77.35348,37.58146],[-77.35295,37.58106],[-77.35227,37.58123],[-77.35191,37.58078],[-77.35167,37.58097],[-77.35081,37.58081],[-77.35018,37.58044],[-77.35022,37.58006],[-77.34954,37.57995],[-77.34873,37.57951],[-77.34794,37.57955],[-77.34691,37.57931],[-77.34506,37.57854],[-77.34457,37.5782],[-77.34399,37.57861],[-77.34277,37.57853],[-77.34171,37.57808],[-77.33984,37.57755],[-77.3381,37.57721],[-77.3374,37.57641],[-77.33697,37.57574],[-77.3405,37.575],[-77.34111,37.57471],[-77.34647,37.57148],[-77.34837,37.57028],[-77.34927,37.56977],[-77.35055,37.56927],[-77.35335,37.56855],[-77.35454,37.5682],[-77.35788,37.56699],[-77.35816,37.56693],[-77.36013,37.56621],[-77.3593,37.56476],[-77.35917,37.56411],[-77.3592,37.56339],[-77.35999,37.5591],[-77.36067,37.55586],[-77.36084,37.55526],[-77.36132,37.55431],[-77.36137,37.55341],[-77.36206,37.55307],[-77.36264,37.55213],[-77.36426,37.54934],[-77.36439,37.54895],[-77.36569,37.54847],[-77.36576,37.54831],[-77.3646,37.54629],[-77.36164,37.54732],[-77.35746,37.54846],[-77.35614,37.54897],[-77.3561,37.54872],[-77.35456,37.54358],[-77.35437,37.54271],[-77.35485,37.54106],[-77.35164,37.54051],[-77.35119,37.54027],[-77.35009,37.53879],[-77.34979,37.53852],[-77.34682,37.53678],[-77.34619,37.53655],[-77.34474,37.53644],[-77.34343,37.53671],[-77.34269,37.5367],[-77.34199,37.53647],[-77.34221,37.53599],[-77.34243,37.53492],[-77.34272,37.53424],[-77.34414,37.53243],[-77.34457,37.53154],[-77.35284,37.53259],[-77.35533,37.53272],[-77.35773,37.53263],[-77.35901,37.53246],[-77.36124,37.53203],[-77.36283,37.53159],[-77.36631,37.53045],[-77.36773,37.53009],[-77.36894,37.52989],[-77.37065,37.52981],[-77.37217,37.52989],[-77.37333,37.53009],[-77.37441,37.53036],[-77.37574,37.53081],[-77.37655,37.53117],[-77.37811,37.53211],[-77.37887,37.5327],[-77.38313,37.53638],[-77.38497,37.53788],[-77.38636,37.53896],[-77.39159,37.54283],[-77.39321,37.54417],[-77.39456,37.54541],[-77.39582,37.54674],[-77.39553,37.54737],[-77.39508,37.54935],[-77.39496,37.54987],[-77.39942,37.54945],[-77.40438,37.55062],[-77.4072,37.55122],[-77.41171,37.55234],[-77.41154,37.55259],[-77.40946,37.55584],[-77.40831,37.55765],[-77.40894,37.55792],[-77.40506,37.56399],[-77.40416,37.56533],[-77.40239,37.56787],[-77.40108,37.56983],[-77.40067,37.56975],[-77.39934,37.56993],[-77.39426,37.57052],[-77.38359,37.57168],[-77.38228,37.57182],[-77.38307,37.57245],[-77.38379,37.5728],[-77.3884,37.57462],[-77.38889,37.57475],[-77.39124,37.57568],[-77.39136,37.57579],[-77.39838,37.5785],[-77.40413,37.58018],[-77.40629,37.58094],[-77.40675,37.58118],[-77.40758,37.58186],[-77.40875,37.58311],[-77.40959,37.58384],[-77.4105,37.5844],[-77.41203,37.58493],[-77.41163,37.58569],[-77.4111,37.58639],[-77.40976,37.58765],[-77.40927,37.58846],[-77.40854,37.59038],[-77.40842,37.591],[-77.40836,37.59331],[-77.40818,37.59425],[-77.40779,37.59552],[-77.4077,37.5962],[-77.40782,37.59695],[-77.40847,37.59835],[-77.40895,37.59911],[-77.41097,37.60166],[-77.41171,37.6028],[-77.41306,37.60543],[-77.41336,37.60628],[-77.41344,37.6069],[-77.41336,37.60769],[-77.41311,37.60844],[-77.4128,37.60896],[-77.41209,37.60975],[-77.41108,37.61047],[-77.40977,37.61116],[-77.41046,37.61126],[-77.41118,37.61156],[-77.41132,37.61173],[-77.41114,37.61294],[-77.41166,37.61323],[-77.4122,37.61375],[-77.41305,37.61413],[-77.41318,37.61482],[-77.41423,37.61532],[-77.41608,37.61557],[-77.41733,37.61594],[-77.41804,37.61605],[-77.41927,37.61651],[-77.42006,37.6165],[-77.42013,37.61632],[-77.42096,37.61584],[-77.42137,37.61534],[-77.42222,37.61528],[-77.42238,37.61539],[-77.42372,37.61471],[-77.42403,37.61433],[-77.42445,37.61416],[-77.42428,37.61339],[-77.4249,37.6135],[-77.42638,37.61342],[-77.4269,37.61348],[-77.4274,37.61338],[-77.4279,37.61348],[-77.42835,37.61338],[-77.42869,37.61377],[-77.42973,37.61423],[-77.43103,37.61496],[-77.43217,37.61488],[-77.43342,37.6152],[-77.43425,37.61574],[-77.43558,37.61623],[-77.43636,37.61641],[-77.43765,37.61718],[-77.43829,37.61664],[-77.43891,37.61644],[-77.43886,37.61614],[-77.4393,37.61622],[-77.43964,37.61665],[-77.44052,37.61619],[-77.44076,37.61659],[-77.44241,37.61768],[-77.44203,37.61825],[-77.44061,37.62013],[-77.43762,37.62479],[-77.43601,37.62726],[-77.43458,37.62897],[-77.43594,37.62933],[-77.43711,37.62951],[-77.44123,37.6295],[-77.44878,37.62972],[-77.44923,37.6297],[-77.45045,37.62958],[-77.4513,37.62943],[-77.45704,37.62832],[-77.45847,37.6281],[-77.45825,37.62687],[-77.45778,37.62277],[-77.45745,37.62042],[-77.45732,37.62003],[-77.45704,37.61773],[-77.45689,37.61641],[-77.45688,37.6147],[-77.45699,37.61332],[-77.457,37.61047],[-77.45683,37.60952],[-77.45663,37.60894],[-77.45539,37.60641],[-77.45494,37.6053],[-77.45489,37.60465],[-77.45445,37.60231],[-77.45433,37.6019],[-77.45026,37.60245],[-77.4504,37.60368],[-77.45032,37.60438],[-77.44982,37.6057],[-77.44626,37.60577],[-77.4436,37.6059],[-77.43958,37.60604],[-77.43556,37.60611],[-77.43572,37.60253],[-77.43368,37.60257],[-77.43006,37.60272],[-77.42928,37.60281],[-77.42493,37.60301],[-77.42419,37.60292],[-77.42356,37.60259],[-77.42419,37.60185],[-77.42462,37.60111],[-77.42632,37.59863],[-77.42729,37.59862],[-77.42854,37.59894],[-77.42901,37.59898],[-77.42988,37.59884],[-77.43102,37.59931],[-77.43137,37.59927],[-77.43207,37.59944],[-77.43493,37.59914],[-77.43569,37.59887],[-77.43651,37.5987],[-77.43762,37.59857],[-77.43762,37.59869],[-77.44006,37.59986],[-77.44313,37.60126],[-77.44361,37.60151],[-77.44751,37.60222],[-77.44921,37.60195],[-77.44851,37.59813],[-77.44778,37.59449],[-77.44736,37.59277],[-77.4469,37.59169],[-77.44669,37.59097],[-77.44751,37.59072],[-77.44731,37.58951],[-77.44741,37.58828],[-77.446,37.58835],[-77.44507,37.58821],[-77.44473,37.58805],[-77.44238,37.58659],[-77.44204,37.58463],[-77.44094,37.5781],[-77.44418,37.57812],[-77.44344,37.57377],[-77.44446,37.57351],[-77.44538,37.57372],[-77.44507,37.57223],[-77.44532,37.5721],[-77.45251,37.57246],[-77.45335,37.5722],[-77.45473,37.57159],[-77.45512,37.57148],[-77.45645,37.57221],[-77.46007,37.57388],[-77.46075,37.57428],[-77.46295,37.57591],[-77.46364,37.57642],[-77.46656,37.57823],[-77.46851,37.57818],[-77.46986,37.57833],[-77.47141,37.57867],[-77.47228,37.57899],[-77.47253,37.57875],[-77.47309,37.57833],[-77.47277,37.57783],[-77.47256,37.57677],[-77.47256,37.57611],[-77.47272,37.57537],[-77.47299,37.57482],[-77.47392,37.57368],[-77.47873,37.56929],[-77.47438,37.56561],[-77.47157,37.56326],[-77.47029,37.56251],[-77.47259,37.55832],[-77.47769,37.56014],[-77.47929,37.56071],[-77.48052,37.55847],[-77.48115,37.55735],[-77.48065,37.55718],[-77.48253,37.55382],[-77.48209,37.55366],[-77.48315,37.55175],[-77.4826,37.5514],[-77.48175,37.55067],[-77.48066,37.55006],[-77.47912,37.54946],[-77.47771,37.54899],[-77.47661,37.5486],[-77.47506,37.54817],[-77.47484,37.54754],[-77.47488,37.54707],[-77.47557,37.54588],[-77.47526,37.54567],[-77.47122,37.54424],[-77.47164,37.54296],[-77.47211,37.54255],[-77.47244,37.54169],[-77.47186,37.54116],[-77.47301,37.53744],[-77.47344,37.53715],[-77.47491,37.53166],[-77.47495,37.53117],[-77.47576,37.53157],[-77.47649,37.53208],[-77.47769,37.53256],[-77.47935,37.53297],[-77.48038,37.53328],[-77.48233,37.53419],[-77.48388,37.53175],[-77.48592,37.53247],[-77.48628,37.53253],[-77.48783,37.53315],[-77.48867,37.53325],[-77.48959,37.53347],[-77.49064,37.53382],[-77.4921,37.53451],[-77.494,37.53616],[-77.49487,37.53492],[-77.49577,37.53342],[-77.49652,37.53238],[-77.49709,37.5314],[-77.49735,37.53064],[-77.4974,37.52989],[-77.49725,37.52881],[-77.49686,37.52734],[-77.49663,37.52674],[-77.49619,37.52516],[-77.49462,37.51989],[-77.49558,37.51949],[-77.49702,37.51913],[-77.50106,37.51855],[-77.50211,37.51853],[-77.50287,37.51871],[-77.50431,37.51923],[-77.50498,37.51941],[-77.50734,37.51977],[-77.50899,37.52008],[-77.511,37.52058],[-77.51184,37.52064],[-77.51264,37.52061],[-77.51365,37.52036],[-77.51603,37.51941],[-77.51776,37.5188],[-77.51846,37.51842],[-77.5195,37.51771],[-77.52169,37.51653],[-77.52269,37.51613],[-77.52264,37.51582],[-77.52294,37.51534],[-77.52208,37.51355],[-77.52187,37.51337],[-77.51934,37.51233],[-77.51918,37.5122],[-77.51924,37.50984],[-77.51766,37.50966],[-77.51511,37.50639],[-77.51431,37.50654],[-77.5137,37.50715],[-77.51285,37.50773],[-77.51226,37.50737],[-77.51078,37.50411],[-77.51408,37.50353],[-77.52318,37.5019],[-77.52314,37.50171],[-77.53134,37.50021],[-77.53714,37.49916],[-77.53633,37.49633],[-77.53569,37.4942],[-77.5351,37.4925],[-77.53503,37.49197],[-77.53476,37.48804],[-77.53455,37.48649],[-77.53426,37.48578],[-77.53364,37.4851],[-77.52998,37.48228],[-77.52936,37.48152],[-77.52735,37.47766],[-77.52517,37.47313],[-77.52701,37.47201],[-77.5325,37.46852],[-77.53522,37.46685],[-77.53891,37.46463],[-77.54509,37.46086],[-77.5471,37.45965],[-77.55482,37.45495],[-77.56449,37.4492],[-77.56515,37.45088],[-77.56741,37.45215],[-77.56901,37.45215],[-77.57137,37.45258],[-77.57257,37.45253],[-77.57487,37.45176],[-77.57551,37.45124],[-77.57584,37.45143],[-77.57589,37.45206],[-77.57566,37.45314],[-77.57567,37.4535],[-77.57601,37.45411],[-77.57763,37.45525],[-77.57801,37.45565],[-77.57931,37.45631],[-77.58002,37.45631],[-77.58049,37.45654],[-77.58073,37.45641],[-77.58144,37.45644],[-77.58252,37.4562],[-77.58278,37.4554],[-77.58331,37.45496],[-77.58439,37.45492],[-77.58547,37.45522],[-77.58651,37.45526],[-77.58705,37.45507],[-77.58758,37.45468],[-77.58812,37.45446],[-77.58667,37.45246],[-77.58477,37.44969],[-77.58417,37.44868],[-77.58212,37.44454],[-77.58157,37.44359],[-77.5814,37.44364],[-77.58115,37.44299],[-77.58113,37.44248],[-77.58136,37.44092],[-77.58135,37.44017],[-77.58115,37.43804],[-77.58119,37.43748],[-77.58143,37.43678],[-77.58231,37.43511],[-77.58265,37.43406],[-77.58334,37.42875],[-77.5834,37.42776],[-77.58322,37.42666],[-77.58292,37.42593],[-77.58175,37.42389],[-77.58181,37.42374],[-77.58355,37.42309],[-77.58422,37.42266],[-77.58456,37.4222],[-77.58504,37.42041],[-77.58566,37.41904],[-77.58633,37.41801],[-77.5867,37.41763],[-77.58778,37.41684],[-77.58902,37.41575],[-77.58962,37.41492],[-77.59007,37.41369],[-77.59128,37.41144],[-77.59348,37.41136],[-77.59555,37.41125],[-77.59781,37.41108],[-77.60389,37.41047],[-77.60984,37.40989],[-77.61191,37.40994],[-77.6128,37.41008],[-77.61413,37.41042],[-77.61556,37.41099],[-77.61659,37.41159],[-77.61897,37.41082],[-77.62013,37.41026],[-77.62335,37.40842],[-77.6239,37.40808],[-77.62484,37.40715],[-77.62624,37.40511],[-77.62703,37.40389],[-77.62775,37.40264],[-77.62869,37.40177],[-77.6309,37.4005],[-77.63315,37.39965],[-77.63433,37.39933],[-77.63663,37.39829],[-77.63743,37.39806],[-77.63812,37.398],[-77.6385,37.39783],[-77.63915,37.3966],[-77.63993,37.39605],[-77.6416,37.39472],[-77.64219,37.39394],[-77.64326,37.39244],[-77.644,37.39169],[-77.64426,37.39116],[-77.64435,37.39064],[-77.64429,37.38903]],[[-77.5538,37.62887],[-77.55666,37.6314],[-77.55835,37.63265],[-77.55881,37.63311],[-77.55947,37.63436],[-77.56029,37.63545],[-77.56095,37.63603],[-77.56205,37.63676],[-77.56337,37.63748],[-77.56413,37.63783],[-77.56772,37.63393],[-77.56929,37.6323],[-77.56542,37.63009],[-77.56366,37.62913],[-77.56091,37.62769],[-77.55841,37.62642],[-77.55387,37.62426],[-77.55051,37.62601],[-77.5538,37.62887]]]}},{"type":"Feature","properties":{"zone":2,"zone_label":"Southern suburban belt","n_tracts":69,"rate_bin":3,"rate_bin_label":"1.75% \u2013 2.25%"},"geometry":{"type":"Polygon","coordinates":[[[-77.49256,37.22492],[-77.49313,37.22482],[-77.49471,37.22417],[-77.4954,37.22372],[-77.49647,37.22334],[-77.49801,37.22343],[-77.4992,37.22423],[-77.49971,37.22427],[-77.50062,37.22409],[-77.5012,37.22381],[-77.5017,37.22331],[-77.50199,37.22233],[-77.503,37.22198],[-77.50349,37.22173],[-77.5041,37.22171],[-77.5048,37.22149],[-77.50562,37.22158],[-77.50697,37.22118],[-77.50839,37.22125],[-77.50918,37.22105],[-77.51044,37.2203],[-77.51113,37.21979],[-77.51198,37.21934],[-77.51494,37.21808],[-77.51649,37.21788],[-77.51736,37.21753],[-77.51854,37.21731],[-77.51964,37.21734],[-77.5212,37.217],[-77.52256,37.21714],[-77.5232,37.21753],[-77.52358,37.21803],[-77.5239,37.21895],[-77.52474,37.22003],[-77.52498,37.22045],[-77.52548,37.22097],[-77.52596,37.22247],[-77.52623,37.22276],[-77.53243,37.22501],[-77.53449,37.22578],[-77.53611,37.22633],[-77.53657,37.22637],[-77.53785,37.22617],[-77.5393,37.22615],[-77.54032,37.22632],[-77.54205,37.22638],[-77.54371,37.2262],[-77.54418,37.22626],[-77.54722,37.22693],[-77.54841,37.22666],[-77.54994,37.22648],[-77.55199,37.22645],[-77.55403,37.22635],[-77.5558,37.22607],[-77.5567,37.22572],[-77.55745,37.22496],[-77.55793,37.22461],[-77.55881,37.22464],[-77.55964,37.22501],[-77.5604,37.22566],[-77.56083,37.22653],[-77.56154,37.22866],[-77.56188,37.22915],[-77.56273,37.23075],[-77.56324,37.23127],[-77.56401,37.23153],[-77.56591,37.23129],[-77.56679,37.23141],[-77.56727,37.2317],[-77.56739,37.23201],[-77.56729,37.23324],[-77.56719,37.23599],[-77.56732,37.23696],[-77.56732,37.2379],[-77.56761,37.23863],[-77.5682,37.23934],[-77.56868,37.23965],[-77.56939,37.2399],[-77.57006,37.23962],[-77.57085,37.23891],[-77.57163,37.23756],[-77.5725,37.23678],[-77.57372,37.23637],[-77.57547,37.23643],[-77.57671,37.23677],[-77.57794,37.23733],[-77.57891,37.23793],[-77.57952,37.23877],[-77.57995,37.24035],[-77.58014,37.24195],[-77.58044,37.24294],[-77.58223,37.24444],[-77.58315,37.2455],[-77.58398,37.2461],[-77.58515,37.24625],[-77.5872,37.24601],[-77.58898,37.24622],[-77.58973,37.24649],[-77.59044,37.24719],[-77.59113,37.24881],[-77.59144,37.2494],[-77.59268,37.25015],[-77.59522,37.25099],[-77.59691,37.25195],[-77.59804,37.25251],[-77.59956,37.25294],[-77.60049,37.25368],[-77.601,37.25478],[-77.60223,37.25761],[-77.60277,37.2592],[-77.60301,37.26089],[-77.60301,37.26205],[-77.60283,37.26304],[-77.60328,37.26391],[-77.6042,37.26466],[-77.60525,37.26563],[-77.60638,37.26677],[-77.60771,37.26779],[-77.60805,37.26787],[-77.60978,37.26857],[-77.61075,37.26909],[-77.61193,37.27017],[-77.61255,37.27061],[-77.61335,37.27088],[-77.61416,37.27097],[-77.6152,37.27084],[-77.61646,37.27042],[-77.61734,37.26996],[-77.61803,37.26918],[-77.61895,37.26779],[-77.61964,37.26714],[-77.6203,37.26678],[-77.62123,37.26667],[-77.62471,37.26687],[-77.62674,37.2675],[-77.62761,37.26798],[-77.6294,37.26955],[-77.62992,37.26981],[-77.63058,37.26988],[-77.63261,37.26966],[-77.6336,37.26939],[-77.6348,37.2688],[-77.63639,37.26776],[-77.63797,37.26714],[-77.6391,37.26625],[-77.64237,37.26398],[-77.64287,37.26373],[-77.64351,37.26369],[-77.64426,37.26394],[-77.6453,37.2644],[-77.64638,37.2647],[-77.64751,37.26482],[-77.64908,37.26492],[-77.65024,37.26504],[-77.65132,37.26525],[-77.65276,37.26619],[-77.65427,37.26728],[-77.65536,37.2687],[-77.65629,37.27051],[-77.65712,37.27235],[-77.65806,37.27334],[-77.65959,37.27454],[-77.66081,37.27565],[-77.6619,37.27708],[-77.66254,37.27871],[-77.66355,37.28312],[-77.66477,37.28778],[-77.66674,37.29167],[-77.66747,37.29247],[-77.66822,37.29281],[-77.66916,37.29285],[-77.66984,37.29277],[-77.67202,37.29249],[-77.67581,37.29275],[-77.67797,37.29269],[-77.68053,37.2924],[-77.68175,37.29212],[-77.68241,37.29175],[-77.68287,37.29098],[-77.6833,37.28958],[-77.68391,37.286],[-77.68482,37.28455],[-77.68569,37.2835],[-77.68703,37.28243],[-77.68763,37.28213],[-77.68857,37.28198],[-77.69109,37.28179],[-77.69196,37.28152],[-77.69256,37.28145],[-77.69303,37.28156],[-77.69446,37.28324],[-77.69658,37.28583],[-77.69761,37.28698],[-77.6981,37.2877],[-77.69891,37.29007],[-77.69949,37.29199],[-77.70149,37.29613],[-77.70345,37.29821],[-77.70462,37.29868],[-77.70583,37.29947],[-77.7064,37.29973],[-77.70734,37.29997],[-77.7088,37.30008],[-77.71169,37.29983],[-77.71292,37.29946],[-77.71378,37.29903],[-77.71514,37.29798],[-77.7158,37.29738],[-77.71621,37.29688],[-77.71697,37.29543],[-77.71742,37.29409],[-77.71762,37.2931],[-77.71766,37.29238],[-77.71759,37.29099],[-77.71729,37.28996],[-77.71689,37.28932],[-77.71586,37.28821],[-77.7156,37.28741],[-77.71588,37.28665],[-77.71655,37.28581],[-77.71744,37.28486],[-77.71874,37.28393],[-77.72001,37.28332],[-77.7205,37.28321],[-77.72123,37.28325],[-77.72222,37.28355],[-77.72527,37.28474],[-77.72643,37.2851],[-77.72784,37.28579],[-77.72914,37.28595],[-77.73034,37.2858],[-77.73244,37.28536],[-77.73383,37.28499],[-77.73491,37.28457],[-77.73552,37.28419],[-77.73578,37.28387],[-77.73597,37.28328],[-77.7361,37.27959],[-77.73649,37.27729],[-77.73682,37.27654],[-77.73728,37.27595],[-77.73831,37.27426],[-77.7385,37.27312],[-77.73838,37.27249],[-77.73794,37.27162],[-77.73787,37.27099],[-77.73802,37.27036],[-77.7385,37.26974],[-77.73979,37.26866],[-77.74129,37.26784],[-77.74212,37.26749],[-77.74333,37.26709],[-77.74451,37.26684],[-77.7456,37.26693],[-77.7476,37.26749],[-77.74889,37.26769],[-77.7508,37.26789],[-77.75105,37.26782],[-77.7523,37.26783],[-77.75358,37.26791],[-77.75862,37.26872],[-77.75957,37.26901],[-77.76096,37.26958],[-77.76211,37.26998],[-77.76355,37.27074],[-77.76463,37.2716],[-77.76612,37.27309],[-77.76674,37.27359],[-77.76799,37.27509],[-77.76829,37.27593],[-77.76841,37.27734],[-77.76825,37.27891],[-77.76822,37.27978],[-77.76833,37.28045],[-77.76835,37.28133],[-77.76849,37.28244],[-77.76911,37.28442],[-77.76943,37.28498],[-77.77064,37.28611],[-77.77108,37.2864],[-77.77259,37.28761],[-77.774,37.28848],[-77.77514,37.28909],[-77.77639,37.29008],[-77.7778,37.29109],[-77.77884,37.29198],[-77.77928,37.29244],[-77.78029,37.29325],[-77.78163,37.29418],[-77.78236,37.2948],[-77.7838,37.29553],[-77.78486,37.29649],[-77.78513,37.29653],[-77.78598,37.29706],[-77.78788,37.29782],[-77.78853,37.298],[-77.78919,37.29831],[-77.7901,37.2986],[-77.79203,37.29904],[-77.79391,37.29932],[-77.79608,37.29936],[-77.79643,37.29927],[-77.79714,37.29938],[-77.79863,37.29993],[-77.80205,37.30168],[-77.80345,37.30259],[-77.80411,37.30291],[-77.80491,37.30343],[-77.80587,37.30387],[-77.80675,37.30453],[-77.80704,37.30532],[-77.80742,37.30697],[-77.80756,37.30827],[-77.8078,37.30958],[-77.80847,37.31099],[-77.80879,37.31231],[-77.80899,37.31412],[-77.80901,37.31536],[-77.80886,37.31599],[-77.80812,37.31671],[-77.80716,37.31722],[-77.80604,37.31763],[-77.80448,37.31831],[-77.80341,37.31851],[-77.80168,37.31844],[-77.80124,37.31862],[-77.80085,37.3191],[-77.80026,37.32014],[-77.80008,37.32069],[-77.79958,37.3216],[-77.79898,37.32213],[-77.79875,37.32249],[-77.79813,37.32312],[-77.79697,37.32371],[-77.79625,37.32397],[-77.79602,37.32433],[-77.79595,37.32483],[-77.79614,37.32555],[-77.79653,37.32595],[-77.79758,37.32631],[-77.79841,37.32706],[-77.79869,37.32764],[-77.79857,37.3285],[-77.79716,37.32988],[-77.79693,37.33025],[-77.79636,37.33216],[-77.79651,37.33269],[-77.79746,37.33371],[-77.79861,37.33432],[-77.80053,37.33465],[-77.80234,37.3354],[-77.80315,37.33548],[-77.8042,37.33521],[-77.80523,37.33533],[-77.80601,37.33574],[-77.80672,37.33624],[-77.80711,37.33638],[-77.80824,37.33651],[-77.80926,37.33649],[-77.8098,37.33657],[-77.8111,37.33658],[-77.81154,37.33665],[-77.81262,37.33663],[-77.81387,37.33682],[-77.81504,37.33736],[-77.81667,37.3379],[-77.8175,37.3381],[-77.82098,37.33848],[-77.82287,37.33855],[-77.82581,37.33848],[-77.82764,37.33858],[-77.829,37.33817],[-77.83258,37.33795],[-77.83539,37.33841],[-77.83735,37.33838],[-77.83828,37.33856],[-77.83887,37.33879],[-77.83938,37.33916],[-77.84028,37.34002],[-77.84102,37.34043],[-77.84202,37.34109],[-77.84326,37.34168],[-77.84465,37.34247],[-77.8465,37.34322],[-77.84822,37.34417],[-77.84994,37.34472],[-77.85054,37.3451],[-77.85116,37.34578],[-77.85182,37.34668],[-77.85238,37.34764],[-77.85272,37.34889],[-77.85268,37.34997],[-77.85256,37.35104],[-77.8521,37.3529],[-77.85184,37.35356],[-77.85173,37.35419],[-77.8518,37.35487],[-77.85201,37.35572],[-77.85249,37.35638],[-77.85284,37.35665],[-77.8537,37.35696],[-77.85448,37.35737],[-77.85586,37.35834],[-77.85664,37.35875],[-77.85732,37.35922],[-77.85807,37.35991],[-77.85925,37.36082],[-77.85961,37.36102],[-77.86095,37.3622],[-77.86187,37.3626],[-77.86376,37.3629],[-77.86728,37.363],[-77.86897,37.36294],[-77.87104,37.36278],[-77.87379,37.36238],[-77.87489,37.36256],[-77.87548,37.36299],[-77.8766,37.36429],[-77.87717,37.36517],[-77.87756,37.36625],[-77.87736,37.36724],[-77.87687,37.36829],[-77.87657,37.36948],[-77.87674,37.37125],[-77.87713,37.37336],[-77.87721,37.37445],[-77.87686,37.37534],[-77.87679,37.37635],[-77.87667,37.37684],[-77.87683,37.37807],[-77.87753,37.37959],[-77.87827,37.38185],[-77.87842,37.38274],[-77.87823,37.38351],[-77.87783,37.38421],[-77.87704,37.38515],[-77.87627,37.38583],[-77.87539,37.38617],[-77.87464,37.38663],[-77.87434,37.38749],[-77.87437,37.38775],[-77.87409,37.38887],[-77.87346,37.3899],[-77.8733,37.39057],[-77.87329,37.39137],[-77.87317,37.39186],[-77.87269,37.39211],[-77.87143,37.39192],[-77.87004,37.39135],[-77.86937,37.39125],[-77.86858,37.39146],[-77.86801,37.39175],[-77.86755,37.39221],[-77.8674,37.39284],[-77.86739,37.39382],[-77.86778,37.3945],[-77.86979,37.39688],[-77.87041,37.3974],[-77.8712,37.39832],[-77.87181,37.39943],[-77.8718,37.4006],[-77.87166,37.40119],[-77.87172,37.40207],[-77.87199,37.40266],[-77.87221,37.40364],[-77.87214,37.40414],[-77.87246,37.40564],[-77.87301,37.40663],[-77.87353,37.40733],[-77.87392,37.4084],[-77.87413,37.40942],[-77.87436,37.41],[-77.87441,37.41055],[-77.87488,37.41168],[-77.87511,37.41369],[-77.87544,37.41534],[-77.87549,37.41602],[-77.87509,37.41714],[-77.87441,37.41771],[-77.87334,37.41828],[-77.87259,37.41849],[-77.87189,37.41837],[-77.87091,37.41777],[-77.86885,37.41727],[-77.86773,37.41728],[-77.86691,37.4172],[-77.86582,37.41674],[-77.86428,37.41622],[-77.8632,37.41569],[-77.86158,37.41526],[-77.86087,37.41516],[-77.85946,37.41465],[-77.85874,37.41454],[-77.85818,37.41475],[-77.85699,37.41541],[-77.85601,37.41711],[-77.85509,37.41785],[-77.85515,37.41836],[-77.85419,37.41835],[-77.85338,37.41855],[-77.85332,37.41805],[-77.85272,37.41759],[-77.85234,37.41778],[-77.85157,37.41716],[-77.85115,37.41717],[-77.85099,37.41693],[-77.85111,37.41615],[-77.85058,37.41609],[-77.85019,37.41589],[-77.84963,37.41525],[-77.84905,37.41486],[-77.84881,37.41486],[-77.84847,37.41538],[-77.848,37.41511],[-77.84768,37.41519],[-77.84673,37.41512],[-77.84647,37.41563],[-77.8454,37.41644],[-77.84538,37.41695],[-77.84429,37.4177],[-77.84394,37.41843],[-77.84344,37.41853],[-77.84299,37.41895],[-77.84236,37.41839],[-77.84193,37.41854],[-77.84138,37.41847],[-77.84075,37.41822],[-77.84035,37.4182],[-77.83909,37.41931],[-77.83848,37.41953],[-77.83791,37.42025],[-77.83687,37.42093],[-77.83618,37.42114],[-77.8352,37.42179],[-77.83468,37.42232],[-77.83316,37.4228],[-77.83219,37.42256],[-77.83033,37.4224],[-77.82805,37.42244],[-77.82761,37.42252],[-77.8267,37.42245],[-77.82567,37.42274],[-77.82418,37.42285],[-77.82374,37.42271],[-77.82306,37.42302],[-77.81974,37.42383],[-77.81856,37.42387],[-77.81709,37.42418],[-77.81638,37.42447],[-77.81553,37.42505],[-77.81377,37.42543],[-77.81208,37.42585],[-77.8103,37.42591],[-77.80975,37.42612],[-77.80919,37.42611],[-77.80827,37.42679],[-77.80796,37.42742],[-77.80798,37.42953],[-77.8086,37.42985],[-77.80854,37.43019],[-77.8079,37.43037],[-77.80736,37.43075],[-77.80641,37.4317],[-77.80604,37.43265],[-77.80608,37.43306],[-77.80553,37.43368],[-77.80493,37.43468],[-77.80493,37.43498],[-77.80526,37.43562],[-77.80561,37.43571],[-77.80522,37.43707],[-77.80499,37.43763],[-77.80439,37.43835],[-77.80274,37.44001],[-77.80197,37.44114],[-77.80059,37.44287],[-77.79993,37.44348],[-77.79956,37.44407],[-77.7988,37.44489],[-77.79851,37.4455],[-77.79849,37.44631],[-77.79879,37.44687],[-77.79885,37.4475],[-77.79779,37.44987],[-77.79751,37.45104],[-77.79754,37.45223],[-77.79744,37.45306],[-77.79771,37.45401],[-77.79751,37.45442],[-77.79775,37.45475],[-77.79769,37.45502],[-77.79796,37.45567],[-77.79783,37.45625],[-77.79799,37.45672],[-77.79777,37.45689],[-77.79761,37.45745],[-77.79784,37.45896],[-77.77762,37.47362],[-77.76262,37.48449],[-77.76172,37.48427],[-77.76119,37.48388],[-77.75995,37.48389],[-77.75966,37.4844],[-77.75908,37.48472],[-77.75862,37.48443],[-77.75795,37.4845],[-77.75804,37.48489],[-77.75757,37.48491],[-77.75742,37.48469],[-77.75702,37.48472],[-77.75684,37.48449],[-77.75632,37.48428],[-77.75555,37.48423],[-77.75517,37.48448],[-77.75501,37.48418],[-77.75389,37.48413],[-77.75365,37.48401],[-77.75279,37.48436],[-77.75259,37.4842],[-77.75206,37.48427],[-77.7518,37.48409],[-77.75162,37.48353],[-77.75117,37.48343],[-77.74881,37.4826],[-77.74856,37.48209],[-77.74806,37.48154],[-77.74716,37.48114],[-77.7465,37.48096],[-77.74554,37.48007],[-77.7452,37.47964],[-77.74427,37.47952],[-77.74254,37.47867],[-77.74144,37.47819],[-77.73924,37.47705],[-77.7389,37.47707],[-77.73814,37.47671],[-77.73718,37.4765],[-77.73568,37.47604],[-77.73358,37.47549],[-77.73306,37.47525],[-77.73191,37.47451],[-77.72953,37.47306],[-77.72856,37.47256],[-77.72827,37.47253],[-77.72753,37.47305],[-77.72686,37.47368],[-77.7265,37.47379],[-77.72586,37.47349],[-77.72334,37.47137],[-77.722,37.47002],[-77.72175,37.46882],[-77.72131,37.46814],[-77.72081,37.46778],[-77.71954,37.46717],[-77.71829,37.46642],[-77.71756,37.46588],[-77.71591,37.46485],[-77.71463,37.46413],[-77.71401,37.46361],[-77.71316,37.46303],[-77.71265,37.46279],[-77.71233,37.46281],[-77.7119,37.46256],[-77.71024,37.46197],[-77.70974,37.46167],[-77.70884,37.46067],[-77.70791,37.45987],[-77.70677,37.45867],[-77.70571,37.4577],[-77.70518,37.45709],[-77.70367,37.45564],[-77.70275,37.45484],[-77.70266,37.45303],[-77.70246,37.45268],[-77.70152,37.45167],[-77.69981,37.45049],[-77.69917,37.44994],[-77.69581,37.44748],[-77.69464,37.44623],[-77.69379,37.44508],[-77.69267,37.4438],[-77.6922,37.4434],[-77.6916,37.44216],[-77.6912,37.44159],[-77.68989,37.44105],[-77.68942,37.44063],[-77.68864,37.44035],[-77.68555,37.43844],[-77.6852,37.4376],[-77.68511,37.43707],[-77.68519,37.43658],[-77.68554,37.43544],[-77.68579,37.43498],[-77.6883,37.43102],[-77.68874,37.4306],[-77.68959,37.4304],[-77.6903,37.43013],[-77.69084,37.42973],[-77.69163,37.42882],[-77.69235,37.42755],[-77.69314,37.42682],[-77.69885,37.42334],[-77.69987,37.42274],[-77.70197,37.42132],[-77.70292,37.42091],[-77.70378,37.42074],[-77.70494,37.42065],[-77.70608,37.42046],[-77.70734,37.42012],[-77.71066,37.4194],[-77.7117,37.41893],[-77.71333,37.41782],[-77.71404,37.41743],[-77.71627,37.41667],[-77.7174,37.41612],[-77.71798,37.41575],[-77.71846,37.41531],[-77.72196,37.41146],[-77.72283,37.41059],[-77.72233,37.40975],[-77.72152,37.40819],[-77.721,37.40742],[-77.72066,37.40721],[-77.71362,37.40497],[-77.71326,37.40471],[-77.71227,37.40265],[-77.71167,37.40168],[-77.71117,37.40126],[-77.70952,37.40003],[-77.70831,37.39887],[-77.71581,37.39644],[-77.72187,37.39451],[-77.72356,37.39402],[-77.73069,37.39209],[-77.73031,37.39115],[-77.73029,37.38931],[-77.72994,37.38779],[-77.72825,37.38246],[-77.7279,37.38124],[-77.72743,37.37999],[-77.72721,37.37918],[-77.7272,37.37836],[-77.72734,37.37764],[-77.72788,37.37596],[-77.72844,37.37498],[-77.72939,37.37372],[-77.72873,37.37364],[-77.7271,37.37377],[-77.72451,37.37366],[-77.7223,37.37383],[-77.72092,37.37407],[-77.71919,37.37419],[-77.7183,37.37421],[-77.71706,37.37392],[-77.71586,37.37342],[-77.71531,37.37329],[-77.71288,37.37293],[-77.7104,37.3727],[-77.71,37.37263],[-77.70869,37.37217],[-77.7065,37.37153],[-77.7061,37.37151],[-77.70557,37.37189],[-77.70515,37.37199],[-77.70249,37.3716],[-77.70191,37.37143],[-77.70121,37.37106],[-77.70049,37.37025],[-77.69975,37.36974],[-77.69663,37.3683],[-77.69535,37.36788],[-77.69393,37.36761],[-77.69303,37.36733],[-77.69084,37.36649],[-77.68868,37.36556],[-77.68586,37.36444],[-77.68464,37.36388],[-77.68363,37.36328],[-77.68166,37.36201],[-77.67969,37.36119],[-77.6787,37.36088],[-77.67354,37.35903],[-77.67228,37.35962],[-77.67071,37.36015],[-77.66954,37.36081],[-77.66857,37.36113],[-77.66702,37.36148],[-77.66616,37.36175],[-77.66546,37.3621],[-77.66502,37.36255],[-77.66337,37.36309],[-77.66303,37.36327],[-77.66196,37.36421],[-77.66105,37.36494],[-77.66051,37.36563],[-77.6599,37.3676],[-77.65961,37.36836],[-77.65899,37.36919],[-77.65795,37.37003],[-77.65721,37.37043],[-77.65608,37.37071],[-77.65539,37.37103],[-77.65399,37.37199],[-77.65361,37.37239],[-77.65253,37.37402],[-77.65198,37.37428],[-77.6512,37.3745],[-77.6496,37.37521],[-77.64847,37.37584],[-77.6475,37.37611],[-77.64591,37.3764],[-77.6445,37.37657],[-77.64353,37.37686],[-77.64225,37.37714],[-77.64049,37.37737],[-77.63982,37.37758],[-77.63818,37.37823],[-77.6372,37.37847],[-77.63616,37.37888],[-77.63437,37.37981],[-77.63367,37.38008],[-77.63578,37.38029],[-77.63971,37.38022],[-77.64188,37.38039],[-77.64244,37.38057],[-77.64369,37.38136],[-77.64465,37.3824],[-77.64567,37.38321],[-77.64745,37.38421],[-77.64804,37.38434],[-77.65046,37.38455],[-77.65036,37.38512],[-77.64936,37.38608],[-77.64877,37.38642],[-77.64585,37.38698],[-77.64544,37.3872],[-77.64445,37.38859],[-77.64429,37.38903],[-77.64435,37.39064],[-77.64426,37.39116],[-77.644,37.39169],[-77.64326,37.39244],[-77.64219,37.39394],[-77.6416,37.39472],[-77.63993,37.39605],[-77.63915,37.3966],[-77.6385,37.39783],[-77.63812,37.398],[-77.63743,37.39806],[-77.63663,37.39829],[-77.63433,37.39933],[-77.63315,37.39965],[-77.6309,37.4005],[-77.62869,37.40177],[-77.62775,37.40264],[-77.62703,37.40389],[-77.62624,37.40511],[-77.62484,37.40715],[-77.6239,37.40808],[-77.62335,37.40842],[-77.62013,37.41026],[-77.61897,37.41082],[-77.61659,37.41159],[-77.61556,37.41099],[-77.61413,37.41042],[-77.6128,37.41008],[-77.61191,37.40994],[-77.60984,37.40989],[-77.60389,37.41047],[-77.59781,37.41108],[-77.59555,37.41125],[-77.59348,37.41136],[-77.59128,37.41144],[-77.59007,37.41369],[-77.58962,37.41492],[-77.58902,37.41575],[-77.58778,37.41684],[-77.5867,37.41763],[-77.58633,37.41801],[-77.58566,37.41904],[-77.58504,37.42041],[-77.58456,37.4222],[-77.58422,37.42266],[-77.58355,37.42309],[-77.58181,37.42374],[-77.58175,37.42389],[-77.58292,37.42593],[-77.58322,37.42666],[-77.5834,37.42776],[-77.58334,37.42875],[-77.58265,37.43406],[-77.58231,37.43511],[-77.58143,37.43678],[-77.58119,37.43748],[-77.58115,37.43804],[-77.58135,37.44017],[-77.58136,37.44092],[-77.58113,37.44248],[-77.58115,37.44299],[-77.5814,37.44364],[-77.58157,37.44359],[-77.58212,37.44454],[-77.58417,37.44868],[-77.58477,37.44969],[-77.58667,37.45246],[-77.58812,37.45446],[-77.58758,37.45468],[-77.58705,37.45507],[-77.58651,37.45526],[-77.58547,37.45522],[-77.58439,37.45492],[-77.58331,37.45496],[-77.58278,37.4554],[-77.58252,37.4562],[-77.58144,37.45644],[-77.58073,37.45641],[-77.58049,37.45654],[-77.58002,37.45631],[-77.57931,37.45631],[-77.57801,37.45565],[-77.57763,37.45525],[-77.57601,37.45411],[-77.57567,37.4535],[-77.57566,37.45314],[-77.57589,37.45206],[-77.57584,37.45143],[-77.57551,37.45124],[-77.57487,37.45176],[-77.57257,37.45253],[-77.57137,37.45258],[-77.56901,37.45215],[-77.56741,37.45215],[-77.56515,37.45088],[-77.56449,37.4492],[-77.55482,37.45495],[-77.5471,37.45965],[-77.54509,37.46086],[-77.53891,37.46463],[-77.53522,37.46685],[-77.5325,37.46852],[-77.52701,37.47201],[-77.52517,37.47313],[-77.52735,37.47766],[-77.52936,37.48152],[-77.52998,37.48228],[-77.53364,37.4851],[-77.53426,37.48578],[-77.53455,37.48649],[-77.53476,37.48804],[-77.53503,37.49197],[-77.5351,37.4925],[-77.53569,37.4942],[-77.53633,37.49633],[-77.53714,37.49916],[-77.53134,37.50021],[-77.52314,37.50171],[-77.52318,37.5019],[-77.51408,37.50353],[-77.51078,37.50411],[-77.51226,37.50737],[-77.51285,37.50773],[-77.5137,37.50715],[-77.51431,37.50654],[-77.51511,37.50639],[-77.51766,37.50966],[-77.51924,37.50984],[-77.51918,37.5122],[-77.51934,37.51233],[-77.52187,37.51337],[-77.52208,37.51355],[-77.52294,37.51534],[-77.52264,37.51582],[-77.52269,37.51613],[-77.52169,37.51653],[-77.5195,37.51771],[-77.51846,37.51842],[-77.51776,37.5188],[-77.51603,37.51941],[-77.51564,37.51876],[-77.51522,37.51832],[-77.51186,37.51611],[-77.5119,37.51606],[-77.506,37.51141],[-77.50575,37.51107],[-77.5046,37.5052],[-77.4982,37.50633],[-77.49662,37.50666],[-77.49573,37.50692],[-77.4943,37.50744],[-77.49291,37.50786],[-77.48878,37.5086],[-77.48583,37.50911],[-77.48416,37.50927],[-77.48299,37.50887],[-77.47868,37.50724],[-77.47481,37.50571],[-77.47157,37.50449],[-77.47055,37.50406],[-77.46665,37.50258],[-77.45835,37.49954],[-77.4567,37.49898],[-77.45287,37.49758],[-77.45122,37.4969],[-77.45042,37.49628],[-77.44975,37.49559],[-77.44895,37.49456],[-77.44862,37.49357],[-77.44859,37.49242],[-77.44865,37.48729],[-77.4486,37.48627],[-77.44858,37.48278],[-77.44847,37.4798],[-77.44852,37.47416],[-77.44851,37.47256],[-77.44857,37.47102],[-77.44869,37.46964],[-77.44909,37.46717],[-77.45024,37.4606],[-77.4503,37.46001],[-77.44968,37.45987],[-77.4485,37.45978],[-77.44767,37.45985],[-77.44572,37.46025],[-77.44464,37.46024],[-77.44264,37.46036],[-77.44218,37.46012],[-77.43626,37.45774],[-77.43549,37.45748],[-77.43396,37.4564],[-77.42974,37.45361],[-77.42959,37.45342],[-77.42648,37.45138],[-77.42074,37.44752],[-77.41957,37.44697],[-77.41894,37.44655],[-77.41872,37.44697],[-77.41847,37.44825],[-77.41851,37.44858],[-77.41828,37.44902],[-77.418,37.45014],[-77.41775,37.45081],[-77.41751,37.45181],[-77.41766,37.45214],[-77.41747,37.4529],[-77.41763,37.45434],[-77.4178,37.45462],[-77.41803,37.45611],[-77.41842,37.45808],[-77.41859,37.45857],[-77.41837,37.45897],[-77.41814,37.45785],[-77.4179,37.45742],[-77.41784,37.45833],[-77.41802,37.45879],[-77.41858,37.45946],[-77.41895,37.46061],[-77.41927,37.46196],[-77.41952,37.46261],[-77.41968,37.46439],[-77.41998,37.46503],[-77.41998,37.4657],[-77.42025,37.46597],[-77.42041,37.46707],[-77.42067,37.46761],[-77.42071,37.468],[-77.42016,37.46795],[-77.4207,37.46816],[-77.42109,37.46857],[-77.421,37.46876],[-77.42112,37.4697],[-77.4214,37.47062],[-77.42136,37.4711],[-77.42164,37.47131],[-77.4217,37.47239],[-77.42182,37.47268],[-77.42179,37.4742],[-77.42184,37.47516],[-77.42164,37.47753],[-77.4214,37.47841],[-77.42141,37.48018],[-77.42123,37.48103],[-77.42149,37.48126],[-77.42124,37.48151],[-77.42136,37.48343],[-77.42121,37.48384],[-77.42137,37.48461],[-77.42118,37.48518],[-77.42129,37.48546],[-77.42088,37.48589],[-77.42124,37.48599],[-77.42101,37.48681],[-77.4214,37.48712],[-77.42124,37.48792],[-77.42157,37.48822],[-77.42138,37.48853],[-77.42137,37.48948],[-77.42151,37.48968],[-77.42148,37.49028],[-77.4216,37.49076],[-77.42168,37.49195],[-77.42221,37.49372],[-77.42227,37.49433],[-77.42281,37.49614],[-77.42258,37.49715],[-77.42202,37.49784],[-77.42208,37.49812],[-77.42171,37.49899],[-77.42103,37.49978],[-77.42087,37.50013],[-77.41997,37.50133],[-77.41899,37.50234],[-77.41852,37.50297],[-77.41872,37.50314],[-77.41832,37.50321],[-77.418,37.50429],[-77.41764,37.50469],[-77.41738,37.50547],[-77.41731,37.50599],[-77.41705,37.50677],[-77.41659,37.50898],[-77.41655,37.50994],[-77.41642,37.5107],[-77.41647,37.51195],[-77.41641,37.51351],[-77.41649,37.51418],[-77.41648,37.5158],[-77.4164,37.51708],[-77.41651,37.51713],[-77.41686,37.51719],[-77.41686,37.51776],[-77.41721,37.51919],[-77.41723,37.51972],[-77.41748,37.51997],[-77.41749,37.52062],[-77.41799,37.52108],[-77.41892,37.52253],[-77.41932,37.52284],[-77.41815,37.52346],[-77.4186,37.5243],[-77.41845,37.52561],[-77.41779,37.52522],[-77.41696,37.52499],[-77.41438,37.52389],[-77.41348,37.52346],[-77.41292,37.52333],[-77.41187,37.52327],[-77.41074,37.52334],[-77.40646,37.52371],[-77.40362,37.52398],[-77.40257,37.52406],[-77.39917,37.52444],[-77.39778,37.52477],[-77.39552,37.52551],[-77.39391,37.52611],[-77.39367,37.52703],[-77.39281,37.52766],[-77.39193,37.52819],[-77.39175,37.529],[-77.39131,37.53012],[-77.38604,37.52892],[-77.38551,37.53517],[-77.38797,37.53623],[-77.38778,37.53675],[-77.3906,37.53718],[-77.39325,37.5373],[-77.39396,37.53881],[-77.39341,37.53899],[-77.39451,37.54116],[-77.39365,37.54143],[-77.39499,37.54402],[-77.39616,37.54631],[-77.39582,37.54674],[-77.39456,37.54541],[-77.39321,37.54417],[-77.39159,37.54283],[-77.38636,37.53896],[-77.38497,37.53788],[-77.38313,37.53638],[-77.37887,37.5327],[-77.37811,37.53211],[-77.37655,37.53117],[-77.37574,37.53081],[-77.37441,37.53036],[-77.37333,37.53009],[-77.37217,37.52989],[-77.37065,37.52981],[-77.36894,37.52989],[-77.36773,37.53009],[-77.36631,37.53045],[-77.36283,37.53159],[-77.36124,37.53203],[-77.35901,37.53246],[-77.35773,37.53263],[-77.35533,37.53272],[-77.35284,37.53259],[-77.34457,37.53154],[-77.34414,37.53243],[-77.34272,37.53424],[-77.34243,37.53492],[-77.34221,37.53599],[-77.34199,37.53647],[-77.34269,37.5367],[-77.34343,37.53671],[-77.34474,37.53644],[-77.34619,37.53655],[-77.34682,37.53678],[-77.34979,37.53852],[-77.35009,37.53879],[-77.35119,37.54027],[-77.35164,37.54051],[-77.35485,37.54106],[-77.35437,37.54271],[-77.35456,37.54358],[-77.3561,37.54872],[-77.35614,37.54897],[-77.35746,37.54846],[-77.36164,37.54732],[-77.3646,37.54629],[-77.36576,37.54831],[-77.36569,37.54847],[-77.36439,37.54895],[-77.36426,37.54934],[-77.36264,37.55213],[-77.36206,37.55307],[-77.36137,37.55341],[-77.36132,37.55431],[-77.36084,37.55526],[-77.36067,37.55586],[-77.35999,37.5591],[-77.3592,37.56339],[-77.35917,37.56411],[-77.3593,37.56476],[-77.36013,37.56621],[-77.35816,37.56693],[-77.35788,37.56699],[-77.35454,37.5682],[-77.35335,37.56855],[-77.35055,37.56927],[-77.34927,37.56977],[-77.34837,37.57028],[-77.34647,37.57148],[-77.34111,37.57471],[-77.3405,37.575],[-77.33697,37.57574],[-77.33664,37.57533],[-77.33576,37.57478],[-77.3348,37.57467],[-77.33418,37.57445],[-77.33313,37.57425],[-77.33151,37.57374],[-77.33072,37.57329],[-77.3303,37.57288],[-77.32962,37.57256],[-77.32839,37.57226],[-77.32712,37.57178],[-77.32669,37.57143],[-77.32648,37.57096],[-77.32654,37.57023],[-77.32623,37.57],[-77.32555,37.56989],[-77.3246,37.56958],[-77.32409,37.56924],[-77.32339,37.56907],[-77.32282,37.56875],[-77.32207,37.56816],[-77.32125,37.56778],[-77.32055,37.56788],[-77.31893,37.56748],[-77.31784,37.56735],[-77.31671,37.56747],[-77.31606,37.56702],[-77.31493,37.5658],[-77.31341,37.56461],[-77.31195,37.56445],[-77.31159,37.56453],[-77.31106,37.56492],[-77.31058,37.56474],[-77.30986,37.56416],[-77.30806,37.56293],[-77.3072,37.56186],[-77.30594,37.56101],[-77.30428,37.56041],[-77.30233,37.5598],[-77.30113,37.55971],[-77.29914,37.55972],[-77.29771,37.5602],[-77.29672,37.56042],[-77.29616,37.56033],[-77.29477,37.56084],[-77.29334,37.56101],[-77.29194,37.56083],[-77.29088,37.56049],[-77.28988,37.55964],[-77.28838,37.55749],[-77.28691,37.55631],[-77.2861,37.55599],[-77.28521,37.55592],[-77.284,37.55535],[-77.28366,37.55531],[-77.28338,37.55554],[-77.28273,37.55555],[-77.28189,37.55572],[-77.28076,37.555],[-77.2803,37.55503],[-77.27977,37.55451],[-77.27896,37.55409],[-77.27808,37.5542],[-77.27702,37.55407],[-77.27652,37.55354],[-77.2757,37.55293],[-77.27505,37.55274],[-77.27424,37.55275],[-77.2736,37.55243],[-77.27243,37.5523],[-77.27151,37.55228],[-77.2706,37.55179],[-77.2699,37.55154],[-77.26905,37.55166],[-77.26813,37.55164],[-77.26612,37.5519],[-77.26454,37.55092],[-77.26399,37.5502],[-77.26346,37.54965],[-77.26314,37.54977],[-77.26137,37.5497],[-77.26045,37.54932],[-77.25974,37.54891],[-77.25929,37.54837],[-77.25943,37.54766],[-77.25923,37.54697],[-77.25755,37.54629],[-77.2571,37.54598],[-77.25666,37.54537],[-77.25584,37.54519],[-77.25472,37.54461],[-77.25434,37.54395],[-77.25414,37.54335],[-77.25372,37.54273],[-77.25265,37.54223],[-77.25207,37.54248],[-77.25118,37.54232],[-77.25031,37.54183],[-77.24994,37.54122],[-77.24923,37.54075],[-77.24811,37.54046],[-77.24771,37.54047],[-77.24681,37.53931],[-77.24661,37.53923],[-77.24468,37.53902],[-77.24392,37.53944],[-77.24323,37.53938],[-77.24265,37.53871],[-77.24209,37.53859],[-77.24129,37.53858],[-77.24102,37.53797],[-77.24073,37.5378],[-77.2399,37.53793],[-77.23843,37.53857],[-77.23831,37.53889],[-77.23774,37.53909],[-77.23724,37.53887],[-77.23673,37.53896],[-77.23596,37.53888],[-77.23513,37.53857],[-77.2343,37.53887],[-77.23378,37.53883],[-77.23324,37.53907],[-77.23295,37.53939],[-77.23236,37.53969],[-77.23149,37.53947],[-77.23115,37.53904],[-77.23102,37.53817],[-77.23059,37.53762],[-77.23056,37.53724],[-77.22973,37.53688],[-77.22898,37.53683],[-77.22847,37.53636],[-77.22754,37.53481],[-77.22697,37.53417],[-77.22651,37.53387],[-77.22543,37.53416],[-77.22451,37.53392],[-77.22335,37.53399],[-77.22303,37.5339],[-77.22304,37.53356],[-77.22242,37.53332],[-77.22124,37.53323],[-77.22062,37.5327],[-77.2205,37.53244],[-77.22063,37.53171],[-77.22015,37.53107],[-77.2204,37.53014],[-77.22082,37.5293],[-77.22055,37.52886],[-77.22055,37.5277],[-77.22025,37.52722],[-77.21958,37.52709],[-77.2189,37.52682],[-77.21861,37.52688],[-77.21789,37.52642],[-77.21674,37.52585],[-77.21525,37.52554],[-77.21485,37.52537],[-77.21443,37.52433],[-77.21414,37.52411],[-77.21251,37.52323],[-77.21241,37.52263],[-77.21267,37.52207],[-77.21239,37.52136],[-77.21151,37.52099],[-77.21121,37.52066],[-77.21075,37.52074],[-77.21029,37.52044],[-77.21012,37.52008],[-77.20943,37.51926],[-77.20933,37.51899],[-77.20942,37.51825],[-77.20928,37.51777],[-77.2091,37.51746],[-77.20891,37.51656],[-77.2087,37.5163],[-77.20774,37.51603],[-77.20739,37.5162],[-77.20671,37.51616],[-77.20624,37.51598],[-77.20577,37.51528],[-77.20652,37.51523],[-77.20712,37.51429],[-77.20701,37.51345],[-77.20637,37.51362],[-77.20622,37.51335],[-77.20563,37.51296],[-77.20454,37.5127],[-77.20403,37.51312],[-77.20371,37.51322],[-77.20342,37.513],[-77.20267,37.51287],[-77.2025,37.51226],[-77.20167,37.51198],[-77.20168,37.51158],[-77.20132,37.5111],[-77.1994,37.5099],[-77.19886,37.50971],[-77.19848,37.50943],[-77.19818,37.50897],[-77.19738,37.50893],[-77.19681,37.50855],[-77.19539,37.50815],[-77.19479,37.50783],[-77.19398,37.50754],[-77.19372,37.5072],[-77.19296,37.5066],[-77.19279,37.50607],[-77.19286,37.50549],[-77.19279,37.50489],[-77.19248,37.50429],[-77.19252,37.50398],[-77.19288,37.50366],[-77.19287,37.50341],[-77.19196,37.50287],[-77.19194,37.50124],[-77.19144,37.50069],[-77.19116,37.50057],[-77.1906,37.50062],[-77.18986,37.50014],[-77.18905,37.50014],[-77.1886,37.50028],[-77.18816,37.50022],[-77.18788,37.49975],[-77.18843,37.4993],[-77.18863,37.4987],[-77.18858,37.49829],[-77.18835,37.49796],[-77.18806,37.49797],[-77.18744,37.49756],[-77.18667,37.49775],[-77.18655,37.49809],[-77.18605,37.49798],[-77.18598,37.49736],[-77.18501,37.49629],[-77.18484,37.49572],[-77.18385,37.49528],[-77.18304,37.49475],[-77.18242,37.49393],[-77.18138,37.49334],[-77.1812,37.49315],[-77.18049,37.49357],[-77.17994,37.49333],[-77.17996,37.49266],[-77.17925,37.49224],[-77.17929,37.49176],[-77.17854,37.4914],[-77.17805,37.49149],[-77.17751,37.49134],[-77.17698,37.49137],[-77.17732,37.4906],[-77.17864,37.48851],[-77.18337,37.48004],[-77.18633,37.47458],[-77.18796,37.47175],[-77.1927,37.46303],[-77.1948,37.45908],[-77.1969,37.4554],[-77.19783,37.45356],[-77.20173,37.4463],[-77.20535,37.43969],[-77.20866,37.43362],[-77.21114,37.42902],[-77.2119,37.42755],[-77.21308,37.42542],[-77.21522,37.42148],[-77.21752,37.41723],[-77.21877,37.41499],[-77.21928,37.4144],[-77.21938,37.41385],[-77.21972,37.41288],[-77.21963,37.41263],[-77.22055,37.41167],[-77.22059,37.41129],[-77.22112,37.41076],[-77.22131,37.41024],[-77.22152,37.41014],[-77.22136,37.40961],[-77.2216,37.40955],[-77.22171,37.40877],[-77.2224,37.40754],[-77.2226,37.40761],[-77.22284,37.4071],[-77.22316,37.40699],[-77.22374,37.40654],[-77.22433,37.40626],[-77.22414,37.40593],[-77.22474,37.4058],[-77.22535,37.40588],[-77.22597,37.40537],[-77.22587,37.40508],[-77.22538,37.40485],[-77.22527,37.40461],[-77.22485,37.40455],[-77.22479,37.40433],[-77.22428,37.40387],[-77.22441,37.40318],[-77.2233,37.4027],[-77.22206,37.40136],[-77.22054,37.40061],[-77.22017,37.39998],[-77.22025,37.39943],[-77.22093,37.39914],[-77.22115,37.39869],[-77.22085,37.39762],[-77.2206,37.39745],[-77.22044,37.39695],[-77.2204,37.39621],[-77.22009,37.39596],[-77.21986,37.39551],[-77.2192,37.39508],[-77.21816,37.39496],[-77.21787,37.39505],[-77.21708,37.39495],[-77.21668,37.39463],[-77.21604,37.39437],[-77.21575,37.39438],[-77.21479,37.39382],[-77.21459,37.39352],[-77.21525,37.39271],[-77.21504,37.39244],[-77.21493,37.39139],[-77.21521,37.39042],[-77.21591,37.38955],[-77.21641,37.3895],[-77.2171,37.38839],[-77.21703,37.38757],[-77.21732,37.38706],[-77.21775,37.3867],[-77.21779,37.38633],[-77.21711,37.38597],[-77.21583,37.38602],[-77.21507,37.38593],[-77.21497,37.38575],[-77.21536,37.38528],[-77.21634,37.38471],[-77.21767,37.3843],[-77.21874,37.38388],[-77.22017,37.38388],[-77.22039,37.38372],[-77.22066,37.38303],[-77.22092,37.38279],[-77.22212,37.38227],[-77.22294,37.38237],[-77.22341,37.38232],[-77.22421,37.38162],[-77.22461,37.38157],[-77.22469,37.3809],[-77.22452,37.38041],[-77.22415,37.38041],[-77.22469,37.37976],[-77.22514,37.37997],[-77.22548,37.37985],[-77.22631,37.37997],[-77.2272,37.38038],[-77.22706,37.38059],[-77.22766,37.38106],[-77.22815,37.3809],[-77.22828,37.38121],[-77.22863,37.38141],[-77.22823,37.38216],[-77.22876,37.38229],[-77.22952,37.38293],[-77.22994,37.38289],[-77.23041,37.3826],[-77.23039,37.38223],[-77.23148,37.38217],[-77.23173,37.38232],[-77.23228,37.38209],[-77.23246,37.38243],[-77.23199,37.3826],[-77.23191,37.38285],[-77.23221,37.38345],[-77.23283,37.3833],[-77.23307,37.38299],[-77.23343,37.38302],[-77.23374,37.38248],[-77.23355,37.38223],[-77.23414,37.3822],[-77.23397,37.38161],[-77.23461,37.38156],[-77.23472,37.3819],[-77.2352,37.38227],[-77.23506,37.38247],[-77.23546,37.38273],[-77.23529,37.38374],[-77.23533,37.3842],[-77.2362,37.38477],[-77.2369,37.38577],[-77.23819,37.3861],[-77.23851,37.38643],[-77.23816,37.3867],[-77.23858,37.38722],[-77.2383,37.38747],[-77.23913,37.38807],[-77.23956,37.38804],[-77.23948,37.3885],[-77.24017,37.38842],[-77.24075,37.38866],[-77.2408,37.38844],[-77.24177,37.3887],[-77.24199,37.38858],[-77.24259,37.38891],[-77.24321,37.38969],[-77.24339,37.3906],[-77.24392,37.39092],[-77.24472,37.39108],[-77.24545,37.39073],[-77.24584,37.39109],[-77.24639,37.39087],[-77.24679,37.39121],[-77.24728,37.39229],[-77.24705,37.39284],[-77.24658,37.3929],[-77.24635,37.39318],[-77.24594,37.3931],[-77.24548,37.39272],[-77.24496,37.3927],[-77.24497,37.39293],[-77.24578,37.39381],[-77.24605,37.39448],[-77.24666,37.39469],[-77.24776,37.3945],[-77.24839,37.39485],[-77.24875,37.39473],[-77.24888,37.39363],[-77.24852,37.39297],[-77.24863,37.39276],[-77.24946,37.39232],[-77.24996,37.39218],[-77.25046,37.39236],[-77.25078,37.39228],[-77.25091,37.39193],[-77.25086,37.39134],[-77.25108,37.39063],[-77.25153,37.39018],[-77.25151,37.38989],[-77.25095,37.38944],[-77.25092,37.38907],[-77.25128,37.38872],[-77.25336,37.38792],[-77.25395,37.38761],[-77.25399,37.38717],[-77.25293,37.38664],[-77.25264,37.38662],[-77.25141,37.38692],[-77.25086,37.38688],[-77.2504,37.38665],[-77.2499,37.38603],[-77.24951,37.38525],[-77.24869,37.38428],[-77.24821,37.38329],[-77.24835,37.3826],[-77.24937,37.38221],[-77.24966,37.382],[-77.24858,37.3815],[-77.24782,37.38078],[-77.24694,37.3796],[-77.24644,37.37869],[-77.24615,37.37793],[-77.2461,37.377],[-77.24593,37.37589],[-77.24532,37.37438],[-77.24494,37.37319],[-77.24427,37.37056],[-77.24417,37.36927],[-77.24484,37.36707],[-77.24569,37.36505],[-77.24779,37.3609],[-77.24902,37.35926],[-77.2497,37.35888],[-77.26459,37.34405],[-77.26711,37.34005],[-77.2679,37.33695],[-77.27157,37.32656],[-77.27067,37.32076],[-77.27159,37.32101],[-77.27269,37.32109],[-77.27383,37.32101],[-77.28074,37.31946],[-77.28195,37.31901],[-77.28252,37.3186],[-77.28266,37.31808],[-77.28226,37.31506],[-77.28227,37.3142],[-77.28253,37.31375],[-77.28296,37.31343],[-77.28402,37.31301],[-77.28728,37.31685],[-77.28765,37.31575],[-77.28802,37.3154],[-77.28876,37.31492],[-77.28941,37.31468],[-77.28984,37.31388],[-77.29106,37.31325],[-77.29208,37.31294],[-77.29316,37.31275],[-77.29389,37.31267],[-77.29617,37.31262],[-77.2965,37.31266],[-77.29617,37.31141],[-77.29646,37.31135],[-77.29623,37.31022],[-77.29552,37.31001],[-77.29525,37.30958],[-77.29566,37.30946],[-77.29623,37.30958],[-77.29695,37.31016],[-77.29926,37.30977],[-77.30009,37.30982],[-77.3006,37.30952],[-77.30161,37.30589],[-77.30194,37.30525],[-77.30159,37.30508],[-77.30118,37.30455],[-77.30115,37.30402],[-77.30154,37.30346],[-77.30071,37.30268],[-77.29845,37.29649],[-77.29784,37.29476],[-77.29797,37.29234],[-77.30023,37.29018],[-77.30462,37.28614],[-77.30777,37.28321],[-77.31004,37.28116],[-77.31589,37.27572],[-77.31768,37.2741],[-77.31837,37.27343],[-77.32438,37.26782],[-77.32705,37.26946],[-77.32668,37.26987],[-77.3272,37.27041],[-77.32797,37.27137],[-77.32832,37.27195],[-77.32812,37.27252],[-77.32801,37.2735],[-77.32759,37.27464],[-77.32785,37.27511],[-77.32797,37.27589],[-77.328,37.27684],[-77.3278,37.27732],[-77.32691,37.27833],[-77.32666,37.27886],[-77.32627,37.2793],[-77.32527,37.2799],[-77.32498,37.28061],[-77.32559,37.28058],[-77.32973,37.28075],[-77.32983,37.2813],[-77.32987,37.28256],[-77.33013,37.28473],[-77.33009,37.28511],[-77.32967,37.2856],[-77.32914,37.28597],[-77.32881,37.28659],[-77.32843,37.28803],[-77.32846,37.28841],[-77.32901,37.2892],[-77.32912,37.29023],[-77.32856,37.29103],[-77.32843,37.29163],[-77.32815,37.29218],[-77.32726,37.29244],[-77.32682,37.29275],[-77.32669,37.29323],[-77.33043,37.29359],[-77.3296,37.29831],[-77.33105,37.29879],[-77.33182,37.29886],[-77.33356,37.2988],[-77.33618,37.30251],[-77.33644,37.30295],[-77.33687,37.30296],[-77.33728,37.30377],[-77.33769,37.30512],[-77.33777,37.30648],[-77.33764,37.30761],[-77.33735,37.30863],[-77.33567,37.31304],[-77.3369,37.31375],[-77.33781,37.31436],[-77.33821,37.31477],[-77.3386,37.31496],[-77.33967,37.31509],[-77.34097,37.3149],[-77.34441,37.31423],[-77.34682,37.31359],[-77.34769,37.31327],[-77.34973,37.31228],[-77.35033,37.31193],[-77.35252,37.31016],[-77.35285,37.30962],[-77.353,37.30879],[-77.35316,37.30562],[-77.35353,37.30396],[-77.35353,37.3037],[-77.35298,37.30277],[-77.3529,37.30223],[-77.35268,37.29914],[-77.35271,37.29796],[-77.3533,37.29605],[-77.35373,37.29501],[-77.35423,37.29404],[-77.35445,37.29319],[-77.35484,37.29212],[-77.35538,37.28977],[-77.35577,37.28856],[-77.35598,37.28727],[-77.35604,37.28578],[-77.35658,37.28312],[-77.35708,37.28166],[-77.35757,37.2805],[-77.35825,37.27945],[-77.35878,37.2789],[-77.36046,37.27733],[-77.36194,37.27638],[-77.36465,37.2749],[-77.36705,37.2737],[-77.36882,37.27261],[-77.37005,37.27141],[-77.37132,37.27007],[-77.37218,37.26927],[-77.37297,37.26825],[-77.37373,37.26695],[-77.37433,37.26501],[-77.37517,37.26297],[-77.37582,37.26163],[-77.37645,37.2593],[-77.37738,37.25554],[-77.37751,37.25295],[-77.37746,37.25156],[-77.37704,37.24965],[-77.37689,37.24849],[-77.37687,37.24632],[-77.37673,37.24499],[-77.37678,37.24485],[-77.37702,37.24426],[-77.37841,37.24285],[-77.38129,37.24057],[-77.3829,37.23958],[-77.38386,37.23891],[-77.38577,37.23819],[-77.38707,37.23813],[-77.38921,37.23812],[-77.38961,37.23805],[-77.38978,37.23847],[-77.38959,37.23867],[-77.38996,37.23967],[-77.39535,37.23809],[-77.39604,37.23789],[-77.40174,37.23905],[-77.40278,37.23709],[-77.40273,37.23607],[-77.40341,37.23657],[-77.40239,37.23819],[-77.40367,37.23735],[-77.40333,37.23772],[-77.40324,37.23833],[-77.4021,37.23952],[-77.40055,37.24015],[-77.39942,37.24023],[-77.39862,37.23971],[-77.39601,37.23938],[-77.39544,37.23938],[-77.39421,37.23952],[-77.39386,37.23989],[-77.39206,37.24085],[-77.39136,37.24095],[-77.3857,37.24116],[-77.38495,37.24133],[-77.38369,37.24199],[-77.38252,37.24284],[-77.38161,37.24378],[-77.38091,37.24462],[-77.38029,37.24554],[-77.37982,37.24687],[-77.37948,37.24848],[-77.37951,37.25],[-77.37963,37.25032],[-77.37973,37.25266],[-77.37959,37.25341],[-77.37944,37.25562],[-77.37945,37.25717],[-77.3796,37.25767],[-77.3796,37.25858],[-77.37951,37.2593],[-77.37927,37.25997],[-77.37917,37.26109],[-77.37933,37.2622],[-77.37935,37.26321],[-77.37946,37.26449],[-77.37939,37.26506],[-77.37942,37.26628],[-77.37919,37.26758],[-77.37886,37.26819],[-77.37795,37.26949],[-77.3776,37.27036],[-77.37749,37.27101],[-77.3778,37.27057],[-77.37808,37.27046],[-77.37729,37.27157],[-77.37649,37.27291],[-77.37579,37.2739],[-77.37548,37.27456],[-77.37456,37.27534],[-77.37375,37.27552],[-77.37348,37.27568],[-77.37324,37.27615],[-77.37294,37.27634],[-77.37238,37.27642],[-77.36959,37.27752],[-77.36866,37.27806],[-77.36804,37.27811],[-77.36696,37.27842],[-77.36647,37.27884],[-77.36428,37.28029],[-77.36397,37.28032],[-77.36332,37.28094],[-77.36232,37.28216],[-77.36213,37.28358],[-77.36237,37.28386],[-77.36228,37.28409],[-77.36256,37.28455],[-77.36252,37.28502],[-77.36334,37.2857],[-77.36389,37.28651],[-77.36498,37.28733],[-77.36528,37.2884],[-77.3651,37.28939],[-77.36436,37.29034],[-77.36442,37.29073],[-77.36509,37.29201],[-77.36566,37.2926],[-77.36803,37.29464],[-77.36839,37.2955],[-77.36816,37.29675],[-77.36811,37.29778],[-77.3682,37.29855],[-77.3728,37.29695],[-77.3736,37.29575],[-77.37504,37.2927],[-77.37552,37.29127],[-77.37649,37.2897],[-77.37696,37.28747],[-77.37754,37.28586],[-77.37829,37.28451],[-77.37911,37.28406],[-77.3817,37.28474],[-77.38249,37.28512],[-77.38359,37.28525],[-77.386,37.28661],[-77.38658,37.28672],[-77.38892,37.28735],[-77.38915,37.28736],[-77.38938,37.28737],[-77.39033,37.2872],[-77.39099,37.28655],[-77.39124,37.28544],[-77.39194,37.2844],[-77.39161,37.28361],[-77.39156,37.28321],[-77.39172,37.28269],[-77.39205,37.28262],[-77.3932,37.28272],[-77.39451,37.28307],[-77.39581,37.28378],[-77.39744,37.28391],[-77.39866,37.28369],[-77.40016,37.28326],[-77.40109,37.28284],[-77.40189,37.28203],[-77.40302,37.28009],[-77.40281,37.27938],[-77.40246,37.27905],[-77.4019,37.27883],[-77.4017,37.27792],[-77.40233,37.27754],[-77.40246,37.27716],[-77.40195,37.27666],[-77.40133,37.27638],[-77.3998,37.27621],[-77.39841,37.27572],[-77.39808,37.27551],[-77.398,37.27518],[-77.39831,37.27448],[-77.39822,37.27327],[-77.39838,37.27283],[-77.39876,37.27233],[-77.39965,37.2719],[-77.40076,37.27169],[-77.40159,37.27162],[-77.403,37.27163],[-77.40367,37.27191],[-77.404,37.27241],[-77.40477,37.27277],[-77.4056,37.27341],[-77.40597,37.27398],[-77.40667,37.27446],[-77.40709,37.27531],[-77.40757,37.27763],[-77.40762,37.27901],[-77.40803,37.27991],[-77.40877,37.28089],[-77.40971,37.28171],[-77.41087,37.28243],[-77.41159,37.28272],[-77.41185,37.28262],[-77.41232,37.28303],[-77.413,37.28319],[-77.41355,37.28294],[-77.41445,37.28224],[-77.41481,37.28255],[-77.41536,37.28226],[-77.4246,37.28365],[-77.4265,37.28305],[-77.42601,37.28055],[-77.4268,37.27844],[-77.42311,37.27446],[-77.42755,37.27547],[-77.4309,37.27625],[-77.4317,37.27634],[-77.43179,37.27591],[-77.4317,37.27454],[-77.42969,37.27232],[-77.42677,37.26914],[-77.42659,37.26892],[-77.42261,37.26242],[-77.42174,37.26266],[-77.42189,37.263],[-77.42269,37.26322],[-77.42296,37.2639],[-77.42258,37.26417],[-77.42203,37.26388],[-77.42133,37.26375],[-77.42121,37.2641],[-77.42154,37.26478],[-77.4213,37.26516],[-77.42105,37.26516],[-77.42064,37.26456],[-77.42023,37.26458],[-77.41994,37.26501],[-77.41912,37.26554],[-77.41889,37.26587],[-77.41854,37.2659],[-77.41826,37.26561],[-77.41733,37.265],[-77.41699,37.26466],[-77.41651,37.26457],[-77.41559,37.26395],[-77.41648,37.26293],[-77.41894,37.25884],[-77.42081,37.25568],[-77.4253,37.24837],[-77.42711,37.24526],[-77.43066,37.23923],[-77.43195,37.23686],[-77.43318,37.23502],[-77.4341,37.23326],[-77.43442,37.23248],[-77.43459,37.23137],[-77.43459,37.23043],[-77.43416,37.22886],[-77.43265,37.22587],[-77.43296,37.22525],[-77.43336,37.22503],[-77.43486,37.22491],[-77.4367,37.22466],[-77.43841,37.22432],[-77.43974,37.2238],[-77.44056,37.22356],[-77.44206,37.22342],[-77.44283,37.22348],[-77.44416,37.22344],[-77.44567,37.22316],[-77.44741,37.22307],[-77.45161,37.22266],[-77.45358,37.22271],[-77.4554,37.22319],[-77.45642,37.22308],[-77.45978,37.22353],[-77.46118,37.22388],[-77.46319,37.22455],[-77.4648,37.22483],[-77.46507,37.22499],[-77.46649,37.22527],[-77.46848,37.22518],[-77.46971,37.22522],[-77.47072,37.22544],[-77.47198,37.22561],[-77.47428,37.22526],[-77.47469,37.22527],[-77.47579,37.22507],[-77.4796,37.22453],[-77.48211,37.22476],[-77.48411,37.225],[-77.48577,37.22505],[-77.4861,37.22535],[-77.48776,37.22519],[-77.49256,37.22492]],[[-77.33663,37.51871],[-77.33874,37.51822],[-77.34066,37.51803],[-77.34063,37.51294],[-77.34063,37.50934],[-77.34059,37.50523],[-77.34062,37.50356],[-77.34091,37.50226],[-77.34181,37.49984],[-77.34147,37.4997],[-77.34018,37.49878],[-77.33834,37.49775],[-77.33519,37.49569],[-77.32774,37.49433],[-77.3001,37.48927],[-77.29968,37.49115],[-77.29987,37.49194],[-77.30228,37.49483],[-77.30339,37.49638],[-77.30591,37.49958],[-77.30618,37.50017],[-77.3063,37.5009],[-77.30624,37.50145],[-77.30439,37.51072],[-77.30425,37.51151],[-77.30678,37.51197],[-77.30977,37.51248],[-77.3102,37.513],[-77.31028,37.51356],[-77.31077,37.51353],[-77.31133,37.51368],[-77.31319,37.51389],[-77.31384,37.51584],[-77.31465,37.51801],[-77.31452,37.51889],[-77.31869,37.51967],[-77.32039,37.52003],[-77.32091,37.52059],[-77.32128,37.52119],[-77.3218,37.52295],[-77.32566,37.52223],[-77.32698,37.52184],[-77.32824,37.52132],[-77.33152,37.52004],[-77.3354,37.51904],[-77.33663,37.51871]]]}},{"type":"Feature","properties":{"zone":3,"zone_label":"Richmond pocket: mixed types","n_tracts":19,"rate_bin":3,"rate_bin_label":"1.75% \u2013 2.25%"},"geometry":{"type":"Polygon","coordinates":[[[-77.47055,37.50406],[-77.47157,37.50449],[-77.47481,37.50571],[-77.47868,37.50724],[-77.48299,37.50887],[-77.48416,37.50927],[-77.48583,37.50911],[-77.48878,37.5086],[-77.49291,37.50786],[-77.4943,37.50744],[-77.49573,37.50692],[-77.49662,37.50666],[-77.4982,37.50633],[-77.5046,37.5052],[-77.50575,37.51107],[-77.506,37.51141],[-77.5119,37.51606],[-77.51186,37.51611],[-77.51522,37.51832],[-77.51564,37.51876],[-77.51603,37.51941],[-77.51365,37.52036],[-77.51264,37.52061],[-77.51184,37.52064],[-77.511,37.52058],[-77.50899,37.52008],[-77.50734,37.51977],[-77.50498,37.51941],[-77.50431,37.51923],[-77.50287,37.51871],[-77.50211,37.51853],[-77.50106,37.51855],[-77.49702,37.51913],[-77.49558,37.51949],[-77.49462,37.51989],[-77.49619,37.52516],[-77.49663,37.52674],[-77.49686,37.52734],[-77.49725,37.52881],[-77.4974,37.52989],[-77.49735,37.53064],[-77.49709,37.5314],[-77.49652,37.53238],[-77.49577,37.53342],[-77.49487,37.53492],[-77.494,37.53616],[-77.4921,37.53451],[-77.49064,37.53382],[-77.48959,37.53347],[-77.48867,37.53325],[-77.48783,37.53315],[-77.48628,37.53253],[-77.48592,37.53247],[-77.48388,37.53175],[-77.48233,37.53419],[-77.48038,37.53328],[-77.47935,37.53297],[-77.47769,37.53256],[-77.47649,37.53208],[-77.47576,37.53157],[-77.47495,37.53117],[-77.47491,37.53166],[-77.47344,37.53715],[-77.47301,37.53744],[-77.47186,37.54116],[-77.47244,37.54169],[-77.47211,37.54255],[-77.47164,37.54296],[-77.47122,37.54424],[-77.47526,37.54567],[-77.47557,37.54588],[-77.47488,37.54707],[-77.47484,37.54754],[-77.47506,37.54817],[-77.47661,37.5486],[-77.47771,37.54899],[-77.47912,37.54946],[-77.48066,37.55006],[-77.48175,37.55067],[-77.4826,37.5514],[-77.48315,37.55175],[-77.48209,37.55366],[-77.48253,37.55382],[-77.48065,37.55718],[-77.48115,37.55735],[-77.48052,37.55847],[-77.47929,37.56071],[-77.47769,37.56014],[-77.47259,37.55832],[-77.47029,37.56251],[-77.47157,37.56326],[-77.47438,37.56561],[-77.47873,37.56929],[-77.47392,37.57368],[-77.47299,37.57482],[-77.47272,37.57537],[-77.47256,37.57611],[-77.47256,37.57677],[-77.47277,37.57783],[-77.47309,37.57833],[-77.47253,37.57875],[-77.47228,37.57899],[-77.47141,37.57867],[-77.46986,37.57833],[-77.46851,37.57818],[-77.46656,37.57823],[-77.46364,37.57642],[-77.46295,37.57591],[-77.46075,37.57428],[-77.46007,37.57388],[-77.45645,37.57221],[-77.45512,37.57148],[-77.45437,37.57077],[-77.45396,37.57015],[-77.45362,37.56908],[-77.45366,37.56801],[-77.45406,37.56592],[-77.45428,37.56421],[-77.45442,37.56191],[-77.45428,37.56113],[-77.45371,37.56005],[-77.4531,37.5594],[-77.45195,37.55866],[-77.45261,37.55793],[-77.45181,37.55745],[-77.45269,37.55653],[-77.45166,37.55592],[-77.45355,37.55392],[-77.45457,37.55454],[-77.45543,37.55363],[-77.45237,37.55178],[-77.4551,37.54889],[-77.45529,37.54847],[-77.45531,37.54719],[-77.45528,37.54559],[-77.45534,37.54542],[-77.45655,37.54327],[-77.45549,37.54304],[-77.45414,37.54296],[-77.4541,37.54184],[-77.45384,37.54184],[-77.45376,37.54102],[-77.45326,37.54102],[-77.45319,37.5405],[-77.45285,37.5405],[-77.45297,37.537],[-77.45292,37.53687],[-77.45302,37.53527],[-77.45293,37.53517],[-77.45352,37.53463],[-77.45169,37.53486],[-77.45036,37.53497],[-77.44913,37.53535],[-77.44912,37.53452],[-77.44927,37.53343],[-77.44955,37.53256],[-77.44544,37.53181],[-77.44263,37.53183],[-77.44084,37.53173],[-77.43909,37.53148],[-77.43552,37.53086],[-77.43368,37.53035],[-77.43149,37.52985],[-77.42961,37.52898],[-77.42955,37.52878],[-77.42761,37.5276],[-77.42488,37.52602],[-77.42021,37.52367],[-77.41932,37.52284],[-77.41892,37.52253],[-77.41799,37.52108],[-77.41749,37.52062],[-77.41748,37.51997],[-77.41723,37.51972],[-77.41721,37.51919],[-77.41686,37.51776],[-77.41686,37.51719],[-77.41651,37.51713],[-77.4164,37.51708],[-77.41648,37.5158],[-77.41649,37.51418],[-77.41641,37.51351],[-77.41647,37.51195],[-77.41642,37.5107],[-77.41655,37.50994],[-77.41659,37.50898],[-77.41705,37.50677],[-77.41731,37.50599],[-77.41738,37.50547],[-77.41764,37.50469],[-77.418,37.50429],[-77.41832,37.50321],[-77.41872,37.50314],[-77.41852,37.50297],[-77.41899,37.50234],[-77.41997,37.50133],[-77.42087,37.50013],[-77.42103,37.49978],[-77.42171,37.49899],[-77.42208,37.49812],[-77.42202,37.49784],[-77.42258,37.49715],[-77.42281,37.49614],[-77.42227,37.49433],[-77.42221,37.49372],[-77.42168,37.49195],[-77.4216,37.49076],[-77.42148,37.49028],[-77.42151,37.48968],[-77.42137,37.48948],[-77.42138,37.48853],[-77.42157,37.48822],[-77.42124,37.48792],[-77.4214,37.48712],[-77.42101,37.48681],[-77.42124,37.48599],[-77.42088,37.48589],[-77.42129,37.48546],[-77.42118,37.48518],[-77.42137,37.48461],[-77.42121,37.48384],[-77.42136,37.48343],[-77.42124,37.48151],[-77.42149,37.48126],[-77.42123,37.48103],[-77.42141,37.48018],[-77.4214,37.47841],[-77.42164,37.47753],[-77.42184,37.47516],[-77.42179,37.4742],[-77.42182,37.47268],[-77.4217,37.47239],[-77.42164,37.47131],[-77.42136,37.4711],[-77.4214,37.47062],[-77.42112,37.4697],[-77.421,37.46876],[-77.42109,37.46857],[-77.4207,37.46816],[-77.42016,37.46795],[-77.42071,37.468],[-77.42067,37.46761],[-77.42041,37.46707],[-77.42025,37.46597],[-77.41998,37.4657],[-77.41998,37.46503],[-77.41968,37.46439],[-77.41952,37.46261],[-77.41927,37.46196],[-77.41895,37.46061],[-77.41858,37.45946],[-77.41802,37.45879],[-77.41784,37.45833],[-77.4179,37.45742],[-77.41814,37.45785],[-77.41837,37.45897],[-77.41859,37.45857],[-77.41842,37.45808],[-77.41803,37.45611],[-77.4178,37.45462],[-77.41763,37.45434],[-77.41747,37.4529],[-77.41766,37.45214],[-77.41751,37.45181],[-77.41775,37.45081],[-77.418,37.45014],[-77.41828,37.44902],[-77.41851,37.44858],[-77.41847,37.44825],[-77.41872,37.44697],[-77.41894,37.44655],[-77.41957,37.44697],[-77.42074,37.44752],[-77.42648,37.45138],[-77.42959,37.45342],[-77.42974,37.45361],[-77.43396,37.4564],[-77.43549,37.45748],[-77.43626,37.45774],[-77.44218,37.46012],[-77.44264,37.46036],[-77.44464,37.46024],[-77.44572,37.46025],[-77.44767,37.45985],[-77.4485,37.45978],[-77.44968,37.45987],[-77.4503,37.46001],[-77.45024,37.4606],[-77.44909,37.46717],[-77.44869,37.46964],[-77.44857,37.47102],[-77.44851,37.47256],[-77.44852,37.47416],[-77.44847,37.4798],[-77.44858,37.48278],[-77.4486,37.48627],[-77.44865,37.48729],[-77.44859,37.49242],[-77.44862,37.49357],[-77.44895,37.49456],[-77.44975,37.49559],[-77.45042,37.49628],[-77.45122,37.4969],[-77.45287,37.49758],[-77.4567,37.49898],[-77.45835,37.49954],[-77.46665,37.50258],[-77.47055,37.50406]]]}},{"type":"Feature","properties":{"zone":4,"zone_label":"Petersburg\u2013Colonial Heights corridor","n_tracts":12,"rate_bin":5,"rate_bin_label":"Over 3.25%"},"geometry":{"type":"Polygon","coordinates":[[[-77.4036,37.20969],[-77.4027,37.21014],[-77.4016,37.21083],[-77.39785,37.21333],[-77.3913,37.21767],[-77.39061,37.21825],[-77.39005,37.219],[-77.38928,37.21843],[-77.38864,37.21809],[-77.38404,37.21613],[-77.37709,37.21316],[-77.37556,37.21428],[-77.37458,37.2149],[-77.374,37.21517],[-77.37212,37.21551],[-77.37284,37.21692],[-77.37205,37.21707],[-77.37019,37.21703],[-77.36976,37.21709],[-77.36951,37.21731],[-77.36942,37.21783],[-77.36954,37.22254],[-77.36968,37.22295],[-77.3705,37.22434],[-77.37037,37.22515],[-77.36921,37.22683],[-77.36907,37.22717],[-77.36885,37.22835],[-77.36942,37.22937],[-77.36991,37.22983],[-77.37033,37.23052],[-77.37078,37.2315],[-77.37062,37.23188],[-77.37031,37.23212],[-77.3688,37.23253],[-77.36517,37.23289],[-77.36404,37.23274],[-77.3622,37.23222],[-77.36101,37.232],[-77.35992,37.23192],[-77.35827,37.23192],[-77.35287,37.22551],[-77.3517,37.22425],[-77.3523,37.22398],[-77.35448,37.22227],[-77.3544,37.22197],[-77.35408,37.22202],[-77.35263,37.2214],[-77.35306,37.22001],[-77.35262,37.21983],[-77.35248,37.21916],[-77.35188,37.21903],[-77.3515,37.21912],[-77.35032,37.219],[-77.35012,37.21972],[-77.34854,37.21936],[-77.34873,37.21859],[-77.34716,37.21831],[-77.34753,37.21649],[-77.34765,37.21648],[-77.34781,37.21463],[-77.34634,37.21376],[-77.34495,37.2138],[-77.34518,37.21281],[-77.34541,37.21221],[-77.34568,37.21193],[-77.34678,37.21136],[-77.34695,37.21099],[-77.3435,37.2104],[-77.3434,37.21093],[-77.34238,37.21079],[-77.34248,37.21032],[-77.34096,37.21012],[-77.33941,37.21],[-77.33983,37.20778],[-77.33884,37.20718],[-77.33756,37.20621],[-77.33653,37.20531],[-77.33567,37.20447],[-77.33284,37.20114],[-77.32977,37.1975],[-77.33332,37.19519],[-77.34092,37.19029],[-77.34213,37.18982],[-77.34315,37.18965],[-77.34094,37.18496],[-77.34121,37.1842],[-77.34604,37.18282],[-77.34575,37.17896],[-77.34676,37.17845],[-77.34568,37.17414],[-77.35122,37.17289],[-77.35114,37.17245],[-77.35479,37.17228],[-77.35541,37.17223],[-77.35677,37.17193],[-77.35918,37.17127],[-77.3595,37.17194],[-77.35979,37.1719],[-77.36072,37.17179],[-77.36238,37.17178],[-77.36237,37.17074],[-77.36342,37.17094],[-77.36342,37.17178],[-77.36539,37.17177],[-77.36554,37.17497],[-77.37014,37.17538],[-77.37194,37.17643],[-77.37689,37.17598],[-77.37645,37.1773],[-77.37644,37.17762],[-77.37602,37.17807],[-77.37611,37.17844],[-77.37664,37.17863],[-77.37713,37.17902],[-77.37715,37.17935],[-77.37684,37.17998],[-77.3767,37.18055],[-77.3815,37.17955],[-77.3814,37.17825],[-77.38501,37.17515],[-77.3921,37.17325],[-77.3961,37.17115],[-77.3992,37.17085],[-77.39927,37.17169],[-77.4049,37.17152],[-77.40594,37.17009],[-77.40658,37.16961],[-77.40714,37.16936],[-77.40869,37.16822],[-77.40981,37.16734],[-77.41074,37.16689],[-77.41147,37.16671],[-77.41519,37.16651],[-77.41547,37.16671],[-77.42347,37.1651],[-77.42379,37.17328],[-77.42094,37.17338],[-77.42118,37.17404],[-77.42151,37.17608],[-77.42207,37.17906],[-77.42198,37.17947],[-77.42213,37.18027],[-77.42357,37.1806],[-77.42294,37.18118],[-77.42713,37.18454],[-77.42807,37.18502],[-77.43893,37.18716],[-77.44707,37.18882],[-77.44717,37.18861],[-77.44921,37.18904],[-77.45113,37.18833],[-77.45391,37.18768],[-77.45459,37.18747],[-77.45492,37.18762],[-77.45337,37.18886],[-77.45322,37.18888],[-77.44891,37.19236],[-77.44771,37.19345],[-77.44746,37.1935],[-77.44646,37.19426],[-77.4459,37.19514],[-77.44529,37.19649],[-77.44517,37.1972],[-77.44521,37.19795],[-77.44542,37.19953],[-77.44572,37.20112],[-77.44586,37.20222],[-77.44582,37.20292],[-77.44534,37.20432],[-77.44476,37.20539],[-77.44323,37.20797],[-77.44181,37.21056],[-77.44154,37.21125],[-77.44147,37.21223],[-77.44172,37.21308],[-77.44281,37.21545],[-77.44306,37.21631],[-77.44387,37.21631],[-77.44735,37.21591],[-77.44741,37.22307],[-77.44567,37.22316],[-77.44416,37.22344],[-77.44283,37.22348],[-77.44206,37.22342],[-77.44056,37.22356],[-77.43974,37.2238],[-77.43841,37.22432],[-77.4367,37.22466],[-77.43486,37.22491],[-77.43336,37.22503],[-77.43296,37.22525],[-77.43265,37.22587],[-77.43416,37.22886],[-77.43459,37.23043],[-77.43459,37.23137],[-77.43442,37.23248],[-77.4341,37.23326],[-77.43318,37.23502],[-77.43195,37.23686],[-77.43066,37.23923],[-77.42711,37.24526],[-77.4253,37.24837],[-77.42081,37.25568],[-77.41894,37.25884],[-77.41648,37.26293],[-77.41559,37.26395],[-77.41651,37.26457],[-77.41699,37.26466],[-77.41733,37.265],[-77.41826,37.26561],[-77.41854,37.2659],[-77.41889,37.26587],[-77.41912,37.26554],[-77.41994,37.26501],[-77.42023,37.26458],[-77.42064,37.26456],[-77.42105,37.26516],[-77.4213,37.26516],[-77.42154,37.26478],[-77.42121,37.2641],[-77.42133,37.26375],[-77.42203,37.26388],[-77.42258,37.26417],[-77.42296,37.2639],[-77.42269,37.26322],[-77.42189,37.263],[-77.42174,37.26266],[-77.42261,37.26242],[-77.42659,37.26892],[-77.42677,37.26914],[-77.42969,37.27232],[-77.4317,37.27454],[-77.43179,37.27591],[-77.4317,37.27634],[-77.4309,37.27625],[-77.42755,37.27547],[-77.42311,37.27446],[-77.4268,37.27844],[-77.42601,37.28055],[-77.4265,37.28305],[-77.4246,37.28365],[-77.41536,37.28226],[-77.41481,37.28255],[-77.41445,37.28224],[-77.41355,37.28294],[-77.413,37.28319],[-77.41232,37.28303],[-77.41185,37.28262],[-77.41159,37.28272],[-77.41087,37.28243],[-77.40971,37.28171],[-77.40877,37.28089],[-77.40803,37.27991],[-77.40762,37.27901],[-77.40757,37.27763],[-77.40709,37.27531],[-77.40667,37.27446],[-77.40597,37.27398],[-77.4056,37.27341],[-77.40477,37.27277],[-77.404,37.27241],[-77.40367,37.27191],[-77.403,37.27163],[-77.40159,37.27162],[-77.40076,37.27169],[-77.39965,37.2719],[-77.39876,37.27233],[-77.39838,37.27283],[-77.39822,37.27327],[-77.39831,37.27448],[-77.398,37.27518],[-77.39808,37.27551],[-77.39841,37.27572],[-77.3998,37.27621],[-77.40133,37.27638],[-77.40195,37.27666],[-77.40246,37.27716],[-77.40233,37.27754],[-77.4017,37.27792],[-77.4019,37.27883],[-77.40246,37.27905],[-77.40281,37.27938],[-77.40302,37.28009],[-77.40189,37.28203],[-77.40109,37.28284],[-77.40016,37.28326],[-77.39866,37.28369],[-77.39744,37.28391],[-77.39581,37.28378],[-77.39451,37.28307],[-77.3932,37.28272],[-77.39205,37.28262],[-77.39172,37.28269],[-77.39156,37.28321],[-77.39161,37.28361],[-77.39194,37.2844],[-77.39124,37.28544],[-77.39099,37.28655],[-77.39033,37.2872],[-77.38938,37.28737],[-77.38915,37.28736],[-77.38892,37.28735],[-77.38658,37.28672],[-77.386,37.28661],[-77.38359,37.28525],[-77.38249,37.28512],[-77.3817,37.28474],[-77.37911,37.28406],[-77.37829,37.28451],[-77.37754,37.28586],[-77.37696,37.28747],[-77.37649,37.2897],[-77.37552,37.29127],[-77.37504,37.2927],[-77.3736,37.29575],[-77.3728,37.29695],[-77.3682,37.29855],[-77.36811,37.29778],[-77.36816,37.29675],[-77.36839,37.2955],[-77.36803,37.29464],[-77.36566,37.2926],[-77.36509,37.29201],[-77.36442,37.29073],[-77.36436,37.29034],[-77.3651,37.28939],[-77.36528,37.2884],[-77.36498,37.28733],[-77.36389,37.28651],[-77.36334,37.2857],[-77.36252,37.28502],[-77.36256,37.28455],[-77.36228,37.28409],[-77.36237,37.28386],[-77.36213,37.28358],[-77.36232,37.28216],[-77.36332,37.28094],[-77.36397,37.28032],[-77.36428,37.28029],[-77.36647,37.27884],[-77.36696,37.27842],[-77.36804,37.27811],[-77.36866,37.27806],[-77.36959,37.27752],[-77.37238,37.27642],[-77.37294,37.27634],[-77.37324,37.27615],[-77.37348,37.27568],[-77.37375,37.27552],[-77.37456,37.27534],[-77.37548,37.27456],[-77.37579,37.2739],[-77.37649,37.27291],[-77.37729,37.27157],[-77.37808,37.27046],[-77.3778,37.27057],[-77.37749,37.27101],[-77.3776,37.27036],[-77.37795,37.26949],[-77.37886,37.26819],[-77.37919,37.26758],[-77.37942,37.26628],[-77.37939,37.26506],[-77.37946,37.26449],[-77.37935,37.26321],[-77.37933,37.2622],[-77.37917,37.26109],[-77.37927,37.25997],[-77.37951,37.2593],[-77.3796,37.25858],[-77.3796,37.25767],[-77.37945,37.25717],[-77.37944,37.25562],[-77.37959,37.25341],[-77.37973,37.25266],[-77.37963,37.25032],[-77.37951,37.25],[-77.37948,37.24848],[-77.37982,37.24687],[-77.38029,37.24554],[-77.38091,37.24462],[-77.38161,37.24378],[-77.38252,37.24284],[-77.38369,37.24199],[-77.38495,37.24133],[-77.3857,37.24116],[-77.39136,37.24095],[-77.39206,37.24085],[-77.39386,37.23989],[-77.39421,37.23952],[-77.39544,37.23938],[-77.39601,37.23938],[-77.39862,37.23971],[-77.39942,37.24023],[-77.40055,37.24015],[-77.4021,37.23952],[-77.40324,37.23833],[-77.40333,37.23772],[-77.40367,37.23735],[-77.40419,37.23678],[-77.40332,37.23458],[-77.40316,37.23396],[-77.40496,37.23382],[-77.40612,37.23362],[-77.40722,37.23333],[-77.40717,37.23203],[-77.40731,37.23112],[-77.40714,37.22874],[-77.40623,37.2255],[-77.40742,37.22533],[-77.40902,37.22517],[-77.40981,37.22503],[-77.41198,37.22445],[-77.41358,37.22423],[-77.41508,37.22417],[-77.41617,37.22617],[-77.41749,37.22838],[-77.41762,37.22843],[-77.41956,37.2277],[-77.41914,37.22698],[-77.42364,37.2253],[-77.42779,37.22377],[-77.42847,37.22416],[-77.42946,37.22401],[-77.43129,37.22317],[-77.43103,37.22261],[-77.42868,37.21823],[-77.42844,37.21769],[-77.42809,37.21785],[-77.42531,37.21866],[-77.42149,37.21983],[-77.41925,37.22065],[-77.41874,37.21975],[-77.41575,37.21436],[-77.41564,37.21353],[-77.41576,37.21319],[-77.41741,37.21029],[-77.41781,37.20947],[-77.41872,37.20929],[-77.4235,37.20822],[-77.42132,37.204],[-77.41839,37.20557],[-77.41611,37.207],[-77.41468,37.20858],[-77.41345,37.20988],[-77.41205,37.21095],[-77.41184,37.21055],[-77.41199,37.20963],[-77.41193,37.20919],[-77.41163,37.20832],[-77.41084,37.20639],[-77.40952,37.2072],[-77.40835,37.20775],[-77.4036,37.20969]]]}},{"type":"Feature","properties":{"zone":5,"zone_label":"Henrico\u2013Richmond mixed","n_tracts":12,"rate_bin":4,"rate_bin_label":"2.25% \u2013 3.25%"},"geometry":{"type":"Polygon","coordinates":[[[-77.44121,37.55469],[-77.43768,37.55495],[-77.43702,37.55508],[-77.43563,37.55551],[-77.43468,37.55557],[-77.43354,37.55548],[-77.43344,37.55771],[-77.43446,37.55783],[-77.43439,37.55979],[-77.43541,37.55988],[-77.43523,37.56422],[-77.43512,37.56511],[-77.43686,37.56524],[-77.43661,37.56729],[-77.43651,37.56862],[-77.43999,37.5688],[-77.43987,37.5703],[-77.44097,37.57036],[-77.44114,37.56956],[-77.44167,37.56937],[-77.44154,37.56856],[-77.44277,37.56872],[-77.44312,37.56924],[-77.44909,37.5686],[-77.44919,37.57012],[-77.45396,37.57015],[-77.45437,37.57077],[-77.45512,37.57148],[-77.45473,37.57159],[-77.45335,37.5722],[-77.45251,37.57246],[-77.44532,37.5721],[-77.44507,37.57223],[-77.44538,37.57372],[-77.44446,37.57351],[-77.44344,37.57377],[-77.44418,37.57812],[-77.44094,37.5781],[-77.44204,37.58463],[-77.44238,37.58659],[-77.44473,37.58805],[-77.44507,37.58821],[-77.446,37.58835],[-77.44741,37.58828],[-77.44731,37.58951],[-77.44751,37.59072],[-77.44669,37.59097],[-77.4469,37.59169],[-77.44736,37.59277],[-77.44778,37.59449],[-77.44851,37.59813],[-77.44921,37.60195],[-77.44751,37.60222],[-77.44361,37.60151],[-77.44313,37.60126],[-77.44006,37.59986],[-77.43762,37.59869],[-77.43762,37.59857],[-77.43651,37.5987],[-77.43569,37.59887],[-77.43493,37.59914],[-77.43207,37.59944],[-77.43137,37.59927],[-77.43102,37.59931],[-77.42988,37.59884],[-77.42901,37.59898],[-77.42854,37.59894],[-77.42729,37.59862],[-77.42632,37.59863],[-77.42462,37.60111],[-77.42419,37.60185],[-77.42356,37.60259],[-77.42419,37.60292],[-77.42493,37.60301],[-77.42928,37.60281],[-77.43006,37.60272],[-77.43368,37.60257],[-77.43572,37.60253],[-77.43556,37.60611],[-77.43958,37.60604],[-77.4436,37.6059],[-77.44626,37.60577],[-77.44982,37.6057],[-77.45032,37.60438],[-77.4504,37.60368],[-77.45026,37.60245],[-77.45433,37.6019],[-77.45445,37.60231],[-77.45489,37.60465],[-77.45494,37.6053],[-77.45539,37.60641],[-77.45663,37.60894],[-77.45683,37.60952],[-77.457,37.61047],[-77.45699,37.61332],[-77.45688,37.6147],[-77.45689,37.61641],[-77.45704,37.61773],[-77.45732,37.62003],[-77.45745,37.62042],[-77.45778,37.62277],[-77.45825,37.62687],[-77.45847,37.6281],[-77.45704,37.62832],[-77.4513,37.62943],[-77.45045,37.62958],[-77.44923,37.6297],[-77.44878,37.62972],[-77.44123,37.6295],[-77.43711,37.62951],[-77.43594,37.62933],[-77.43458,37.62897],[-77.43601,37.62726],[-77.43762,37.62479],[-77.44061,37.62013],[-77.44203,37.61825],[-77.44241,37.61768],[-77.44076,37.61659],[-77.44052,37.61619],[-77.43964,37.61665],[-77.4393,37.61622],[-77.43886,37.61614],[-77.43891,37.61644],[-77.43829,37.61664],[-77.43765,37.61718],[-77.43636,37.61641],[-77.43558,37.61623],[-77.43425,37.61574],[-77.43342,37.6152],[-77.43217,37.61488],[-77.43103,37.61496],[-77.42973,37.61423],[-77.42869,37.61377],[-77.42835,37.61338],[-77.4279,37.61348],[-77.4274,37.61338],[-77.4269,37.61348],[-77.42638,37.61342],[-77.4249,37.6135],[-77.42428,37.61339],[-77.42445,37.61416],[-77.42403,37.61433],[-77.42372,37.61471],[-77.42238,37.61539],[-77.42222,37.61528],[-77.42137,37.61534],[-77.42096,37.61584],[-77.42013,37.61632],[-77.42006,37.6165],[-77.41927,37.61651],[-77.41804,37.61605],[-77.41733,37.61594],[-77.41608,37.61557],[-77.41423,37.61532],[-77.41318,37.61482],[-77.41305,37.61413],[-77.4122,37.61375],[-77.41166,37.61323],[-77.41114,37.61294],[-77.41132,37.61173],[-77.41118,37.61156],[-77.41046,37.61126],[-77.40977,37.61116],[-77.41108,37.61047],[-77.41209,37.60975],[-77.4128,37.60896],[-77.41311,37.60844],[-77.41336,37.60769],[-77.41344,37.6069],[-77.41336,37.60628],[-77.41306,37.60543],[-77.41171,37.6028],[-77.41097,37.60166],[-77.40895,37.59911],[-77.40847,37.59835],[-77.40782,37.59695],[-77.4077,37.5962],[-77.40779,37.59552],[-77.40818,37.59425],[-77.40836,37.59331],[-77.40842,37.591],[-77.40854,37.59038],[-77.40927,37.58846],[-77.40976,37.58765],[-77.4111,37.58639],[-77.41163,37.58569],[-77.41203,37.58493],[-77.4105,37.5844],[-77.40959,37.58384],[-77.40875,37.58311],[-77.40758,37.58186],[-77.40675,37.58118],[-77.40629,37.58094],[-77.40413,37.58018],[-77.39838,37.5785],[-77.39136,37.57579],[-77.39124,37.57568],[-77.38889,37.57475],[-77.3884,37.57462],[-77.38379,37.5728],[-77.38307,37.57245],[-77.38228,37.57182],[-77.38359,37.57168],[-77.39426,37.57052],[-77.39934,37.56993],[-77.40067,37.56975],[-77.40108,37.56983],[-77.40239,37.56787],[-77.40416,37.56533],[-77.40506,37.56399],[-77.40894,37.55792],[-77.40831,37.55765],[-77.40946,37.55584],[-77.41472,37.55855],[-77.41576,37.55894],[-77.4172,37.55922],[-77.41818,37.55926],[-77.41933,37.55915],[-77.42058,37.55884],[-77.42116,37.5586],[-77.42222,37.55799],[-77.42385,37.55663],[-77.42464,37.55582],[-77.4277,37.55201],[-77.42891,37.55055],[-77.4296,37.55009],[-77.43034,37.54973],[-77.43153,37.54941],[-77.43291,37.54857],[-77.43385,37.54915],[-77.43555,37.54995],[-77.4377,37.5507],[-77.43859,37.55093],[-77.4405,37.55127],[-77.44125,37.55148],[-77.44244,37.55195],[-77.44367,37.55265],[-77.44238,37.55405],[-77.44204,37.5546],[-77.44121,37.55469]]]}},{"type":"Feature","properties":{"zone":6,"zone_label":"Henrico far West End","n_tracts":11,"rate_bin":1,"rate_bin_label":"Under 1.25%"},"geometry":{"type":"Polygon","coordinates":[[[-77.59264,37.6472],[-77.59175,37.64635],[-77.59067,37.64542],[-77.58917,37.64421],[-77.58786,37.64327],[-77.58562,37.64186],[-77.58727,37.64061],[-77.58804,37.63976],[-77.58929,37.64066],[-77.59028,37.64147],[-77.5913,37.6418],[-77.59303,37.64209],[-77.5936,37.64224],[-77.59548,37.64294],[-77.5979,37.64338],[-77.59935,37.64385],[-77.60064,37.64441],[-77.60168,37.64499],[-77.60247,37.64535],[-77.60347,37.64548],[-77.60474,37.64533],[-77.6064,37.6445],[-77.60718,37.6443],[-77.60817,37.64426],[-77.60891,37.64437],[-77.61129,37.64502],[-77.61237,37.64521],[-77.6139,37.64534],[-77.61489,37.64563],[-77.61579,37.64608],[-77.62137,37.64847],[-77.62207,37.64903],[-77.62273,37.6502],[-77.62323,37.65081],[-77.62505,37.65003],[-77.62595,37.64949],[-77.62647,37.649],[-77.6269,37.64831],[-77.62708,37.64776],[-77.62713,37.64709],[-77.62707,37.64617],[-77.62715,37.64538],[-77.62743,37.64461],[-77.62818,37.64353],[-77.63108,37.64043],[-77.63207,37.6411],[-77.63329,37.64227],[-77.63423,37.64309],[-77.63676,37.64552],[-77.63732,37.64646],[-77.63772,37.64767],[-77.63809,37.64738],[-77.63807,37.64717],[-77.6389,37.64671],[-77.63908,37.64675],[-77.63962,37.64644],[-77.63984,37.64567],[-77.6403,37.64554],[-77.6407,37.64491],[-77.64141,37.64496],[-77.64202,37.64446],[-77.64258,37.64438],[-77.64281,37.6442],[-77.64267,37.64394],[-77.643,37.64371],[-77.64342,37.64297],[-77.64386,37.64274],[-77.64439,37.64271],[-77.64531,37.64246],[-77.64577,37.6422],[-77.64714,37.64196],[-77.64792,37.64117],[-77.64928,37.64098],[-77.64946,37.64118],[-77.65028,37.64101],[-77.65135,37.64057],[-77.6519,37.64018],[-77.65252,37.64057],[-77.65297,37.64041],[-77.65394,37.63955],[-77.65397,37.63994],[-77.65445,37.64073],[-77.65289,37.64505],[-77.65309,37.64513],[-77.65275,37.64544],[-77.65219,37.64629],[-77.65148,37.64693],[-77.65052,37.64869],[-77.65021,37.64973],[-77.64965,37.65087],[-77.64953,37.65158],[-77.64972,37.65321],[-77.64971,37.65377],[-77.64856,37.6569],[-77.64991,37.65702],[-77.65001,37.65717],[-77.64967,37.65779],[-77.64919,37.65833],[-77.64936,37.65937],[-77.64619,37.65922],[-77.64607,37.66202],[-77.64593,37.66366],[-77.64421,37.66802],[-77.64468,37.66843],[-77.64436,37.66936],[-77.64261,37.67437],[-77.64089,37.67804],[-77.64284,37.67931],[-77.64185,37.68041],[-77.64172,37.68066],[-77.64168,37.68286],[-77.64159,37.68459],[-77.64191,37.68789],[-77.63775,37.68667],[-77.63298,37.69988],[-77.63067,37.70567],[-77.63082,37.7057],[-77.63023,37.7073],[-77.62721,37.70643],[-77.62642,37.70601],[-77.62516,37.70556],[-77.62426,37.70544],[-77.62374,37.70521],[-77.62284,37.70506],[-77.62252,37.70489],[-77.62116,37.70539],[-77.62061,37.70584],[-77.61985,37.70599],[-77.61955,37.70661],[-77.61851,37.70732],[-77.61827,37.70734],[-77.61783,37.70803],[-77.61745,37.70802],[-77.61663,37.70834],[-77.61481,37.70834],[-77.61362,37.70868],[-77.61143,37.71021],[-77.61061,37.71041],[-77.61027,37.71025],[-77.60965,37.71022],[-77.60951,37.71005],[-77.6085,37.7099],[-77.608,37.70989],[-77.60769,37.70963],[-77.60716,37.70962],[-77.60681,37.70979],[-77.60627,37.7094],[-77.6065,37.70915],[-77.60608,37.70918],[-77.60578,37.70879],[-77.606,37.70851],[-77.60554,37.7077],[-77.60486,37.70748],[-77.60504,37.70733],[-77.60382,37.70677],[-77.6034,37.70679],[-77.60346,37.70658],[-77.60283,37.70627],[-77.60257,37.70601],[-77.60202,37.70615],[-77.6016,37.70576],[-77.60116,37.70583],[-77.60064,37.7052],[-77.60078,37.70498],[-77.60047,37.70486],[-77.60026,37.70508],[-77.6001,37.70475],[-77.59945,37.70455],[-77.59893,37.70408],[-77.59842,37.70409],[-77.5984,37.7037],[-77.59807,37.70365],[-77.59838,37.70323],[-77.59781,37.70323],[-77.5974,37.70285],[-77.59756,37.70221],[-77.59684,37.70135],[-77.59638,37.70131],[-77.59602,37.70084],[-77.59547,37.70078],[-77.59466,37.70044],[-77.59437,37.69959],[-77.59468,37.6992],[-77.59509,37.69924],[-77.59541,37.69837],[-77.59506,37.6982],[-77.59513,37.69752],[-77.59539,37.69704],[-77.59496,37.69677],[-77.59483,37.69644],[-77.59416,37.69615],[-77.59371,37.69627],[-77.59323,37.69604],[-77.59243,37.69598],[-77.59207,37.69551],[-77.59162,37.69525],[-77.5907,37.69539],[-77.59027,37.6949],[-77.58888,37.69423],[-77.58871,37.69397],[-77.58833,37.69425],[-77.58821,37.69481],[-77.5879,37.69509],[-77.58741,37.69485],[-77.5871,37.69452],[-77.58619,37.69406],[-77.58567,37.69411],[-77.58494,37.69388],[-77.58481,37.69335],[-77.58361,37.69282],[-77.58303,37.69227],[-77.58229,37.69202],[-77.58157,37.69123],[-77.58163,37.69102],[-77.58102,37.69028],[-77.58069,37.69029],[-77.58047,37.6899],[-77.57991,37.68963],[-77.57963,37.68912],[-77.57911,37.68898],[-77.57891,37.68864],[-77.57851,37.68851],[-77.57785,37.6887],[-77.57768,37.68858],[-77.57684,37.68873],[-77.57604,37.6882],[-77.57571,37.68829],[-77.57527,37.68868],[-77.57463,37.68843],[-77.57426,37.68845],[-77.57398,37.68885],[-77.57356,37.68907],[-77.57309,37.68893],[-77.57298,37.68818],[-77.57268,37.68776],[-77.5719,37.68758],[-77.5714,37.68704],[-77.57104,37.68704],[-77.57094,37.68682],[-77.5702,37.68641],[-77.56969,37.68601],[-77.56938,37.68553],[-77.5686,37.6852],[-77.56845,37.68484],[-77.56748,37.68467],[-77.56709,37.68392],[-77.56668,37.6839],[-77.56621,37.68417],[-77.56566,37.6843],[-77.56523,37.68322],[-77.56452,37.68314],[-77.56411,37.68322],[-77.5636,37.68359],[-77.56294,37.6838],[-77.56244,37.68344],[-77.56268,37.68296],[-77.56213,37.68252],[-77.56162,37.68275],[-77.56063,37.68294],[-77.56,37.68245],[-77.55953,37.68238],[-77.55876,37.68209],[-77.55823,37.68219],[-77.55786,37.68192],[-77.55744,37.68213],[-77.55726,37.6825],[-77.55706,37.68349],[-77.55732,37.68379],[-77.55727,37.68429],[-77.55687,37.68476],[-77.5565,37.68465],[-77.55594,37.68381],[-77.55512,37.6838],[-77.55443,37.68348],[-77.55394,37.68314],[-77.55298,37.68277],[-77.55224,37.68263],[-77.55189,37.68284],[-77.55143,37.6827],[-77.55127,37.68246],[-77.55039,37.68238],[-77.54989,37.68257],[-77.54962,37.68301],[-77.55015,37.68362],[-77.55067,37.68375],[-77.55122,37.68472],[-77.55124,37.68591],[-77.55083,37.68624],[-77.5502,37.68619],[-77.54963,37.68574],[-77.5483,37.68508],[-77.54777,37.68514],[-77.54735,37.68484],[-77.5472,37.68452],[-77.54655,37.6844],[-77.54608,37.68457],[-77.54563,37.68451],[-77.54566,37.68425],[-77.54504,37.68411],[-77.54483,37.6843],[-77.54343,37.68465],[-77.54314,37.6851],[-77.54314,37.68575],[-77.54269,37.68617],[-77.54213,37.68646],[-77.54168,37.68644],[-77.54137,37.687],[-77.54062,37.68764],[-77.54052,37.68795],[-77.54014,37.68819],[-77.53969,37.68822],[-77.53927,37.68844],[-77.53851,37.68859],[-77.53778,37.68857],[-77.53724,37.68876],[-77.53677,37.68941],[-77.53625,37.68944],[-77.53591,37.68974],[-77.53572,37.6896],[-77.53526,37.68984],[-77.53469,37.69041],[-77.53417,37.69053],[-77.53387,37.69042],[-77.53348,37.69074],[-77.53322,37.69116],[-77.53325,37.69147],[-77.53296,37.69203],[-77.53298,37.69297],[-77.53242,37.69344],[-77.53253,37.69365],[-77.53172,37.69441],[-77.53077,37.69458],[-77.53054,37.6948],[-77.53018,37.69452],[-77.52893,37.69409],[-77.52855,37.69405],[-77.52787,37.69372],[-77.52734,37.694],[-77.52627,37.69435],[-77.52611,37.69474],[-77.52619,37.69523],[-77.52643,37.69557],[-77.52686,37.69562],[-77.52743,37.69602],[-77.52743,37.69631],[-77.52775,37.69679],[-77.52726,37.69743],[-77.52655,37.69766],[-77.5262,37.69747],[-77.52546,37.69743],[-77.52468,37.69704],[-77.52405,37.69785],[-77.52432,37.69794],[-77.52387,37.69887],[-77.523,37.69917],[-77.52216,37.70019],[-77.52135,37.69996],[-77.52122,37.69938],[-77.52156,37.69839],[-77.52135,37.69769],[-77.52099,37.69779],[-77.52059,37.69758],[-77.52016,37.69758],[-77.51938,37.69816],[-77.51872,37.6985],[-77.51791,37.69867],[-77.51776,37.699],[-77.51731,37.69939],[-77.51664,37.69965],[-77.51516,37.69989],[-77.51401,37.69977],[-77.51335,37.69962],[-77.51336,37.69983],[-77.51382,37.70013],[-77.51354,37.7007],[-77.51292,37.70087],[-77.51225,37.70123],[-77.51185,37.70168],[-77.51131,37.70179],[-77.5111,37.70121],[-77.51049,37.70103],[-77.51024,37.70075],[-77.50976,37.70065],[-77.5088,37.70063],[-77.50837,37.70078],[-77.50745,37.70052],[-77.50698,37.70018],[-77.50691,37.69993],[-77.50647,37.69993],[-77.50639,37.70038],[-77.5051,37.70051],[-77.50398,37.70072],[-77.50334,37.70055],[-77.50314,37.70009],[-77.50273,37.69972],[-77.50224,37.69974],[-77.50132,37.70002],[-77.50031,37.7006],[-77.49919,37.70092],[-77.49895,37.70103],[-77.49816,37.70103],[-77.49743,37.70092],[-77.497,37.70111],[-77.4977,37.70132],[-77.49752,37.70163],[-77.49711,37.70174],[-77.4966,37.70163],[-77.49551,37.70164],[-77.49489,37.70153],[-77.49399,37.70101],[-77.49384,37.70058],[-77.4934,37.70007],[-77.49178,37.69883],[-77.4917,37.69809],[-77.49222,37.69757],[-77.4925,37.69685],[-77.49184,37.69629],[-77.49152,37.6962],[-77.49129,37.6957],[-77.49149,37.69445],[-77.49083,37.69374],[-77.49061,37.6931],[-77.49018,37.69268],[-77.49036,37.69217],[-77.48968,37.69189],[-77.48907,37.69146],[-77.48891,37.69109],[-77.4884,37.69102],[-77.48797,37.69039],[-77.48804,37.68984],[-77.48963,37.68946],[-77.48999,37.68912],[-77.49011,37.68877],[-77.48921,37.68832],[-77.4887,37.68816],[-77.48829,37.68785],[-77.4879,37.68716],[-77.4879,37.68677],[-77.4882,37.68619],[-77.488,37.68574],[-77.48664,37.68481],[-77.48631,37.68474],[-77.48605,37.68505],[-77.48559,37.68513],[-77.48528,37.68438],[-77.48407,37.68406],[-77.4839,37.68384],[-77.48404,37.68353],[-77.48306,37.68297],[-77.48261,37.68304],[-77.48231,37.68363],[-77.48136,37.68304],[-77.48099,37.68232],[-77.48064,37.68194],[-77.47963,37.68175],[-77.47892,37.68131],[-77.47847,37.68085],[-77.47742,37.68097],[-77.47727,37.68133],[-77.47767,37.68159],[-77.4776,37.68203],[-77.4772,37.68292],[-77.47697,37.68402],[-77.47653,37.68462],[-77.47637,37.68538],[-77.47589,37.68561],[-77.47543,37.68551],[-77.47461,37.68555],[-77.47411,37.6863],[-77.47354,37.6868],[-77.47253,37.68721],[-77.472,37.68755],[-77.4713,37.68766],[-77.47071,37.68747],[-77.46973,37.68696],[-77.46949,37.68662],[-77.46943,37.68616],[-77.46847,37.6857],[-77.46754,37.68502],[-77.46661,37.6841],[-77.46591,37.68367],[-77.46609,37.6832],[-77.46481,37.68239],[-77.46456,37.68216],[-77.46438,37.68162],[-77.46449,37.68097],[-77.46423,37.68065],[-77.46304,37.68028],[-77.46236,37.68016],[-77.4608,37.68033],[-77.46073,37.67916],[-77.46103,37.67861],[-77.46079,37.67841],[-77.46007,37.67818],[-77.45918,37.67829],[-77.45793,37.67804],[-77.4574,37.67783],[-77.45621,37.67811],[-77.45509,37.67878],[-77.45492,37.67911],[-77.45511,37.67933],[-77.45587,37.67973],[-77.45587,37.67989],[-77.45481,37.68046],[-77.454,37.68048],[-77.45309,37.67971],[-77.45193,37.67968],[-77.45111,37.67995],[-77.45113,37.68027],[-77.44963,37.67664],[-77.44903,37.6748],[-77.44857,37.67273],[-77.44836,37.67093],[-77.44831,37.6698],[-77.44845,37.66712],[-77.44871,37.66517],[-77.44903,37.66378],[-77.44986,37.66106],[-77.45031,37.65941],[-77.45063,37.65796],[-77.46747,37.66001],[-77.46995,37.66034],[-77.47213,37.66085],[-77.47332,37.66126],[-77.47343,37.66247],[-77.47392,37.66382],[-77.47466,37.66477],[-77.47668,37.66647],[-77.47735,37.66695],[-77.47924,37.66789],[-77.47986,37.66838],[-77.48286,37.6714],[-77.48367,37.67221],[-77.48442,37.67268],[-77.48658,37.6738],[-77.4919,37.67666],[-77.49263,37.67713],[-77.49322,37.67763],[-77.49382,37.67832],[-77.49512,37.6801],[-77.49602,37.68147],[-77.49639,37.68228],[-77.49767,37.68584],[-77.49819,37.68682],[-77.49958,37.68856],[-77.50008,37.68931],[-77.50051,37.69032],[-77.50122,37.69138],[-77.50323,37.677],[-77.50382,37.67717],[-77.51465,37.68033],[-77.5162,37.68076],[-77.51843,37.68127],[-77.51993,37.68156],[-77.52253,37.68194],[-77.52485,37.68217],[-77.52786,37.6823],[-77.52973,37.68228],[-77.5312,37.68222],[-77.53391,37.68201],[-77.53513,37.68187],[-77.54029,37.68105],[-77.53967,37.6776],[-77.53915,37.67635],[-77.5385,37.67543],[-77.53644,37.67296],[-77.53758,37.67252],[-77.54116,37.67146],[-77.54172,37.67136],[-77.54192,37.67215],[-77.54257,37.67346],[-77.54295,37.67399],[-77.54338,37.67429],[-77.54389,37.67443],[-77.54565,37.67462],[-77.54757,37.67499],[-77.54848,37.67499],[-77.54883,37.67474],[-77.54928,37.6738],[-77.54994,37.6735],[-77.55164,37.67325],[-77.55267,37.6733],[-77.55385,37.67353],[-77.5546,37.67336],[-77.55502,37.67296],[-77.55672,37.67075],[-77.55704,37.67026],[-77.55767,37.66903],[-77.558,37.66875],[-77.55924,37.66812],[-77.56008,37.66752],[-77.56045,37.66699],[-77.5607,37.66638],[-77.56121,37.66549],[-77.56205,37.66419],[-77.56213,37.66279],[-77.56801,37.66367],[-77.5692,37.66401],[-77.5717,37.66481],[-77.57303,37.66517],[-77.57411,37.66366],[-77.57481,37.66259],[-77.57506,37.66158],[-77.57496,37.66096],[-77.57467,37.6601],[-77.57478,37.65907],[-77.5752,37.65841],[-77.5764,37.65752],[-77.57685,37.65707],[-77.57733,37.65597],[-77.57771,37.65539],[-77.57816,37.65498],[-77.5794,37.65405],[-77.58053,37.65341],[-77.58111,37.65283],[-77.58137,37.6523],[-77.58152,37.65123],[-77.58194,37.6503],[-77.58226,37.64893],[-77.58303,37.64755],[-77.5831,37.64675],[-77.58732,37.64732],[-77.5898,37.6476],[-77.59355,37.64814],[-77.59264,37.6472]]]}},{"type":"Feature","properties":{"zone":7,"zone_label":"Richmond pocket: multi-owner mix","n_tracts":7,"rate_bin":5,"rate_bin_label":"Over 3.25%"},"geometry":{"type":"Polygon","coordinates":[[[-77.41074,37.52334],[-77.41187,37.52327],[-77.41292,37.52333],[-77.41348,37.52346],[-77.41438,37.52389],[-77.41696,37.52499],[-77.41779,37.52522],[-77.41845,37.52561],[-77.41896,37.52755],[-77.41925,37.52779],[-77.4187,37.52848],[-77.41865,37.52881],[-77.41699,37.53054],[-77.4188,37.53163],[-77.42148,37.53327],[-77.41997,37.53482],[-77.41879,37.53586],[-77.4182,37.5373],[-77.41674,37.53732],[-77.41647,37.53708],[-77.41238,37.5346],[-77.41185,37.53437],[-77.41097,37.53383],[-77.41102,37.53377],[-77.40921,37.53266],[-77.4051,37.53693],[-77.40609,37.53743],[-77.41063,37.54019],[-77.41173,37.53905],[-77.4124,37.53944],[-77.41714,37.53937],[-77.41788,37.53936],[-77.41827,37.53937],[-77.42003,37.54055],[-77.42109,37.5411],[-77.42171,37.54119],[-77.42439,37.54112],[-77.4258,37.54128],[-77.42718,37.54169],[-77.42867,37.54537],[-77.42939,37.54631],[-77.43019,37.54694],[-77.43291,37.54857],[-77.43153,37.54941],[-77.43034,37.54973],[-77.4296,37.55009],[-77.42891,37.55055],[-77.4277,37.55201],[-77.42464,37.55582],[-77.42385,37.55663],[-77.42222,37.55799],[-77.42116,37.5586],[-77.42058,37.55884],[-77.41933,37.55915],[-77.41818,37.55926],[-77.4172,37.55922],[-77.41576,37.55894],[-77.41472,37.55855],[-77.40946,37.55584],[-77.41154,37.55259],[-77.41171,37.55234],[-77.4072,37.55122],[-77.40438,37.55062],[-77.39942,37.54945],[-77.39496,37.54987],[-77.39508,37.54935],[-77.39553,37.54737],[-77.39582,37.54674],[-77.39616,37.54631],[-77.39499,37.54402],[-77.39365,37.54143],[-77.39451,37.54116],[-77.39341,37.53899],[-77.39396,37.53881],[-77.39325,37.5373],[-77.3906,37.53718],[-77.38778,37.53675],[-77.38797,37.53623],[-77.38551,37.53517],[-77.38604,37.52892],[-77.39131,37.53012],[-77.39175,37.529],[-77.39193,37.52819],[-77.39281,37.52766],[-77.39367,37.52703],[-77.39391,37.52611],[-77.39552,37.52551],[-77.39778,37.52477],[-77.39917,37.52444],[-77.40257,37.52406],[-77.40362,37.52398],[-77.40646,37.52371],[-77.41074,37.52334]]]}},{"type":"Feature","properties":{"zone":8,"zone_label":"Hopewell: vacant homes & bare lots","n_tracts":5,"rate_bin":5,"rate_bin_label":"Over 3.25%"},"geometry":{"type":"Polygon","coordinates":[[[-77.31768,37.2741],[-77.31589,37.27572],[-77.31004,37.28116],[-77.30777,37.28321],[-77.30462,37.28614],[-77.30023,37.29018],[-77.29797,37.29234],[-77.29784,37.29476],[-77.29845,37.29649],[-77.30071,37.30268],[-77.30154,37.30346],[-77.30115,37.30402],[-77.30118,37.30455],[-77.30159,37.30508],[-77.30194,37.30525],[-77.30161,37.30589],[-77.3006,37.30952],[-77.30009,37.30982],[-77.29926,37.30977],[-77.29695,37.31016],[-77.29623,37.30958],[-77.29566,37.30946],[-77.29525,37.30958],[-77.29552,37.31001],[-77.29623,37.31022],[-77.29646,37.31135],[-77.29617,37.31141],[-77.2965,37.31266],[-77.29617,37.31262],[-77.29389,37.31267],[-77.29316,37.31275],[-77.29208,37.31294],[-77.29106,37.31325],[-77.28984,37.31388],[-77.28941,37.31468],[-77.28876,37.31492],[-77.28802,37.3154],[-77.28765,37.31575],[-77.28728,37.31685],[-77.28402,37.31301],[-77.2816,37.30994],[-77.28083,37.31086],[-77.27995,37.31144],[-77.27907,37.31223],[-77.27864,37.31284],[-77.27793,37.31435],[-77.27784,37.31497],[-77.27793,37.31563],[-77.27834,37.31667],[-77.27811,37.31739],[-77.27775,37.3176],[-77.27701,37.31766],[-77.27599,37.31728],[-77.27484,37.31706],[-77.27394,37.31676],[-77.27335,37.31647],[-77.27259,37.31561],[-77.27191,37.31462],[-77.27133,37.31407],[-77.27094,37.31284],[-77.27068,37.31284],[-77.26968,37.31213],[-77.27005,37.31198],[-77.27047,37.31057],[-77.27049,37.3096],[-77.27017,37.3094],[-77.2694,37.30916],[-77.2687,37.30882],[-77.26827,37.3085],[-77.26796,37.30773],[-77.26719,37.30737],[-77.26533,37.30792],[-77.26524,37.30773],[-77.26728,37.30712],[-77.26726,37.30698],[-77.26636,37.30582],[-77.26611,37.30573],[-77.26597,37.30526],[-77.26489,37.30398],[-77.26393,37.30355],[-77.26331,37.30316],[-77.26275,37.30313],[-77.26225,37.30291],[-77.26145,37.30288],[-77.26077,37.30238],[-77.26043,37.30187],[-77.25801,37.29972],[-77.2573,37.29916],[-77.25589,37.29789],[-77.25587,37.29744],[-77.25548,37.2974],[-77.25359,37.29669],[-77.25312,37.29631],[-77.25247,37.29519],[-77.25231,37.29403],[-77.25245,37.29351],[-77.25275,37.29303],[-77.25413,37.29237],[-77.25453,37.29208],[-77.25501,37.29126],[-77.25505,37.29097],[-77.25559,37.29038],[-77.25612,37.28996],[-77.25842,37.28874],[-77.25952,37.28823],[-77.26068,37.28791],[-77.26096,37.28765],[-77.26103,37.28711],[-77.26073,37.28648],[-77.26068,37.28595],[-77.26094,37.2852],[-77.26109,37.28446],[-77.26016,37.28339],[-77.26056,37.28279],[-77.26138,37.28261],[-77.26226,37.28225],[-77.26274,37.28218],[-77.26329,37.28238],[-77.26481,37.28322],[-77.26542,37.28336],[-77.26611,37.28337],[-77.26718,37.28352],[-77.26852,37.28286],[-77.26976,37.28282],[-77.27032,37.28239],[-77.27148,37.28121],[-77.27176,37.28081],[-77.27191,37.27982],[-77.27178,37.27897],[-77.27291,37.2784],[-77.27361,37.27831],[-77.27394,37.27859],[-77.27425,37.27917],[-77.27445,37.27927],[-77.27571,37.28077],[-77.27615,37.28087],[-77.27656,37.28077],[-77.2773,37.28028],[-77.27757,37.28022],[-77.2783,37.28046],[-77.27857,37.28033],[-77.27871,37.27924],[-77.27839,37.27872],[-77.27848,37.27808],[-77.27905,37.27784],[-77.27969,37.278],[-77.27999,37.27778],[-77.27984,37.27757],[-77.28018,37.2773],[-77.28054,37.27742],[-77.28133,37.27721],[-77.28164,37.2769],[-77.28215,37.27719],[-77.28243,37.27678],[-77.28213,37.27635],[-77.28219,37.27595],[-77.28275,37.27527],[-77.28422,37.27443],[-77.28545,37.27414],[-77.28687,37.2741],[-77.28913,37.27416],[-77.289,37.27369],[-77.29099,37.27322],[-77.29388,37.27271],[-77.29428,37.27231],[-77.29465,37.2717],[-77.29624,37.27132],[-77.29688,37.27125],[-77.29764,37.27074],[-77.29855,37.27055],[-77.29912,37.26993],[-77.29977,37.26952],[-77.30021,37.26913],[-77.30064,37.26828],[-77.30134,37.26784],[-77.30166,37.2674],[-77.30208,37.26719],[-77.30207,37.26652],[-77.30253,37.26577],[-77.30264,37.26495],[-77.303,37.26428],[-77.30367,37.26386],[-77.30466,37.26351],[-77.30485,37.26242],[-77.30527,37.26204],[-77.30597,37.26188],[-77.30705,37.26207],[-77.3073,37.26197],[-77.30741,37.26155],[-77.30851,37.26126],[-77.3089,37.26098],[-77.30938,37.26118],[-77.30985,37.26161],[-77.31005,37.2621],[-77.31025,37.26332],[-77.3104,37.26471],[-77.31068,37.26623],[-77.31839,37.26441],[-77.31842,37.26541],[-77.32237,37.2654],[-77.32322,37.26416],[-77.32336,37.26373],[-77.32391,37.26262],[-77.32463,37.2616],[-77.32532,37.26093],[-77.32677,37.25988],[-77.32795,37.25911],[-77.32929,37.25838],[-77.33061,37.25787],[-77.33095,37.25764],[-77.33057,37.26204],[-77.32673,37.26561],[-77.32507,37.26724],[-77.32438,37.26782],[-77.31837,37.27343],[-77.31768,37.2741]]]}},{"type":"Feature","properties":{"zone":9,"zone_label":"Petersburg core","n_tracts":5,"rate_bin":5,"rate_bin_label":"Over 3.25%"},"geometry":{"type":"Polygon","coordinates":[[[-77.4016,37.21083],[-77.4027,37.21014],[-77.4036,37.20969],[-77.40835,37.20775],[-77.40952,37.2072],[-77.41084,37.20639],[-77.41163,37.20832],[-77.41193,37.20919],[-77.41199,37.20963],[-77.41184,37.21055],[-77.41205,37.21095],[-77.41345,37.20988],[-77.41468,37.20858],[-77.41611,37.207],[-77.41839,37.20557],[-77.42132,37.204],[-77.4235,37.20822],[-77.41872,37.20929],[-77.41781,37.20947],[-77.41741,37.21029],[-77.41576,37.21319],[-77.41564,37.21353],[-77.41575,37.21436],[-77.41874,37.21975],[-77.41925,37.22065],[-77.42149,37.21983],[-77.42531,37.21866],[-77.42809,37.21785],[-77.42844,37.21769],[-77.42868,37.21823],[-77.43103,37.22261],[-77.43129,37.22317],[-77.42946,37.22401],[-77.42847,37.22416],[-77.42779,37.22377],[-77.42364,37.2253],[-77.41914,37.22698],[-77.41956,37.2277],[-77.41762,37.22843],[-77.41749,37.22838],[-77.41617,37.22617],[-77.41508,37.22417],[-77.41358,37.22423],[-77.41198,37.22445],[-77.40981,37.22503],[-77.40902,37.22517],[-77.40742,37.22533],[-77.40623,37.2255],[-77.40714,37.22874],[-77.40731,37.23112],[-77.40717,37.23203],[-77.40722,37.23333],[-77.40612,37.23362],[-77.40496,37.23382],[-77.40316,37.23396],[-77.40332,37.23458],[-77.40419,37.23678],[-77.40367,37.23735],[-77.40239,37.23819],[-77.40341,37.23657],[-77.40273,37.23607],[-77.40278,37.23709],[-77.40174,37.23905],[-77.39604,37.23789],[-77.39535,37.23809],[-77.38996,37.23967],[-77.38959,37.23867],[-77.38978,37.23847],[-77.38961,37.23805],[-77.38921,37.23812],[-77.38707,37.23813],[-77.38577,37.23819],[-77.38386,37.23891],[-77.3829,37.23958],[-77.38129,37.24057],[-77.37841,37.24285],[-77.37702,37.24426],[-77.37678,37.24485],[-77.37608,37.24496],[-77.37564,37.24474],[-77.37528,37.24498],[-77.37445,37.24487],[-77.3736,37.24446],[-77.37344,37.24486],[-77.37315,37.24461],[-77.37227,37.24434],[-77.37129,37.24358],[-77.36977,37.2435],[-77.36927,37.2431],[-77.36885,37.2426],[-77.36791,37.24251],[-77.3675,37.24207],[-77.36681,37.24191],[-77.36665,37.24212],[-77.36592,37.24159],[-77.36569,37.24117],[-77.36489,37.24052],[-77.36441,37.24044],[-77.36422,37.24059],[-77.36375,37.24043],[-77.36298,37.23976],[-77.36219,37.23943],[-77.36201,37.23915],[-77.36168,37.23912],[-77.36155,37.23877],[-77.36085,37.23833],[-77.36081,37.23797],[-77.36144,37.23686],[-77.36234,37.23676],[-77.35827,37.23192],[-77.35992,37.23192],[-77.36101,37.232],[-77.3622,37.23222],[-77.36404,37.23274],[-77.36517,37.23289],[-77.3688,37.23253],[-77.37031,37.23212],[-77.37062,37.23188],[-77.37078,37.2315],[-77.37033,37.23052],[-77.36991,37.22983],[-77.36942,37.22937],[-77.36885,37.22835],[-77.36907,37.22717],[-77.36921,37.22683],[-77.37037,37.22515],[-77.3705,37.22434],[-77.36968,37.22295],[-77.36954,37.22254],[-77.36942,37.21783],[-77.36951,37.21731],[-77.36976,37.21709],[-77.37019,37.21703],[-77.37205,37.21707],[-77.37284,37.21692],[-77.37212,37.21551],[-77.374,37.21517],[-77.37458,37.2149],[-77.37556,37.21428],[-77.37709,37.21316],[-77.38404,37.21613],[-77.38864,37.21809],[-77.38928,37.21843],[-77.39005,37.219],[-77.39061,37.21825],[-77.3913,37.21767],[-77.39785,37.21333],[-77.4016,37.21083]]]}},{"type":"Feature","properties":{"zone":10,"zone_label":"Richmond pocket: bare lots","n_tracts":5,"rate_bin":3,"rate_bin_label":"1.75% \u2013 2.25%"},"geometry":{"type":"Polygon","coordinates":[[[-77.4459,37.54125],[-77.44694,37.54185],[-77.44895,37.54307],[-77.44899,37.5425],[-77.44961,37.54268],[-77.45073,37.54288],[-77.45138,37.54292],[-77.45414,37.54296],[-77.45549,37.54304],[-77.45655,37.54327],[-77.45534,37.54542],[-77.45528,37.54559],[-77.45531,37.54719],[-77.45529,37.54847],[-77.4551,37.54889],[-77.45237,37.55178],[-77.45543,37.55363],[-77.45457,37.55454],[-77.45355,37.55392],[-77.45166,37.55592],[-77.45269,37.55653],[-77.45181,37.55745],[-77.45261,37.55793],[-77.45195,37.55866],[-77.4531,37.5594],[-77.45371,37.56005],[-77.45428,37.56113],[-77.45442,37.56191],[-77.45428,37.56421],[-77.45406,37.56592],[-77.45366,37.56801],[-77.45362,37.56908],[-77.45396,37.57015],[-77.44919,37.57012],[-77.44909,37.5686],[-77.44312,37.56924],[-77.44277,37.56872],[-77.44154,37.56856],[-77.44167,37.56937],[-77.44114,37.56956],[-77.44097,37.57036],[-77.43987,37.5703],[-77.43999,37.5688],[-77.43651,37.56862],[-77.43661,37.56729],[-77.43686,37.56524],[-77.43512,37.56511],[-77.43523,37.56422],[-77.43541,37.55988],[-77.43439,37.55979],[-77.43446,37.55783],[-77.43344,37.55771],[-77.43354,37.55548],[-77.43468,37.55557],[-77.43563,37.55551],[-77.43702,37.55508],[-77.43768,37.55495],[-77.44121,37.55469],[-77.44204,37.5546],[-77.44238,37.55405],[-77.44367,37.55265],[-77.44244,37.55195],[-77.44125,37.55148],[-77.4405,37.55127],[-77.43859,37.55093],[-77.4377,37.5507],[-77.43555,37.54995],[-77.43385,37.54915],[-77.43291,37.54857],[-77.43019,37.54694],[-77.42939,37.54631],[-77.42867,37.54537],[-77.42718,37.54169],[-77.42691,37.54056],[-77.42694,37.54006],[-77.42719,37.5392],[-77.42763,37.53852],[-77.42847,37.53755],[-77.42884,37.53772],[-77.43751,37.54289],[-77.44153,37.53864],[-77.4459,37.54125]]]}},{"type":"Feature","properties":{"zone":11,"zone_label":"Richmond pocket: multi-owner concentration","n_tracts":5,"rate_bin":3,"rate_bin_label":"1.75% \u2013 2.25%"},"geometry":{"type":"Polygon","coordinates":[[[-77.42719,37.5392],[-77.42694,37.54006],[-77.42691,37.54056],[-77.42718,37.54169],[-77.4258,37.54128],[-77.42439,37.54112],[-77.42171,37.54119],[-77.42109,37.5411],[-77.42003,37.54055],[-77.41827,37.53937],[-77.41788,37.53936],[-77.41714,37.53937],[-77.4124,37.53944],[-77.41173,37.53905],[-77.41063,37.54019],[-77.40609,37.53743],[-77.4051,37.53693],[-77.40921,37.53266],[-77.41102,37.53377],[-77.41097,37.53383],[-77.41185,37.53437],[-77.41238,37.5346],[-77.41647,37.53708],[-77.41674,37.53732],[-77.4182,37.5373],[-77.41879,37.53586],[-77.41997,37.53482],[-77.42148,37.53327],[-77.4188,37.53163],[-77.41699,37.53054],[-77.41865,37.52881],[-77.4187,37.52848],[-77.41925,37.52779],[-77.41896,37.52755],[-77.41845,37.52561],[-77.4186,37.5243],[-77.41815,37.52346],[-77.41932,37.52284],[-77.42021,37.52367],[-77.42488,37.52602],[-77.42761,37.5276],[-77.42955,37.52878],[-77.42961,37.52898],[-77.43149,37.52985],[-77.43368,37.53035],[-77.43552,37.53086],[-77.43909,37.53148],[-77.44084,37.53173],[-77.44263,37.53183],[-77.44544,37.53181],[-77.44955,37.53256],[-77.44927,37.53343],[-77.44912,37.53452],[-77.44913,37.53535],[-77.45036,37.53497],[-77.45169,37.53486],[-77.45352,37.53463],[-77.45293,37.53517],[-77.45302,37.53527],[-77.45292,37.53687],[-77.45297,37.537],[-77.45285,37.5405],[-77.45319,37.5405],[-77.45326,37.54102],[-77.45376,37.54102],[-77.45384,37.54184],[-77.4541,37.54184],[-77.45414,37.54296],[-77.45138,37.54292],[-77.45073,37.54288],[-77.44961,37.54268],[-77.44899,37.5425],[-77.44895,37.54307],[-77.44694,37.54185],[-77.4459,37.54125],[-77.44153,37.53864],[-77.43751,37.54289],[-77.42884,37.53772],[-77.42847,37.53755],[-77.42763,37.53852],[-77.42719,37.5392]]]}}]}